openml_id,lr_auc,lr_abs_diff_vs_frozen,tie_units,cpu_model,n_threads
3,0.9937486340341597,1.596500709410975e-13,8.137565274957126e-07,Intel(R) Xeon(R) Platinum 8358P CPU @ 2.60GHz,1
13,0.670734562481709,2.9098945475425353e-13,9.943109668952843e-09,Intel(R) Xeon(R) Platinum 8358P CPU @ 2.60GHz,1
15,0.9942017431009802,1.9761969838327786e-14,4.362573413629889e-09,Intel(R) Xeon(R) Platinum 8358P CPU @ 2.60GHz,1
24,1.0,0.0,0.0,Intel(R) Xeon(R) Platinum 8358P CPU @ 2.60GHz,1
25,0.8898009634888439,1.56097357262297e-13,9.85036763267999e-09,Intel(R) Xeon(R) Platinum 8358P CPU @ 2.60GHz,1
27,0.8653651115618661,1.3389289676979388e-13,8.449177357761073e-09,Intel(R) Xeon(R) Platinum 8358P CPU @ 2.60GHz,1
29,0.9296229833051258,1.2578826869003024e-13,2.958062084168489e-08,Intel(R) Xeon(R) Platinum 8358P CPU @ 2.60GHz,1
31,0.7850666666666667,3.33288951992472e-13,1.3998135983683824e-07,Intel(R) Xeon(R) Platinum 8358P CPU @ 2.60GHz,1
37,0.8280149253731343,1.3422596367718143e-13,3.597255826548462e-08,Intel(R) Xeon(R) Platinum 8358P CPU @ 2.60GHz,1
38,0.9509456936737366,2.6334490144108713e-13,4.3081698475333496e-07,Intel(R) Xeon(R) Platinum 8358P CPU @ 2.60GHz,1
40,0.8471254759914554,4.554134847012392e-13,9.806873979556485e-09,Intel(R) Xeon(R) Platinum 8358P CPU @ 2.60GHz,1
44,0.9703055249786138,3.8624659026709196e-13,3.9046780200280296e-06,Intel(R) Xeon(R) Platinum 8358P CPU @ 2.60GHz,1
49,0.9094861660079051,9.492406860545088e-14,4.322842084292233e-09,Intel(R) Xeon(R) Platinum 8358P CPU @ 2.60GHz,1
50,0.9906607259709765,2.3425705819590803e-14,9.737222583794392e-09,Intel(R) Xeon(R) Platinum 8358P CPU @ 2.60GHz,1
51,0.8944199116820554,5.540012892879531e-14,2.208027538586066e-09,Intel(R) Xeon(R) Platinum 8358P CPU @ 2.60GHz,1
53,0.8930555555555555,4.445332990599127e-13,1.6003198766156856e-08,Intel(R) Xeon(R) Platinum 8358P CPU @ 2.60GHz,1
56,0.98952202603888,1.2001510896197942e-13,1.0766795455197098e-08,Intel(R) Xeon(R) Platinum 8358P CPU @ 2.60GHz,1
59,0.8942857142857144,2.856603842360528e-13,1.6196943786184193e-08,Intel(R) Xeon(R) Platinum 8358P CPU @ 2.60GHz,1
333,0.7412918585994513,4.5130565951012613e-13,6.975741317916118e-08,Intel(R) Xeon(R) Platinum 8358P CPU @ 2.60GHz,1
334,0.5445618778419565,4.3520742565306136e-14,7.082565645077921e-09,Intel(R) Xeon(R) Platinum 8358P CPU @ 2.60GHz,1
335,0.9861959586466166,3.8347103270552907e-13,5.875389774701034e-08,Intel(R) Xeon(R) Platinum 8358P CPU @ 2.60GHz,1
336,0.8130360205831904,0.00017152658680963384,4.000000004400661,Intel(R) Xeon(R) Platinum 8358P CPU @ 2.60GHz,1
337,0.8825528387898881,1.1191048088221578e-13,5.4007998073757335e-09,Intel(R) Xeon(R) Platinum 8358P CPU @ 2.60GHz,1
446,1.0,0.0,0.0,Intel(R) Xeon(R) Platinum 8358P CPU @ 2.60GHz,1
451,0.9861948279214466,4.466427228067005e-13,5.513000456147665e-08,Intel(R) Xeon(R) Platinum 8358P CPU @ 2.60GHz,1
466,0.6203597795570345,3.452793606584237e-14,1.9923309668712363e-09,Intel(R) Xeon(R) Platinum 8358P CPU @ 2.60GHz,1
470,0.760871731505102,1.0202949596305189e-13,2.0477727957768366e-08,Intel(R) Xeon(R) Platinum 8358P CPU @ 2.60GHz,1
481,0.952139303482587,4.1300296516055823e-13,8.30135959972722e-09,Intel(R) Xeon(R) Platinum 8358P CPU @ 2.60GHz,1
715,0.7171399508006047,3.9535041906901824e-13,1.9510622251139864e-07,Intel(R) Xeon(R) Platinum 8358P CPU @ 2.60GHz,1
720,0.8724457652112352,2.3514523661560816e-13,2.0513016991685618e-06,Intel(R) Xeon(R) Platinum 8358P CPU @ 2.60GHz,1
721,0.9374436993293965,3.965716643961059e-13,7.924294997962988e-09,Intel(R) Xeon(R) Platinum 8358P CPU @ 2.60GHz,1
723,0.6832572611596063,3.936850845320805e-13,1.9510324156257755e-07,Intel(R) Xeon(R) Platinum 8358P CPU @ 2.60GHz,1
725,0.9891884062187495,2.504663143554353e-13,8.092413832372358e-06,Intel(R) Xeon(R) Platinum 8358P CPU @ 2.60GHz,1
728,0.9938283242263218,3.218536548388329e-13,1.9257476167044985e-06,Intel(R) Xeon(R) Platinum 8358P CPU @ 2.60GHz,1
730,0.739559946115851,1.48991929904696e-13,4.645270390568612e-09,Intel(R) Xeon(R) Platinum 8358P CPU @ 2.60GHz,1
732,0.8519375361480624,6.23945339839338e-14,1.9418426866479876e-09,Intel(R) Xeon(R) Platinum 8358P CPU @ 2.60GHz,1
733,0.9819094304388422,1.5787371410169726e-13,2.7053239648466842e-09,Intel(R) Xeon(R) Platinum 8358P CPU @ 2.60GHz,1
735,0.9678307974926632,3.368416656712725e-13,9.53669829106829e-06,Intel(R) Xeon(R) Platinum 8358P CPU @ 2.60GHz,1
737,0.9009239161513771,3.771427614651657e-13,1.8202463496486132e-06,Intel(R) Xeon(R) Platinum 8358P CPU @ 2.60GHz,1
740,0.7178449675324676,4.676259379721159e-13,2.3044606223265873e-07,Intel(R) Xeon(R) Platinum 8358P CPU @ 2.60GHz,1
743,0.7009240341566224,3.7758685067501574e-13,1.8739710916371166e-07,Intel(R) Xeon(R) Platinum 8358P CPU @ 2.60GHz,1
744,0.7564578046717418,2.581268532253489e-13,7.934303214440774e-09,Intel(R) Xeon(R) Platinum 8358P CPU @ 2.60GHz,1
746,0.6074766355140186,1.865174681370263e-14,5.707807559929278e-10,Intel(R) Xeon(R) Platinum 8358P CPU @ 2.60GHz,1
749,0.7222730262630153,1.5210055437364645e-14,1.8961159309327513e-09,Intel(R) Xeon(R) Platinum 8358P CPU @ 2.60GHz,1
751,0.7158076298701299,1.2989609388114332e-13,6.401279506462743e-08,Intel(R) Xeon(R) Platinum 8358P CPU @ 2.60GHz,1
752,0.6642838851629738,2.6201263381153694e-14,8.791148502496071e-07,Intel(R) Xeon(R) Platinum 8358P CPU @ 2.60GHz,1
757,0.8907641819034224,4.2243986086987206e-13,2.162554135765049e-08,Intel(R) Xeon(R) Platinum 8358P CPU @ 2.60GHz,1
761,0.9795880985203858,3.858025010572419e-13,1.0922882848207749e-05,Intel(R) Xeon(R) Platinum 8358P CPU @ 2.60GHz,1
763,0.8837119999999999,1.1102230246251565e-16,3.469446951953614e-12,Intel(R) Xeon(R) Platinum 8358P CPU @ 2.60GHz,1
766,0.6629835140162936,2.936539900133539e-13,3.662217640254539e-08,Intel(R) Xeon(R) Platinum 8358P CPU @ 2.60GHz,1
769,0.6953039209353401,3.4006131244268545e-13,1.0528978355850427e-08,Intel(R) Xeon(R) Platinum 8358P CPU @ 2.60GHz,1
770,0.7046594982078853,1.1468603844377867e-13,2.2398183308069974e-08,Intel(R) Xeon(R) Platinum 8358P CPU @ 2.60GHz,1
773,0.8625192012288786,1.2145839889399213e-13,3.795332048639466e-09,Intel(R) Xeon(R) Platinum 8358P CPU @ 2.60GHz,1
776,0.8768640000000001,1.1102230246251565e-16,3.469446951953614e-12,Intel(R) Xeon(R) Platinum 8358P CPU @ 2.60GHz,1
778,0.9962197580645161,4.838351941316432e-13,1.5358864402514882e-08,Intel(R) Xeon(R) Platinum 8358P CPU @ 2.60GHz,1
779,0.7132018453328188,1.8118839761882555e-13,2.2543822808529512e-08,Intel(R) Xeon(R) Platinum 8358P CPU @ 2.60GHz,1
786,0.9107299526232672,2.6711965972481266e-13,1.2178519526173659e-08,Intel(R) Xeon(R) Platinum 8358P CPU @ 2.60GHz,1
792,0.7678417170576118,3.8813396940895473e-13,4.672822484508287e-08,Intel(R) Xeon(R) Platinum 8358P CPU @ 2.60GHz,1
793,0.7192914653784218,4.2177372705509697e-13,1.3096074225060763e-08,Intel(R) Xeon(R) Platinum 8358P CPU @ 2.60GHz,1
794,0.7279797783394906,4.906075545818567e-13,1.5139167919286933e-08,Intel(R) Xeon(R) Platinum 8358P CPU @ 2.60GHz,1
796,0.9990324141267537,2.462474668618597e-13,4.071948112027712e-09,Intel(R) Xeon(R) Platinum 8358P CPU @ 2.60GHz,1
797,0.7075243506493507,3.5071945347908695e-13,1.7283454667449405e-07,Intel(R) Xeon(R) Platinum 8358P CPU @ 2.60GHz,1
798,0.6363116700378156,1.844080443902385e-13,8.387615491045608e-09,Intel(R) Xeon(R) Platinum 8358P CPU @ 2.60GHz,1
799,0.9186410710785589,4.410916076835747e-13,2.2053786419284904e-07,Intel(R) Xeon(R) Platinum 8358P CPU @ 2.60GHz,1
805,0.6752214946070878,8.781864124784988e-14,1.0942905248612078e-08,Intel(R) Xeon(R) Platinum 8358P CPU @ 2.60GHz,1
806,0.7124000404899281,7.194245199571014e-14,3.5535974163281026e-08,Intel(R) Xeon(R) Platinum 8358P CPU @ 2.60GHz,1
807,0.8139062100525446,4.554134847012392e-13,1.527641907728139e-05,Intel(R) Xeon(R) Platinum 8358P CPU @ 2.60GHz,1
810,0.7653792784458834,1.1657341758564144e-13,1.0081269152806271e-08,Intel(R) Xeon(R) Platinum 8358P CPU @ 2.60GHz,1
813,0.7145441021659872,1.27675647831893e-14,6.2824334623456934e-09,Intel(R) Xeon(R) Platinum 8358P CPU @ 2.60GHz,1
816,0.8553856697652938,2.9387603461827894e-13,9.860652988358256e-06,Intel(R) Xeon(R) Platinum 8358P CPU @ 2.60GHz,1
818,0.9984952978056427,3.5726976932437537e-13,1.7095358462171362e-08,Intel(R) Xeon(R) Platinum 8358P CPU @ 2.60GHz,1
824,0.7222886118467798,2.2015722578316854e-13,2.7266032098793858e-08,Intel(R) Xeon(R) Platinum 8358P CPU @ 2.60GHz,1
825,0.9470440032325024,4.976019596369952e-13,6.280632414146226e-08,Intel(R) Xeon(R) Platinum 8358P CPU @ 2.60GHz,1
826,0.6532907887712154,2.1538326677728037e-13,3.4695228912084985e-08,Intel(R) Xeon(R) Platinum 8358P CPU @ 2.60GHz,1
830,0.8281843942221301,1.3011813848606835e-13,3.765358691509846e-09,Intel(R) Xeon(R) Platinum 8358P CPU @ 2.60GHz,1
831,0.9801777170198223,1.7774670624248756e-13,1.4042345286569002e-08,Intel(R) Xeon(R) Platinum 8358P CPU @ 2.60GHz,1
832,0.7159245576511762,1.7619239400801234e-13,5.436944894299245e-09,Intel(R) Xeon(R) Platinum 8358P CPU @ 2.60GHz,1
833,0.8895894143479541,4.5852210917018965e-14,1.3173713433456413e-06,Intel(R) Xeon(R) Platinum 8358P CPU @ 2.60GHz,1
837,0.7056834186875229,4.770628336814298e-13,2.3642375324151035e-07,Intel(R) Xeon(R) Platinum 8358P CPU @ 2.60GHz,1
838,0.7164840897235263,4.737321646075543e-13,5.812125181137162e-08,Intel(R) Xeon(R) Platinum 8358P CPU @ 2.60GHz,1
840,0.9935808809006518,3.482769628249116e-13,7.05330505113011e-09,Intel(R) Xeon(R) Platinum 8358P CPU @ 2.60GHz,1
844,0.6179718875502009,2.0095036745715333e-13,8.005862639492989e-09,Intel(R) Xeon(R) Platinum 8358P CPU @ 2.60GHz,1
845,0.9078421408536366,3.6337599595981374e-13,1.8162913106856138e-07,Intel(R) Xeon(R) Platinum 8358P CPU @ 2.60GHz,1
849,0.9024604885775888,4.11226608321158e-13,2.056059020816292e-07,Intel(R) Xeon(R) Platinum 8358P CPU @ 2.60GHz,1
853,0.9300339922349493,5.0737192225369654e-14,6.298819466010741e-09,Intel(R) Xeon(R) Platinum 8358P CPU @ 2.60GHz,1
855,0.7121829710144929,4.929390229335695e-13,6.095092430769e-08,Intel(R) Xeon(R) Platinum 8358P CPU @ 2.60GHz,1
858,0.8944199116820554,5.540012892879531e-14,2.208027538586066e-09,Intel(R) Xeon(R) Platinum 8358P CPU @ 2.60GHz,1
863,0.6797121007647323,2.6767477123712524e-13,8.330574230441812e-09,Intel(R) Xeon(R) Platinum 8358P CPU @ 2.60GHz,1
866,0.7569879478452458,2.4580337765200966e-13,1.195961250033406e-07,Intel(R) Xeon(R) Platinum 8358P CPU @ 2.60GHz,1
869,0.7542317495588524,1.475486399726833e-13,1.8061133921776215e-08,Intel(R) Xeon(R) Platinum 8358P CPU @ 2.60GHz,1
870,0.7248075099258975,1.0247358517290195e-13,1.2749968414382806e-08,Intel(R) Xeon(R) Platinum 8358P CPU @ 2.60GHz,1
873,0.5951356285863328,3.3284486278262193e-13,1.020901763126858e-08,Intel(R) Xeon(R) Platinum 8358P CPU @ 2.60GHz,1
877,0.7232090950197015,2.984279490192421e-13,9.239926157533773e-09,Intel(R) Xeon(R) Platinum 8358P CPU @ 2.60GHz,1
879,0.6700120837808807,1.192379528447418e-13,1.4209348364602192e-08,Intel(R) Xeon(R) Platinum 8358P CPU @ 2.60GHz,1
880,0.9987105732989486,5.140332604014475e-14,2.0729933325469574e-09,Intel(R) Xeon(R) Platinum 8358P CPU @ 2.60GHz,1
884,0.9067985087761404,1.404432126150823e-13,1.7555120690460058e-08,Intel(R) Xeon(R) Platinum 8358P CPU @ 2.60GHz,1
888,0.8843013575819672,3.2862601528904634e-14,4.105459083802998e-09,Intel(R) Xeon(R) Platinum 8358P CPU @ 2.60GHz,1
896,0.7053409090909091,9.092726571680032e-14,1.12022391363098e-08,Intel(R) Xeon(R) Platinum 8358P CPU @ 2.60GHz,1
897,0.9992011989085408,4.592992652874273e-13,2.5989357066436014e-07,Intel(R) Xeon(R) Platinum 8358P CPU @ 2.60GHz,1
903,0.7609081782377017,2.9831692671677956e-13,1.4679042359411199e-07,Intel(R) Xeon(R) Platinum 8358P CPU @ 2.60GHz,1
904,0.8906922769107644,2.355893258254582e-13,1.17747545047564e-07,Intel(R) Xeon(R) Platinum 8358P CPU @ 2.60GHz,1
908,0.5274188701923077,3.077538224260934e-13,2.458091330481693e-08,Intel(R) Xeon(R) Platinum 8358P CPU @ 2.60GHz,1
910,0.7470516949703949,3.949063298591682e-13,1.942180922753778e-07,Intel(R) Xeon(R) Platinum 8358P CPU @ 2.60GHz,1
911,0.7680519480519481,5.1958437552457326e-14,1.6003198766156856e-09,Intel(R) Xeon(R) Platinum 8358P CPU @ 2.60GHz,1
912,0.7970396469968386,1.6142642778049776e-13,7.84351641414105e-08,Intel(R) Xeon(R) Platinum 8358P CPU @ 2.60GHz,1
913,0.780357142857143,1.4299672557172016e-13,6.966800469854206e-08,Intel(R) Xeon(R) Platinum 8358P CPU @ 2.60GHz,1
915,0.5867553499132446,2.44582132324922e-13,1.1840710190114123e-08,Intel(R) Xeon(R) Platinum 8358P CPU @ 2.60GHz,1
917,0.7187797518193995,3.994582442601313e-13,1.9803861484035679e-07,Intel(R) Xeon(R) Platinum 8358P CPU @ 2.60GHz,1
918,0.6019967793880837,8.37108160567368e-14,2.599220838561678e-09,Intel(R) Xeon(R) Platinum 8358P CPU @ 2.60GHz,1
920,0.7460934270359653,3.47499806707674e-14,4.203010162129317e-09,Intel(R) Xeon(R) Platinum 8358P CPU @ 2.60GHz,1
926,0.8718047218887555,2.44582132324922e-13,3.0560537433999e-08,Intel(R) Xeon(R) Platinum 8358P CPU @ 2.60GHz,1
930,0.8115010226497992,2.0083934515469082e-13,1.6968193250477273e-07,Intel(R) Xeon(R) Platinum 8358P CPU @ 2.60GHz,1
933,0.6193240454076367,3.632649736573512e-13,1.1264120303167148e-08,Intel(R) Xeon(R) Platinum 8358P CPU @ 2.60GHz,1
934,0.9815147569444445,4.4442227675745016e-13,2.0478978512983304e-07,Intel(R) Xeon(R) Platinum 8358P CPU @ 2.60GHz,1
935,0.7373376623376623,3.377298440909726e-13,1.0402079198001957e-08,Intel(R) Xeon(R) Platinum 8358P CPU @ 2.60GHz,1
936,0.7070110939112487,2.4868995751603507e-13,3.084551281062886e-08,Intel(R) Xeon(R) Platinum 8358P CPU @ 2.60GHz,1
937,0.6670570629188628,1.3722356584366935e-13,1.6871911867610834e-08,Intel(R) Xeon(R) Platinum 8358P CPU @ 2.60GHz,1
939,0.9878339878339878,1.2212453270876722e-14,3.17206261257752e-10,Intel(R) Xeon(R) Platinum 8358P CPU @ 2.60GHz,1
943,0.9122703023117961,2.0394796962364126e-13,2.546045663187613e-08,Intel(R) Xeon(R) Platinum 8358P CPU @ 2.60GHz,1
957,0.6617489629332263,2.262634524186069e-13,1.3526934239393995e-08,Intel(R) Xeon(R) Platinum 8358P CPU @ 2.60GHz,1
958,0.9989363330272422,2.4213964167074664e-13,3.164280837353317e-07,Intel(R) Xeon(R) Platinum 8358P CPU @ 2.60GHz,1
961,0.838171115396326,3.260725023324085e-13,1.2851169461924883e-08,Intel(R) Xeon(R) Platinum 8358P CPU @ 2.60GHz,1
962,0.9946222222222222,2.2215562722749382e-13,1.5995205160379555e-07,Intel(R) Xeon(R) Platinum 8358P CPU @ 2.60GHz,1
966,0.9659390946502058,2.057243264630415e-13,6.248876416314886e-08,Intel(R) Xeon(R) Platinum 8358P CPU @ 2.60GHz,1
967,0.9496995441359304,6.961098364399732e-14,5.375081713054897e-09,Intel(R) Xeon(R) Platinum 8358P CPU @ 2.60GHz,1
975,0.8985507246376813,3.1874503036988244e-13,5.894233101599866e-09,Intel(R) Xeon(R) Platinum 8358P CPU @ 2.60GHz,1
979,0.9271405947613208,3.2085445411667024e-13,3.591732031793526e-06,Intel(R) Xeon(R) Platinum 8358P CPU @ 2.60GHz,1
983,0.6980208184208742,1.2589929099249275e-13,1.3367382400986116e-07,Intel(R) Xeon(R) Platinum 8358P CPU @ 2.60GHz,1
986,0.5773005063733194,3.1941116418465754e-13,1.8292677372855337e-08,Intel(R) Xeon(R) Platinum 8358P CPU @ 2.60GHz,1
987,0.9999702380952381,2.381428387820961e-13,1.6003198766156856e-08,Intel(R) Xeon(R) Platinum 8358P CPU @ 2.60GHz,1
989,0.8020269716346942,3.0586644328423063e-13,8.954301300434508e-08,Intel(R) Xeon(R) Platinum 8358P CPU @ 2.60GHz,1
990,0.8313281054176962,3.0375701953744283e-13,6.786417827697733e-08,Intel(R) Xeon(R) Platinum 8358P CPU @ 2.60GHz,1
991,0.9907670953125498,4.50195436485501e-13,5.643469913607646e-07,Intel(R) Xeon(R) Platinum 8358P CPU @ 2.60GHz,1
993,0.9809165000500939,5.140066906106355e-06,118.000001956793,Intel(R) Xeon(R) Platinum 8358P CPU @ 2.60GHz,1
994,0.9840179980132063,2.0627943797535409e-13,5.648096035315575e-08,Intel(R) Xeon(R) Platinum 8358P CPU @ 2.60GHz,1
995,0.9970027777777778,2.2215562722749382e-13,1.5995205160379555e-07,Intel(R) Xeon(R) Platinum 8358P CPU @ 2.60GHz,1
996,0.6637109077040426,4.263256414560601e-14,8.942606655182317e-10,Intel(R) Xeon(R) Platinum 8358P CPU @ 2.60GHz,1
999,0.9897228277795079,4.920508445138694e-13,9.479851570404207e-09,Intel(R) Xeon(R) Platinum 8358P CPU @ 2.60GHz,1
1000,0.9847127903957764,7.4039632236289066e-06,15.000000061205192,Intel(R) Xeon(R) Platinum 8358P CPU @ 2.60GHz,1
1002,0.8509556456958834,2.6817985883442752e-05,284.00000325095743,Intel(R) Xeon(R) Platinum 8358P CPU @ 2.60GHz,1
1003,0.8589169000933707,3.7070346792233977e-13,1.5880936565793036e-08,Intel(R) Xeon(R) Platinum 8358P CPU @ 2.60GHz,1
1005,0.673340961098398,3.980149543281186e-13,8.348761681986616e-09,Intel(R) Xeon(R) Platinum 8358P CPU @ 2.60GHz,1
1010,0.999964848143982,1.7985612998927536e-14,1.023309437186981e-09,Intel(R) Xeon(R) Platinum 8358P CPU @ 2.60GHz,1
1011,0.9889851081560926,9.259260025373806e-14,5.110926348805833e-09,Intel(R) Xeon(R) Platinum 8358P CPU @ 2.60GHz,1
1016,0.9961111111111111,1.1102230246251565e-13,1.7985612998927536e-08,Intel(R) Xeon(R) Platinum 8358P CPU @ 2.60GHz,1
1018,0.8861762588581269,6.381931269006103e-07,5.999995657508656,Intel(R) Xeon(R) Platinum 8358P CPU @ 2.60GHz,1
1021,0.9388502805966676,1.817333323828052e-07,0.9999985654363286,Intel(R) Xeon(R) Platinum 8358P CPU @ 2.60GHz,1
1023,0.9949974251452953,2.9531932455029164e-13,3.2114204628896914e-08,Intel(R) Xeon(R) Platinum 8358P CPU @ 2.60GHz,1
1024,0.9999075669965528,4.4719783431901305e-13,1.286928039689883e-06,Intel(R) Xeon(R) Platinum 8358P CPU @ 2.60GHz,1
1025,0.957921146953405,4.050093593832571e-13,2.2599522253585747e-08,Intel(R) Xeon(R) Platinum 8358P CPU @ 2.60GHz,1
1037,0.894681875779085,8.493206138382448e-14,6.595416213173166e-07,Intel(R) Xeon(R) Platinum 8358P CPU @ 2.60GHz,1
1048,0.6660724896019014,9.869882688917642e-14,6.644405026179356e-09,Intel(R) Xeon(R) Platinum 8358P CPU @ 2.60GHz,1
1049,0.9037745786516854,3.1452618287630685e-13,1.433232910130755e-07,Intel(R) Xeon(R) Platinum 8358P CPU @ 2.60GHz,1
1050,0.8112571275837491,2.509104035652854e-13,1.1264873478467051e-07,Intel(R) Xeon(R) Platinum 8358P CPU @ 2.60GHz,1
1063,0.8288368426978945,1.1259993105472432e-05,0.9999999876970067,Intel(R) Xeon(R) Platinum 8358P CPU @ 2.60GHz,1
1065,0.816727374614738,2.6201263381153694e-13,9.351230900733754e-09,Intel(R) Xeon(R) Platinum 8358P CPU @ 2.60GHz,1
1067,0.7991554524840949,9.492406860545088e-14,1.1035074853893434e-07,Intel(R) Xeon(R) Platinum 8358P CPU @ 2.60GHz,1
1068,0.8283625289439244,7.560618797697316e-14,1.201594024280439e-08,Intel(R) Xeon(R) Platinum 8358P CPU @ 2.60GHz,1
1071,0.7635709330558444,1.5554224574998443e-13,3.587426355977641e-09,Intel(R) Xeon(R) Platinum 8358P CPU @ 2.60GHz,1
1073,0.7913113006396588,3.411715354673106e-13,1.2800756010733494e-08,Intel(R) Xeon(R) Platinum 8358P CPU @ 2.60GHz,1
1121,1.0,0.0,0.0,Intel(R) Xeon(R) Platinum 8358P CPU @ 2.60GHz,1
1167,0.6189065859330437,4.374278717023117e-14,1.993883724793477e-09,Intel(R) Xeon(R) Platinum 8358P CPU @ 2.60GHz,1
1412,0.818399401645475,4.74953409934642e-13,6.350127090826163e-09,Intel(R) Xeon(R) Platinum 8358P CPU @ 2.60GHz,1
1442,0.6686332350049166,8.348877145181177e-14,1.0188969667979109e-09,Intel(R) Xeon(R) Platinum 8358P CPU @ 2.60GHz,1
1443,0.8419224453707213,2.787770014833768e-13,1.7656620165951153e-08,Intel(R) Xeon(R) Platinum 8358P CPU @ 2.60GHz,1
1444,0.8132328164219648,3.519406988061746e-14,8.188393074703981e-09,Intel(R) Xeon(R) Platinum 8358P CPU @ 2.60GHz,1
1446,0.7466340269277845,2.1549428907974288e-13,4.2254120202755985e-09,Intel(R) Xeon(R) Platinum 8358P CPU @ 2.60GHz,1
1447,0.7265664160401003,1.0025313912365164e-13,2.40006015062022e-09,Intel(R) Xeon(R) Platinum 8358P CPU @ 2.60GHz,1
1449,0.6686332350049166,8.348877145181177e-14,1.0188969667979109e-09,Intel(R) Xeon(R) Platinum 8358P CPU @ 2.60GHz,1
1451,0.8463242032379594,4.0523140398818214e-14,3.1838220948543494e-09,Intel(R) Xeon(R) Platinum 8358P CPU @ 2.60GHz,1
1453,0.8245675123850524,5.240252676230739e-14,1.3243376173477373e-08,Intel(R) Xeon(R) Platinum 8358P CPU @ 2.60GHz,1
1467,0.8384967435310685,6.850076061937216e-14,3.113222568629226e-09,Intel(R) Xeon(R) Platinum 8358P CPU @ 2.60GHz,1
1480,0.7512091202210962,9.625633623500107e-14,1.3374240381835989e-08,Intel(R) Xeon(R) Platinum 8358P CPU @ 2.60GHz,1
1489,0.8112376035200619,6.195044477408373e-14,7.502630037237168e-07,Intel(R) Xeon(R) Platinum 8358P CPU @ 2.60GHz,1
1494,0.9274445033836459,3.540501225529624e-13,1.7620649739313876e-07,Intel(R) Xeon(R) Platinum 8358P CPU @ 2.60GHz,1
1495,0.9999346447944579,4.579669976578771e-13,1.4014706062326353e-08,Intel(R) Xeon(R) Platinum 8358P CPU @ 2.60GHz,1
1496,0.8138628024975921,4.078959392472825e-13,1.1167133550316066e-05,Intel(R) Xeon(R) Platinum 8358P CPU @ 2.60GHz,1
1498,0.7716887417218543,1.4566126083082054e-13,1.4076704246690497e-08,Intel(R) Xeon(R) Platinum 8358P CPU @ 2.60GHz,1
1504,0.999211356466877,1.2301271112846734e-13,2.099492384388668e-07,Intel(R) Xeon(R) Platinum 8358P CPU @ 2.60GHz,1
1506,0.6535714285714287,4.2865710980777294e-13,2.400479814923528e-08,Intel(R) Xeon(R) Platinum 8358P CPU @ 2.60GHz,1
1507,0.9977801300234603,4.602984660095899e-13,1.2602963713970183e-05,Intel(R) Xeon(R) Platinum 8358P CPU @ 2.60GHz,1
1510,0.9946884414143015,3.0142555118573e-13,4.562618283188158e-08,Intel(R) Xeon(R) Platinum 8358P CPU @ 2.60GHz,1
1511,0.9526420266565838,4.162226119319712e-13,3.5225752093026585e-08,Intel(R) Xeon(R) Platinum 8358P CPU @ 2.60GHz,1
1524,0.9308571428571428,1.4277468096679513e-13,5.9965366006053955e-09,Intel(R) Xeon(R) Platinum 8358P CPU @ 2.60GHz,1
1547,0.6706735654104075,4.0745185003743245e-13,1.56395503214668e-07,Intel(R) Xeon(R) Platinum 8358P CPU @ 2.60GHz,1
1558,0.8871521113243763,3.7636560534792807e-13,1.5686918430901642e-06,Intel(R) Xeon(R) Platinum 8358P CPU @ 2.60GHz,1
1600,0.8289022298456261,3.739231146937527e-13,8.719887034658313e-09,Intel(R) Xeon(R) Platinum 8358P CPU @ 2.60GHz,1
4329,0.6535714285714287,4.2865710980777294e-13,2.400479814923528e-08,Intel(R) Xeon(R) Platinum 8358P CPU @ 2.60GHz,1
6332,0.8242240215924428,4.4275694222051243e-13,6.299191568359674e-08,Intel(R) Xeon(R) Platinum 8358P CPU @ 2.60GHz,1
23381,0.6454269293924466,4.466427228067005e-13,5.440108363785612e-08,Intel(R) Xeon(R) Platinum 8358P CPU @ 2.60GHz,1
23499,0.7038926681783825,3.8247183198336643e-13,1.214424560913585e-08,Intel(R) Xeon(R) Platinum 8358P CPU @ 2.60GHz,1
40648,0.5228421875,0.0,0.0,Intel(R) Xeon(R) Platinum 8358P CPU @ 2.60GHz,1
40680,1.0,0.0,0.0,Intel(R) Xeon(R) Platinum 8358P CPU @ 2.60GHz,1
40690,0.9006011163589523,4.7628567756419216e-14,6.21190832106322e-09,Intel(R) Xeon(R) Platinum 8358P CPU @ 2.60GHz,1
40693,0.8542090047800326,3.26405569239796e-14,1.3684357647036906e-08,Intel(R) Xeon(R) Platinum 8358P CPU @ 2.60GHz,1
40701,0.8605258848736026,3.9734882051334353e-13,2.4120273398597902e-06,Intel(R) Xeon(R) Platinum 8358P CPU @ 2.60GHz,1
40702,0.7467896922082442,3.1077522442135574e-06,1.0000000861340617,Intel(R) Xeon(R) Platinum 8358P CPU @ 2.60GHz,1
40705,0.969358504087733,2.6689761511988763e-13,1.1321690074339587e-07,Intel(R) Xeon(R) Platinum 8358P CPU @ 2.60GHz,1
40710,0.9174352217830479,4.796163466380676e-14,2.18417284258976e-09,Intel(R) Xeon(R) Platinum 8358P CPU @ 2.60GHz,1
40945,0.8390247218788628,1.3722356584366935e-13,1.110138647675285e-07,Intel(R) Xeon(R) Platinum 8358P CPU @ 2.60GHz,1
40981,0.9294273734702034,2.0339285811132868e-13,4.7830271299176275e-08,Intel(R) Xeon(R) Platinum 8358P CPU @ 2.60GHz,1
40983,0.9768884670814441,4.440892098500626e-13,1.0612470902060522e-06,Intel(R) Xeon(R) Platinum 8358P CPU @ 2.60GHz,1
40999,0.9922330881165294,4.705125178361413e-13,1.2817325600877894e-06,Intel(R) Xeon(R) Platinum 8358P CPU @ 2.60GHz,1
41005,0.9951999151071392,1.3922196728799463e-13,9.183846683136211e-07,Intel(R) Xeon(R) Platinum 8358P CPU @ 2.60GHz,1
41007,0.9945547963982042,2.041700142285663e-13,5.436831058691638e-07,Intel(R) Xeon(R) Platinum 8358P CPU @ 2.60GHz,1
41146,0.965183968418506,4.940492459581947e-13,6.48572435757444e-06,Intel(R) Xeon(R) Platinum 8358P CPU @ 2.60GHz,1
41156,0.9048981087899285,7.149836278586008e-14,4.5879384025226955e-07,Intel(R) Xeon(R) Platinum 8358P CPU @ 2.60GHz,1
41430,0.9830724830724831,4.830580380144056e-13,1.740747945788712e-08,Intel(R) Xeon(R) Platinum 8358P CPU @ 2.60GHz,1
41538,0.6069767441860465,4.651834473179406e-14,6.200895352748148e-10,Intel(R) Xeon(R) Platinum 8358P CPU @ 2.60GHz,1
41945,0.7511803316444036,4.035660694512444e-13,5.60730839538337e-08,Intel(R) Xeon(R) Platinum 8358P CPU @ 2.60GHz,1
41946,0.9405027806609281,7.194245199571014e-14,1.1769367880276604e-07,Intel(R) Xeon(R) Platinum 8358P CPU @ 2.60GHz,1
42172,0.9559157703378276,1.724176357242868e-13,2.2762576268320345e-09,Intel(R) Xeon(R) Platinum 8358P CPU @ 2.60GHz,1
42192,0.7281966747766746,3.254063685176334e-13,4.516630632833696e-06,Intel(R) Xeon(R) Platinum 8358P CPU @ 2.60GHz,1
42638,0.852120815091767,2.3303581286882036e-13,8.750867630524795e-08,Intel(R) Xeon(R) Platinum 8358P CPU @ 2.60GHz,1
43255,0.9664485172783928,3.927969061123804e-13,1.9614392066102937e-07,Intel(R) Xeon(R) Platinum 8358P CPU @ 2.60GHz,1
43595,0.6969416469194313,4.313216450668733e-13,6.989480993979669e-08,Intel(R) Xeon(R) Platinum 8358P CPU @ 2.60GHz,1
43892,0.9996850332499251,7.494005416219807e-14,8.48458553415199e-07,Intel(R) Xeon(R) Platinum 8358P CPU @ 2.60GHz,1
43893,0.7463939963246994,3.006483950684924e-13,1.7571154931061983e-07,Intel(R) Xeon(R) Platinum 8358P CPU @ 2.60GHz,1
43895,0.9999288620777964,2.036149027162537e-13,1.1449021641851687e-07,Intel(R) Xeon(R) Platinum 8358P CPU @ 2.60GHz,1
43946,0.5976468126417375,2.625677453238495e-13,7.598929006036314e-06,Intel(R) Xeon(R) Platinum 8358P CPU @ 2.60GHz,1
43947,0.8400840345161397,1.2637719139618753e-05,159.9999948197729,Intel(R) Xeon(R) Platinum 8358P CPU @ 2.60GHz,1
43949,0.6662941026440332,3.319566843629218e-14,4.0998144323900476e-07,Intel(R) Xeon(R) Platinum 8358P CPU @ 2.60GHz,1
43958,0.895352182754937,1.4861393704546089e-07,1.9999976193864615,Intel(R) Xeon(R) Platinum 8358P CPU @ 2.60GHz,1
43973,0.8096935830382176,2.1760371282653068e-13,1.094719017658008e-06,Intel(R) Xeon(R) Platinum 8358P CPU @ 2.60GHz,1
43976,0.5865964046921663,6.910651663138978e-07,20.000000879342576,Intel(R) Xeon(R) Platinum 8358P CPU @ 2.60GHz,1
43980,0.8117112040075327,4.672928710647284e-13,1.524056072677027e-06,Intel(R) Xeon(R) Platinum 8358P CPU @ 2.60GHz,1
44095,0.9703055249786138,3.8624659026709196e-13,3.9046780200280296e-06,Intel(R) Xeon(R) Platinum 8358P CPU @ 2.60GHz,1
44097,0.7850666666666667,3.33288951992472e-13,1.3998135983683824e-07,Intel(R) Xeon(R) Platinum 8358P CPU @ 2.60GHz,1
44098,0.7850666666666667,3.33288951992472e-13,1.3998135983683824e-07,Intel(R) Xeon(R) Platinum 8358P CPU @ 2.60GHz,1
44149,0.8977184042602029,2.028377465990161e-13,8.836829268332735e-09,Intel(R) Xeon(R) Platinum 8358P CPU @ 2.60GHz,1
44155,0.9296229833051258,1.2578826869003024e-13,2.958062084168489e-08,Intel(R) Xeon(R) Platinum 8358P CPU @ 2.60GHz,1
44186,0.833493913079456,1.5211245596447043e-07,2.0000037766124024,Intel(R) Xeon(R) Platinum 8358P CPU @ 2.60GHz,1
44227,0.7839769999999999,1.1102230246251565e-16,2.220446049250313e-10,Intel(R) Xeon(R) Platinum 8358P CPU @ 2.60GHz,1
44232,0.7556311067523883,3.8835601401387976e-13,1.0691829421816124e-06,Intel(R) Xeon(R) Platinum 8358P CPU @ 2.60GHz,1
44345,0.7276300000000001,1.1102230246251565e-16,2.220446049250313e-10,Intel(R) Xeon(R) Platinum 8358P CPU @ 2.60GHz,1
44347,0.7276300000000001,1.1102230246251565e-16,2.220446049250313e-10,Intel(R) Xeon(R) Platinum 8358P CPU @ 2.60GHz,1
44349,0.8136915,0.0,0.0,Intel(R) Xeon(R) Platinum 8358P CPU @ 2.60GHz,1
44350,0.810615,0.0,0.0,Intel(R) Xeon(R) Platinum 8358P CPU @ 2.60GHz,1
44351,0.7620480000000001,1.1102230246251565e-16,2.220446049250313e-10,Intel(R) Xeon(R) Platinum 8358P CPU @ 2.60GHz,1
44352,0.7661004999999999,1.1102230246251565e-16,2.220446049250313e-10,Intel(R) Xeon(R) Platinum 8358P CPU @ 2.60GHz,1
44362,0.921158,0.0,0.0,Intel(R) Xeon(R) Platinum 8358P CPU @ 2.60GHz,1
44363,0.9208749999999998,2.220446049250313e-16,4.440892098500626e-10,Intel(R) Xeon(R) Platinum 8358P CPU @ 2.60GHz,1
44364,0.90419,0.0,0.0,Intel(R) Xeon(R) Platinum 8358P CPU @ 2.60GHz,1
44365,0.904103,0.0,0.0,Intel(R) Xeon(R) Platinum 8358P CPU @ 2.60GHz,1
44366,0.9023430000000001,1.1102230246251565e-16,2.220446049250313e-10,Intel(R) Xeon(R) Platinum 8358P CPU @ 2.60GHz,1
44367,0.803696,0.0,0.0,Intel(R) Xeon(R) Platinum 8358P CPU @ 2.60GHz,1
44368,0.807167,0.0,0.0,Intel(R) Xeon(R) Platinum 8358P CPU @ 2.60GHz,1
44369,0.808542,0.0,0.0,Intel(R) Xeon(R) Platinum 8358P CPU @ 2.60GHz,1
44370,0.8096129999999999,1.1102230246251565e-16,2.220446049250313e-10,Intel(R) Xeon(R) Platinum 8358P CPU @ 2.60GHz,1
44371,0.8128500000000001,1.1102230246251565e-16,2.220446049250313e-10,Intel(R) Xeon(R) Platinum 8358P CPU @ 2.60GHz,1
44377,0.643927,0.0,0.0,Intel(R) Xeon(R) Platinum 8358P CPU @ 2.60GHz,1
44378,0.646668,0.0,0.0,Intel(R) Xeon(R) Platinum 8358P CPU @ 2.60GHz,1
44379,0.664642,0.0,0.0,Intel(R) Xeon(R) Platinum 8358P CPU @ 2.60GHz,1
44380,0.6826490000000001,1.1102230246251565e-16,2.220446049250313e-10,Intel(R) Xeon(R) Platinum 8358P CPU @ 2.60GHz,1
44381,0.647755,0.0,0.0,Intel(R) Xeon(R) Platinum 8358P CPU @ 2.60GHz,1
44382,0.9478390000000001,1.1102230246251565e-16,2.220446049250313e-10,Intel(R) Xeon(R) Platinum 8358P CPU @ 2.60GHz,1
44383,0.9387220000000001,1.1102230246251565e-16,2.220446049250313e-10,Intel(R) Xeon(R) Platinum 8358P CPU @ 2.60GHz,1
44384,0.9308059999999998,2.220446049250313e-16,4.440892098500626e-10,Intel(R) Xeon(R) Platinum 8358P CPU @ 2.60GHz,1
44385,0.9334169999999999,1.1102230246251565e-16,2.220446049250313e-10,Intel(R) Xeon(R) Platinum 8358P CPU @ 2.60GHz,1
44386,0.9396540000000001,1.1102230246251565e-16,2.220446049250313e-10,Intel(R) Xeon(R) Platinum 8358P CPU @ 2.60GHz,1
44387,0.8898809999999999,1.1102230246251565e-16,2.220446049250313e-10,Intel(R) Xeon(R) Platinum 8358P CPU @ 2.60GHz,1
44388,0.881882,0.0,0.0,Intel(R) Xeon(R) Platinum 8358P CPU @ 2.60GHz,1
44389,0.875476,0.0,0.0,Intel(R) Xeon(R) Platinum 8358P CPU @ 2.60GHz,1
44390,0.8969,0.0,0.0,Intel(R) Xeon(R) Platinum 8358P CPU @ 2.60GHz,1
44391,0.889391,0.0,0.0,Intel(R) Xeon(R) Platinum 8358P CPU @ 2.60GHz,1
44392,0.889013,0.0,0.0,Intel(R) Xeon(R) Platinum 8358P CPU @ 2.60GHz,1
44393,0.890092,0.0,0.0,Intel(R) Xeon(R) Platinum 8358P CPU @ 2.60GHz,1
44394,0.898388,0.0,0.0,Intel(R) Xeon(R) Platinum 8358P CPU @ 2.60GHz,1
44395,0.901446,0.0,0.0,Intel(R) Xeon(R) Platinum 8358P CPU @ 2.60GHz,1
44396,0.90097,0.0,0.0,Intel(R) Xeon(R) Platinum 8358P CPU @ 2.60GHz,1
44397,0.8331519999999999,1.1102230246251565e-16,2.220446049250313e-10,Intel(R) Xeon(R) Platinum 8358P CPU @ 2.60GHz,1
44398,0.842785,0.0,0.0,Intel(R) Xeon(R) Platinum 8358P CPU @ 2.60GHz,1
44399,0.821834,0.0,0.0,Intel(R) Xeon(R) Platinum 8358P CPU @ 2.60GHz,1
44400,0.8285239999999999,1.1102230246251565e-16,2.220446049250313e-10,Intel(R) Xeon(R) Platinum 8358P CPU @ 2.60GHz,1
44401,0.828465,0.0,0.0,Intel(R) Xeon(R) Platinum 8358P CPU @ 2.60GHz,1
44402,0.8280120000000001,1.1102230246251565e-16,2.220446049250313e-10,Intel(R) Xeon(R) Platinum 8358P CPU @ 2.60GHz,1
44403,0.8330230000000001,1.1102230246251565e-16,2.220446049250313e-10,Intel(R) Xeon(R) Platinum 8358P CPU @ 2.60GHz,1
44404,0.83076,0.0,0.0,Intel(R) Xeon(R) Platinum 8358P CPU @ 2.60GHz,1
44405,0.80898,0.0,0.0,Intel(R) Xeon(R) Platinum 8358P CPU @ 2.60GHz,1
44406,0.822596,0.0,0.0,Intel(R) Xeon(R) Platinum 8358P CPU @ 2.60GHz,1
44407,0.810263,0.0,0.0,Intel(R) Xeon(R) Platinum 8358P CPU @ 2.60GHz,1
44408,0.800331,0.0,0.0,Intel(R) Xeon(R) Platinum 8358P CPU @ 2.60GHz,1
44409,0.799388,0.0,0.0,Intel(R) Xeon(R) Platinum 8358P CPU @ 2.60GHz,1
44410,0.807143,0.0,0.0,Intel(R) Xeon(R) Platinum 8358P CPU @ 2.60GHz,1
44411,0.8110809999999999,1.1102230246251565e-16,2.220446049250313e-10,Intel(R) Xeon(R) Platinum 8358P CPU @ 2.60GHz,1
44412,0.922358,0.0,0.0,Intel(R) Xeon(R) Platinum 8358P CPU @ 2.60GHz,1
44413,0.905894,5.999999999950489e-06,11.999999999900979,Intel(R) Xeon(R) Platinum 8358P CPU @ 2.60GHz,1
44414,0.9223319999999999,1.1102230246251565e-16,2.220446049250313e-10,Intel(R) Xeon(R) Platinum 8358P CPU @ 2.60GHz,1
44415,0.9121360000000001,1.1102230246251565e-16,2.220446049250313e-10,Intel(R) Xeon(R) Platinum 8358P CPU @ 2.60GHz,1
44416,0.902448,0.0,0.0,Intel(R) Xeon(R) Platinum 8358P CPU @ 2.60GHz,1
44417,0.685081,0.0,0.0,Intel(R) Xeon(R) Platinum 8358P CPU @ 2.60GHz,1
44418,0.676172,0.0,0.0,Intel(R) Xeon(R) Platinum 8358P CPU @ 2.60GHz,1
44419,0.658763,0.0,0.0,Intel(R) Xeon(R) Platinum 8358P CPU @ 2.60GHz,1
44420,0.665945,0.0,0.0,Intel(R) Xeon(R) Platinum 8358P CPU @ 2.60GHz,1
44421,0.665495,0.0,0.0,Intel(R) Xeon(R) Platinum 8358P CPU @ 2.60GHz,1
44423,0.568138,0.0,0.0,Intel(R) Xeon(R) Platinum 8358P CPU @ 2.60GHz,1
44424,0.57678,0.0,0.0,Intel(R) Xeon(R) Platinum 8358P CPU @ 2.60GHz,1
44425,0.553053,0.0,0.0,Intel(R) Xeon(R) Platinum 8358P CPU @ 2.60GHz,1
44426,0.571528,0.0,0.0,Intel(R) Xeon(R) Platinum 8358P CPU @ 2.60GHz,1
44427,0.5740500000000001,1.1102230246251565e-16,2.220446049250313e-10,Intel(R) Xeon(R) Platinum 8358P CPU @ 2.60GHz,1
44428,0.8079720000000001,1.1102230246251565e-16,2.220446049250313e-10,Intel(R) Xeon(R) Platinum 8358P CPU @ 2.60GHz,1
44429,0.803725,0.0,0.0,Intel(R) Xeon(R) Platinum 8358P CPU @ 2.60GHz,1
44430,0.7949339999999999,1.1102230246251565e-16,2.220446049250313e-10,Intel(R) Xeon(R) Platinum 8358P CPU @ 2.60GHz,1
44431,0.7932980000000001,1.1102230246251565e-16,2.220446049250313e-10,Intel(R) Xeon(R) Platinum 8358P CPU @ 2.60GHz,1
44432,0.7941619999999999,1.1102230246251565e-16,2.220446049250313e-10,Intel(R) Xeon(R) Platinum 8358P CPU @ 2.60GHz,1
44438,0.5785480000000001,1.1102230246251565e-16,2.220446049250313e-10,Intel(R) Xeon(R) Platinum 8358P CPU @ 2.60GHz,1
44439,0.605366,0.0,0.0,Intel(R) Xeon(R) Platinum 8358P CPU @ 2.60GHz,1
44440,0.565338,0.0,0.0,Intel(R) Xeon(R) Platinum 8358P CPU @ 2.60GHz,1
44441,0.599833,0.0,0.0,Intel(R) Xeon(R) Platinum 8358P CPU @ 2.60GHz,1
44442,0.5798300000000001,1.1102230246251565e-16,2.220446049250313e-10,Intel(R) Xeon(R) Platinum 8358P CPU @ 2.60GHz,1
44443,0.8558929999999999,1.1102230246251565e-16,2.220446049250313e-10,Intel(R) Xeon(R) Platinum 8358P CPU @ 2.60GHz,1
44444,0.853793,1.0000000000287557e-06,2.0000000000575113,Intel(R) Xeon(R) Platinum 8358P CPU @ 2.60GHz,1
44445,0.855438,0.0,0.0,Intel(R) Xeon(R) Platinum 8358P CPU @ 2.60GHz,1
44446,0.8345049999999999,1.1102230246251565e-16,2.220446049250313e-10,Intel(R) Xeon(R) Platinum 8358P CPU @ 2.60GHz,1
44447,0.849576,6.999999999979245e-06,13.99999999995849,Intel(R) Xeon(R) Platinum 8358P CPU @ 2.60GHz,1
44448,0.6611180000000001,1.1102230246251565e-16,2.220446049250313e-10,Intel(R) Xeon(R) Platinum 8358P CPU @ 2.60GHz,1
44449,0.662668,0.0,0.0,Intel(R) Xeon(R) Platinum 8358P CPU @ 2.60GHz,1
44450,0.664042,0.0,0.0,Intel(R) Xeon(R) Platinum 8358P CPU @ 2.60GHz,1
44451,0.657907,0.0,0.0,Intel(R) Xeon(R) Platinum 8358P CPU @ 2.60GHz,1
44452,0.651178,0.0,0.0,Intel(R) Xeon(R) Platinum 8358P CPU @ 2.60GHz,1
44453,0.737779,0.0,0.0,Intel(R) Xeon(R) Platinum 8358P CPU @ 2.60GHz,1
44454,0.743252,0.0,0.0,Intel(R) Xeon(R) Platinum 8358P CPU @ 2.60GHz,1
44455,0.742696,0.0,0.0,Intel(R) Xeon(R) Platinum 8358P CPU @ 2.60GHz,1
44456,0.7165619999999999,1.1102230246251565e-16,2.220446049250313e-10,Intel(R) Xeon(R) Platinum 8358P CPU @ 2.60GHz,1
44457,0.742304,0.0,0.0,Intel(R) Xeon(R) Platinum 8358P CPU @ 2.60GHz,1
44458,0.7623960000000001,1.1102230246251565e-16,2.220446049250313e-10,Intel(R) Xeon(R) Platinum 8358P CPU @ 2.60GHz,1
44459,0.7408249999999998,1.1102230246251565e-16,2.220446049250313e-10,Intel(R) Xeon(R) Platinum 8358P CPU @ 2.60GHz,1
44460,0.7301040000000001,1.1102230246251565e-16,2.220446049250313e-10,Intel(R) Xeon(R) Platinum 8358P CPU @ 2.60GHz,1
44461,0.7328220000000001,1.1102230246251565e-16,2.220446049250313e-10,Intel(R) Xeon(R) Platinum 8358P CPU @ 2.60GHz,1
44462,0.762942,0.0,0.0,Intel(R) Xeon(R) Platinum 8358P CPU @ 2.60GHz,1
44463,0.8245669999999999,1.6000000000016e-05,32.000000000032,Intel(R) Xeon(R) Platinum 8358P CPU @ 2.60GHz,1
44464,0.8161749999999999,1.3000000000151779e-05,26.000000000303558,Intel(R) Xeon(R) Platinum 8358P CPU @ 2.60GHz,1
44465,0.815037,0.0,0.0,Intel(R) Xeon(R) Platinum 8358P CPU @ 2.60GHz,1
44466,0.8352029999999999,4.199999999987547e-05,83.99999999975094,Intel(R) Xeon(R) Platinum 8358P CPU @ 2.60GHz,1
44467,0.8401819999999999,9.999999999843467e-06,19.999999999686935,Intel(R) Xeon(R) Platinum 8358P CPU @ 2.60GHz,1
44483,0.9294273734702034,2.0339285811132868e-13,4.7830271299176275e-08,Intel(R) Xeon(R) Platinum 8358P CPU @ 2.60GHz,1
44484,0.9294273734702034,2.0339285811132868e-13,4.7830271299176275e-08,Intel(R) Xeon(R) Platinum 8358P CPU @ 2.60GHz,1
44485,0.9294273734702034,2.0339285811132868e-13,4.7830271299176275e-08,Intel(R) Xeon(R) Platinum 8358P CPU @ 2.60GHz,1
44486,0.9294273734702034,2.0339285811132868e-13,4.7830271299176275e-08,Intel(R) Xeon(R) Platinum 8358P CPU @ 2.60GHz,1
44487,0.9294273734702034,2.0339285811132868e-13,4.7830271299176275e-08,Intel(R) Xeon(R) Platinum 8358P CPU @ 2.60GHz,1
44488,0.9683413593297313,2.686739719592879e-13,1.097995294685461e-07,Intel(R) Xeon(R) Platinum 8358P CPU @ 2.60GHz,1
44489,0.967827499804244,2.440270208126094e-13,9.972701064953071e-08,Intel(R) Xeon(R) Platinum 8358P CPU @ 2.60GHz,1
44490,0.9819708715057552,2.44804176929847e-13,1.0004461259427444e-07,Intel(R) Xeon(R) Platinum 8358P CPU @ 2.60GHz,1
44491,0.9788632448516169,3.831379657981415e-13,1.565777587586581e-07,Intel(R) Xeon(R) Platinum 8358P CPU @ 2.60GHz,1
44492,0.9627818886539816,1.84297022087776e-14,7.531703261065559e-09,Intel(R) Xeon(R) Platinum 8358P CPU @ 2.60GHz,1
44493,0.528985898589859,1.4099832412739488e-13,2.819684485899643e-07,Intel(R) Xeon(R) Platinum 8358P CPU @ 2.60GHz,1
44494,0.5271707170717073,2.927658115936538e-13,5.854730700249888e-07,Intel(R) Xeon(R) Platinum 8358P CPU @ 2.60GHz,1
44495,0.5418301830183019,3.0186964039558006e-13,6.03678906863081e-07,Intel(R) Xeon(R) Platinum 8358P CPU @ 2.60GHz,1
44497,0.5354095409540954,9.547918011776346e-14,1.9093926439950337e-07,Intel(R) Xeon(R) Platinum 8358P CPU @ 2.60GHz,1
44498,0.7850666666666667,3.33288951992472e-13,1.3998135983683824e-07,Intel(R) Xeon(R) Platinum 8358P CPU @ 2.60GHz,1
44499,0.7850666666666667,3.33288951992472e-13,1.3998135983683824e-07,Intel(R) Xeon(R) Platinum 8358P CPU @ 2.60GHz,1
44500,0.7850666666666667,3.33288951992472e-13,1.3998135983683824e-07,Intel(R) Xeon(R) Platinum 8358P CPU @ 2.60GHz,1
44501,0.7850666666666667,3.33288951992472e-13,1.3998135983683824e-07,Intel(R) Xeon(R) Platinum 8358P CPU @ 2.60GHz,1
44502,0.7850666666666667,3.33288951992472e-13,1.3998135983683824e-07,Intel(R) Xeon(R) Platinum 8358P CPU @ 2.60GHz,1
44538,0.6704019999999999,1.1102230246251565e-16,2.220446049250313e-10,Intel(R) Xeon(R) Platinum 8358P CPU @ 2.60GHz,1
44539,0.6865680000000001,1.1102230246251565e-16,2.220446049250313e-10,Intel(R) Xeon(R) Platinum 8358P CPU @ 2.60GHz,1
44540,0.660516,0.0,0.0,Intel(R) Xeon(R) Platinum 8358P CPU @ 2.60GHz,1
44541,0.6745439999999999,1.1102230246251565e-16,2.220446049250313e-10,Intel(R) Xeon(R) Platinum 8358P CPU @ 2.60GHz,1
44542,0.677411,0.0,0.0,Intel(R) Xeon(R) Platinum 8358P CPU @ 2.60GHz,1
44568,0.9019389155799588,4.118927421359331e-14,6.145307906990638e-08,Intel(R) Xeon(R) Platinum 8358P CPU @ 2.60GHz,1
44569,0.8959159981983527,3.526068326209497e-13,5.260781108518131e-07,Intel(R) Xeon(R) Platinum 8358P CPU @ 2.60GHz,1
44570,0.9019094243308167,1.8329782136561334e-13,2.734744839472114e-07,Intel(R) Xeon(R) Platinum 8358P CPU @ 2.60GHz,1
44571,0.9090757978723404,3.40394379350073e-13,5.078575213701697e-07,Intel(R) Xeon(R) Platinum 8358P CPU @ 2.60GHz,1
44572,0.9044496932910089,8.881784197001252e-15,1.3251337804831564e-08,Intel(R) Xeon(R) Platinum 8358P CPU @ 2.60GHz,1
44598,0.9274445033836459,0.0,0.0,Intel(R) Xeon(R) Platinum 8358P CPU @ 2.60GHz,1
44599,0.9274445033836459,0.0,0.0,Intel(R) Xeon(R) Platinum 8358P CPU @ 2.60GHz,1
44600,0.9274445033836459,0.0,0.0,Intel(R) Xeon(R) Platinum 8358P CPU @ 2.60GHz,1
44601,0.9274445033836459,0.0,0.0,Intel(R) Xeon(R) Platinum 8358P CPU @ 2.60GHz,1
44602,0.9274445033836459,0.0,0.0,Intel(R) Xeon(R) Platinum 8358P CPU @ 2.60GHz,1
44608,0.9037745786516854,0.0,0.0,Intel(R) Xeon(R) Platinum 8358P CPU @ 2.60GHz,1
44609,0.9037745786516854,0.0,0.0,Intel(R) Xeon(R) Platinum 8358P CPU @ 2.60GHz,1
44610,0.9037745786516854,0.0,0.0,Intel(R) Xeon(R) Platinum 8358P CPU @ 2.60GHz,1
44611,0.9037745786516854,0.0,0.0,Intel(R) Xeon(R) Platinum 8358P CPU @ 2.60GHz,1
44612,0.9037745786516854,0.0,0.0,Intel(R) Xeon(R) Platinum 8358P CPU @ 2.60GHz,1
44628,0.7977920420118694,0.0,0.0,Intel(R) Xeon(R) Platinum 8358P CPU @ 2.60GHz,1
44629,0.8026617213919494,0.0,0.0,Intel(R) Xeon(R) Platinum 8358P CPU @ 2.60GHz,1
44630,0.7978685942520751,0.0,0.0,Intel(R) Xeon(R) Platinum 8358P CPU @ 2.60GHz,1
44631,0.7968332252032941,0.0,0.0,Intel(R) Xeon(R) Platinum 8358P CPU @ 2.60GHz,1
44632,0.8063850309749503,0.0,0.0,Intel(R) Xeon(R) Platinum 8358P CPU @ 2.60GHz,1
44643,0.9931757883261996,1.1102230246251565e-16,2.2161472656989642e-10,Intel(R) Xeon(R) Platinum 8358P CPU @ 2.60GHz,1
44644,0.9919023228971289,0.0,0.0,Intel(R) Xeon(R) Platinum 8358P CPU @ 2.60GHz,1
44645,0.993280992000513,0.0,0.0,Intel(R) Xeon(R) Platinum 8358P CPU @ 2.60GHz,1
44646,0.9926076884849069,2.220446049250313e-16,4.4322945313979284e-10,Intel(R) Xeon(R) Platinum 8358P CPU @ 2.60GHz,1
44647,0.9928451482069286,0.0,0.0,Intel(R) Xeon(R) Platinum 8358P CPU @ 2.60GHz,1
44658,0.8691097752469074,0.0,0.0,Intel(R) Xeon(R) Platinum 8358P CPU @ 2.60GHz,1
44659,0.8346240360889134,0.0,0.0,Intel(R) Xeon(R) Platinum 8358P CPU @ 2.60GHz,1
44660,0.8528228420430903,0.0,0.0,Intel(R) Xeon(R) Platinum 8358P CPU @ 2.60GHz,1
44661,0.849606203605187,0.0,0.0,Intel(R) Xeon(R) Platinum 8358P CPU @ 2.60GHz,1
44662,0.8355810014591148,0.0,0.0,Intel(R) Xeon(R) Platinum 8358P CPU @ 2.60GHz,1
44673,0.9834235727514783,1.1102230246251565e-16,2.191589132394256e-10,Intel(R) Xeon(R) Platinum 8358P CPU @ 2.60GHz,1
44674,0.9829438381202104,1.1102230246251565e-16,2.191589132394256e-10,Intel(R) Xeon(R) Platinum 8358P CPU @ 2.60GHz,1
44675,0.9805578295528691,0.0,0.0,Intel(R) Xeon(R) Platinum 8358P CPU @ 2.60GHz,1
44676,0.9851287330142533,0.0,0.0,Intel(R) Xeon(R) Platinum 8358P CPU @ 2.60GHz,1
44677,0.9839220509744642,1.1102230246251565e-16,2.191589132394256e-10,Intel(R) Xeon(R) Platinum 8358P CPU @ 2.60GHz,1
44678,0.9600329999999999,0.0,0.0,Intel(R) Xeon(R) Platinum 8358P CPU @ 2.60GHz,1
44679,0.965598,0.0,0.0,Intel(R) Xeon(R) Platinum 8358P CPU @ 2.60GHz,1
44680,0.9669149999999999,0.0,0.0,Intel(R) Xeon(R) Platinum 8358P CPU @ 2.60GHz,1
44681,0.9652769999999999,0.0,0.0,Intel(R) Xeon(R) Platinum 8358P CPU @ 2.60GHz,1
44682,0.964438,0.0,0.0,Intel(R) Xeon(R) Platinum 8358P CPU @ 2.60GHz,1
44708,0.6799820631085731,0.0,0.0,Intel(R) Xeon(R) Platinum 8358P CPU @ 2.60GHz,1
44709,0.6981248627278718,0.0,0.0,Intel(R) Xeon(R) Platinum 8358P CPU @ 2.60GHz,1
44710,0.637887564975474,1.1102230246251565e-16,4.852651613873604e-11,Intel(R) Xeon(R) Platinum 8358P CPU @ 2.60GHz,1
44711,0.745817775825463,1.1102230246251565e-16,4.852651613873604e-11,Intel(R) Xeon(R) Platinum 8358P CPU @ 2.60GHz,1
44712,0.6966995204626987,2.220446049250313e-16,9.705303227747208e-11,Intel(R) Xeon(R) Platinum 8358P CPU @ 2.60GHz,1
44723,0.8920375700526657,0.0,0.0,Intel(R) Xeon(R) Platinum 8358P CPU @ 2.60GHz,1
44724,0.8968209849854302,0.0,0.0,Intel(R) Xeon(R) Platinum 8358P CPU @ 2.60GHz,1
44725,0.9086347159255461,0.0,0.0,Intel(R) Xeon(R) Platinum 8358P CPU @ 2.60GHz,1
44726,0.8946591834017561,0.0,0.0,Intel(R) Xeon(R) Platinum 8358P CPU @ 2.60GHz,1
44727,0.9140193175844371,0.0,0.0,Intel(R) Xeon(R) Platinum 8358P CPU @ 2.60GHz,1
44758,0.6592967526026458,2.317583039035398e-06,2.0000000000302993,Intel(R) Xeon(R) Platinum 8358P CPU @ 2.60GHz,1
44759,0.5956257937721909,0.0,0.0,Intel(R) Xeon(R) Platinum 8358P CPU @ 2.60GHz,1
44760,0.6675936998822668,0.0,0.0,Intel(R) Xeon(R) Platinum 8358P CPU @ 2.60GHz,1
44761,0.547920664497409,2.3175830390020913e-05,20.000000000015568,Intel(R) Xeon(R) Platinum 8358P CPU @ 2.60GHz,1
44762,0.652765803598743,6.952749116995172e-06,5.99999999999509,Intel(R) Xeon(R) Platinum 8358P CPU @ 2.60GHz,1
44773,0.548765549208223,0.0,0.0,Intel(R) Xeon(R) Platinum 8358P CPU @ 2.60GHz,1
44774,0.5232005546303908,0.0,0.0,Intel(R) Xeon(R) Platinum 8358P CPU @ 2.60GHz,1
44775,0.5705643036320327,0.0,0.0,Intel(R) Xeon(R) Platinum 8358P CPU @ 2.60GHz,1
44776,0.533803644914756,0.0,0.0,Intel(R) Xeon(R) Platinum 8358P CPU @ 2.60GHz,1
44777,0.5254560827823334,0.0,0.0,Intel(R) Xeon(R) Platinum 8358P CPU @ 2.60GHz,1
45023,0.77939336,0.0,0.0,Intel(R) Xeon(R) Platinum 8358P CPU @ 2.60GHz,1
45039,0.7283418506415514,0.0,0.0,Intel(R) Xeon(R) Platinum 8358P CPU @ 2.60GHz,1
45059,0.8635814597693745,0.0,0.0,Intel(R) Xeon(R) Platinum 8358P CPU @ 2.60GHz,1
45063,0.9285146491028844,1.1102230246251565e-16,2.346389749163791e-11,Intel(R) Xeon(R) Platinum 8358P CPU @ 2.60GHz,1
45077,0.9253347478741702,0.0,0.0,Intel(R) Xeon(R) Platinum 8358P CPU @ 2.60GHz,1
45545,0.8337481653620353,0.0,0.0,Intel(R) Xeon(R) Platinum 8358P CPU @ 2.60GHz,1
45553,0.7968183261126299,0.0,0.0,Intel(R) Xeon(R) Platinum 8358P CPU @ 2.60GHz,1
45562,0.7531726692333933,0.0,0.0,Intel(R) Xeon(R) Platinum 8358P CPU @ 2.60GHz,1
45604,0.999838767376594,0.0,0.0,Intel(R) Xeon(R) Platinum 8358P CPU @ 2.60GHz,1
45686,0.8565705128205128,0.0,0.0,Intel(R) Xeon(R) Platinum 8358P CPU @ 2.60GHz,1
45711,0.6120955315870571,0.0,0.0,Intel(R) Xeon(R) Platinum 8358P CPU @ 2.60GHz,1
45712,0.6363832232117208,0.0,0.0,Intel(R) Xeon(R) Platinum 8358P CPU @ 2.60GHz,1
45717,0.6120955315870571,0.0,0.0,Intel(R) Xeon(R) Platinum 8358P CPU @ 2.60GHz,1
46116,0.6586571428571427,1.1102230246251565e-16,4.662936703425658e-11,Intel(R) Xeon(R) Platinum 8358P CPU @ 2.60GHz,1
46279,0.9927695909654317,0.0,0.0,Intel(R) Xeon(R) Platinum 8358P CPU @ 2.60GHz,1
46280,0.8449119387942717,0.0,0.0,Intel(R) Xeon(R) Platinum 8358P CPU @ 2.60GHz,1
46281,0.7175313397493412,1.8476446950188574e-07,1.9999999984543564,Intel(R) Xeon(R) Platinum 8358P CPU @ 2.60GHz,1
46298,0.8902127245016367,1.1102230246251565e-16,5.128253377506553e-09,Intel(R) Xeon(R) Platinum 8358P CPU @ 2.60GHz,1
46358,0.7666151646748929,0.0,0.0,Intel(R) Xeon(R) Platinum 8358P CPU @ 2.60GHz,1
46359,0.7666151646748929,0.0,0.0,Intel(R) Xeon(R) Platinum 8358P CPU @ 2.60GHz,1
46365,0.6281142857142857,1.1102230246251565e-16,4.662936703425658e-11,Intel(R) Xeon(R) Platinum 8358P CPU @ 2.60GHz,1
46416,0.7733047619047619,1.1102230246251565e-16,4.662936703425658e-11,Intel(R) Xeon(R) Platinum 8358P CPU @ 2.60GHz,1
46421,0.7689666666666666,0.0,0.0,Intel(R) Xeon(R) Platinum 8358P CPU @ 2.60GHz,1
46422,0.5847604938271606,0.0,0.0,Intel(R) Xeon(R) Platinum 8358P CPU @ 2.60GHz,1
46431,0.802970674204028,0.0,0.0,Intel(R) Xeon(R) Platinum 8358P CPU @ 2.60GHz,1
46482,0.7733047619047619,1.1102230246251565e-16,4.662936703425658e-11,Intel(R) Xeon(R) Platinum 8358P CPU @ 2.60GHz,1
46483,0.7952354065131728,0.0,0.0,Intel(R) Xeon(R) Platinum 8358P CPU @ 2.60GHz,1
46502,0.7562523809523809,0.0,0.0,Intel(R) Xeon(R) Platinum 8358P CPU @ 2.60GHz,1
46517,0.802970674204028,0.0,0.0,Intel(R) Xeon(R) Platinum 8358P CPU @ 2.60GHz,1
46532,0.7348809523809523,1.1102230246251565e-16,4.662936703425658e-11,Intel(R) Xeon(R) Platinum 8358P CPU @ 2.60GHz,1
46535,0.9240948792747128,1.1102230246251565e-16,2.6108226691690106e-11,Intel(R) Xeon(R) Platinum 8358P CPU @ 2.60GHz,1
46562,0.7756619047619047,2.220446049250313e-16,9.325873406851316e-11,Intel(R) Xeon(R) Platinum 8358P CPU @ 2.60GHz,1
46590,0.8930555555555555,0.0,0.0,Intel(R) Xeon(R) Platinum 8358P CPU @ 2.60GHz,1
46602,1.0,0.0,0.0,Intel(R) Xeon(R) Platinum 8358P CPU @ 2.60GHz,1
46667,0.8164040025015635,0.0,0.0,Intel(R) Xeon(R) Platinum 8358P CPU @ 2.60GHz,1
46846,0.9171819581855515,0.0,0.0,Intel(R) Xeon(R) Platinum 8358P CPU @ 2.60GHz,1
46860,0.9440472255652357,2.220446049250313e-16,7.997027040573812e-09,Intel(R) Xeon(R) Platinum 8358P CPU @ 2.60GHz,1
46868,0.9842001199999999,0.0,0.0,Intel(R) Xeon(R) Platinum 8358P CPU @ 2.60GHz,1
46876,0.5460844287337101,0.0,0.0,Intel(R) Xeon(R) Platinum 8358P CPU @ 2.60GHz,1
46911,0.7660658207439649,0.0,0.0,Intel(R) Xeon(R) Platinum 8358P CPU @ 2.60GHz,1
46915,0.8194877289465994,0.0,0.0,Intel(R) Xeon(R) Platinum 8358P CPU @ 2.60GHz,1
46916,0.7302349132419956,0.0,0.0,Intel(R) Xeon(R) Platinum 8358P CPU @ 2.60GHz,1
46925,0.7369497215853259,1.1102230246251565e-16,1.084643486137793e-09,Intel(R) Xeon(R) Platinum 8358P CPU @ 2.60GHz,1
46927,0.819128460845175,0.0,0.0,Intel(R) Xeon(R) Platinum 8358P CPU @ 2.60GHz,1
46930,0.9515395833333333,0.0,0.0,Intel(R) Xeon(R) Platinum 8358P CPU @ 2.60GHz,1
46938,0.7304238001683974,0.0,0.0,Intel(R) Xeon(R) Platinum 8358P CPU @ 2.60GHz,1
46940,0.8778754139150868,0.0,0.0,Intel(R) Xeon(R) Platinum 8358P CPU @ 2.60GHz,1
46950,0.7955940133037693,8.869179601855848e-07,4.000000000436987,Intel(R) Xeon(R) Platinum 8358P CPU @ 2.60GHz,1
46951,0.9396564102564103,0.0,0.0,Intel(R) Xeon(R) Platinum 8358P CPU @ 2.60GHz,1
46952,0.9241129178504504,0.0,0.0,Intel(R) Xeon(R) Platinum 8358P CPU @ 2.60GHz,1
46956,0.7593474340854818,0.0,0.0,Intel(R) Xeon(R) Platinum 8358P CPU @ 2.60GHz,1
46969,0.980942929485284,1.5660470986667008e-07,4.000000005089845,Intel(R) Xeon(R) Platinum 8358P CPU @ 2.60GHz,1
47044,0.6269296429479495,0.0,0.0,Intel(R) Xeon(R) Platinum 8358P CPU @ 2.60GHz,1
47050,0.6269296429479495,0.0,0.0,Intel(R) Xeon(R) Platinum 8358P CPU @ 2.60GHz,1
47052,0.6269296429479495,0.0,0.0,Intel(R) Xeon(R) Platinum 8358P CPU @ 2.60GHz,1
47150,0.9773167295711197,0.0,0.0,Intel(R) Xeon(R) Platinum 8358P CPU @ 2.60GHz,1
47151,0.9794273592526883,0.0,0.0,Intel(R) Xeon(R) Platinum 8358P CPU @ 2.60GHz,1
47152,0.9794273592526883,0.0,0.0,Intel(R) Xeon(R) Platinum 8358P CPU @ 2.60GHz,1
47153,0.9703055249786138,0.0,0.0,Intel(R) Xeon(R) Platinum 8358P CPU @ 2.60GHz,1
