openml_id,lr_auc,abs_diff_vs_phase0c_reference,tie_units,cpu_model,n_threads
3,0.9937486340341597,1.1102230246251565e-16,5.658946644615526e-10,Intel(R) Xeon(R) Platinum 8352V CPU @ 2.10GHz,1
13,0.670734562481709,0.0,0.0,Intel(R) Xeon(R) Platinum 8352V CPU @ 2.10GHz,1
15,0.9942017431009802,0.0,0.0,Intel(R) Xeon(R) Platinum 8352V CPU @ 2.10GHz,1
24,1.0,0.0,0.0,Intel(R) Xeon(R) Platinum 8352V CPU @ 2.10GHz,1
25,0.8898009634888439,0.0,0.0,Intel(R) Xeon(R) Platinum 8352V CPU @ 2.10GHz,1
27,0.8653651115618661,0.0,0.0,Intel(R) Xeon(R) Platinum 8352V CPU @ 2.10GHz,1
29,0.9296229833051258,0.0,0.0,Intel(R) Xeon(R) Platinum 8352V CPU @ 2.10GHz,1
31,0.7850666666666667,0.0,0.0,Intel(R) Xeon(R) Platinum 8352V CPU @ 2.10GHz,1
37,0.8280149253731343,0.0,0.0,Intel(R) Xeon(R) Platinum 8352V CPU @ 2.10GHz,1
38,0.9509456936737366,0.0,0.0,Intel(R) Xeon(R) Platinum 8352V CPU @ 2.10GHz,1
40,0.8471254759914554,0.0,0.0,Intel(R) Xeon(R) Platinum 8352V CPU @ 2.10GHz,1
44,0.9703055249786138,0.0,0.0,Intel(R) Xeon(R) Platinum 8352V CPU @ 2.10GHz,1
49,0.9094861660079051,1.1102230246251565e-16,5.055955654142963e-12,Intel(R) Xeon(R) Platinum 8352V CPU @ 2.10GHz,1
50,0.9906607259709765,1.1102230246251565e-16,4.614797433077911e-11,Intel(R) Xeon(R) Platinum 8352V CPU @ 2.10GHz,1
51,0.8944199116820554,0.0,0.0,Intel(R) Xeon(R) Platinum 8352V CPU @ 2.10GHz,1
53,0.8930555555555555,0.0,0.0,Intel(R) Xeon(R) Platinum 8352V CPU @ 2.10GHz,1
56,0.98952202603888,0.0,0.0,Intel(R) Xeon(R) Platinum 8352V CPU @ 2.10GHz,1
59,0.8942857142857144,0.0,0.0,Intel(R) Xeon(R) Platinum 8352V CPU @ 2.10GHz,1
333,0.7412918585994513,0.0,0.0,Intel(R) Xeon(R) Platinum 8352V CPU @ 2.10GHz,1
334,0.5445618778419565,0.0,0.0,Intel(R) Xeon(R) Platinum 8352V CPU @ 2.10GHz,1
335,0.9861959586466166,0.0,0.0,Intel(R) Xeon(R) Platinum 8352V CPU @ 2.10GHz,1
336,0.8130360205831904,0.0,0.0,Intel(R) Xeon(R) Platinum 8352V CPU @ 2.10GHz,1
337,0.8825528387898881,0.0,0.0,Intel(R) Xeon(R) Platinum 8352V CPU @ 2.10GHz,1
446,1.0,0.0,0.0,Intel(R) Xeon(R) Platinum 8352V CPU @ 2.10GHz,1
451,0.9861948279214466,0.0,0.0,Intel(R) Xeon(R) Platinum 8352V CPU @ 2.10GHz,1
466,0.6203597795570345,0.0,0.0,Intel(R) Xeon(R) Platinum 8352V CPU @ 2.10GHz,1
470,0.760871731505102,0.0,0.0,Intel(R) Xeon(R) Platinum 8352V CPU @ 2.10GHz,1
481,0.952139303482587,0.0,0.0,Intel(R) Xeon(R) Platinum 8352V CPU @ 2.10GHz,1
715,0.7171399508006047,0.0,0.0,Intel(R) Xeon(R) Platinum 8352V CPU @ 2.10GHz,1
720,0.8724457652112352,0.0,0.0,Intel(R) Xeon(R) Platinum 8352V CPU @ 2.10GHz,1
721,0.9374436993293965,1.1102230246251565e-16,2.218447647805988e-12,Intel(R) Xeon(R) Platinum 8352V CPU @ 2.10GHz,1
723,0.6832572611596063,0.0,0.0,Intel(R) Xeon(R) Platinum 8352V CPU @ 2.10GHz,1
725,0.9891884062187495,1.1102230246251565e-16,3.5870628689593786e-09,Intel(R) Xeon(R) Platinum 8352V CPU @ 2.10GHz,1
728,0.9938283242263218,0.0,0.0,Intel(R) Xeon(R) Platinum 8352V CPU @ 2.10GHz,1
730,0.739559946115851,0.0,0.0,Intel(R) Xeon(R) Platinum 8352V CPU @ 2.10GHz,1
732,0.8519375361480624,0.0,0.0,Intel(R) Xeon(R) Platinum 8352V CPU @ 2.10GHz,1
733,0.9819094304388422,0.0,0.0,Intel(R) Xeon(R) Platinum 8352V CPU @ 2.10GHz,1
735,0.9678307974926632,0.0,0.0,Intel(R) Xeon(R) Platinum 8352V CPU @ 2.10GHz,1
737,0.9009239161513771,1.1102230246251565e-16,5.358393728727151e-10,Intel(R) Xeon(R) Platinum 8352V CPU @ 2.10GHz,1
740,0.7178449675324676,0.0,0.0,Intel(R) Xeon(R) Platinum 8352V CPU @ 2.10GHz,1
743,0.7009240341566224,0.0,0.0,Intel(R) Xeon(R) Platinum 8352V CPU @ 2.10GHz,1
744,0.7564578046717418,0.0,0.0,Intel(R) Xeon(R) Platinum 8352V CPU @ 2.10GHz,1
746,0.6074766355140186,0.0,0.0,Intel(R) Xeon(R) Platinum 8352V CPU @ 2.10GHz,1
749,0.7222730262630153,0.0,0.0,Intel(R) Xeon(R) Platinum 8352V CPU @ 2.10GHz,1
751,0.7158076298701299,0.0,0.0,Intel(R) Xeon(R) Platinum 8352V CPU @ 2.10GHz,1
752,0.6642838851629738,0.0,0.0,Intel(R) Xeon(R) Platinum 8352V CPU @ 2.10GHz,1
757,0.8907641819034224,0.0,0.0,Intel(R) Xeon(R) Platinum 8352V CPU @ 2.10GHz,1
761,0.9795880985203858,0.0,0.0,Intel(R) Xeon(R) Platinum 8352V CPU @ 2.10GHz,1
763,0.8837119999999999,0.0,0.0,Intel(R) Xeon(R) Platinum 8352V CPU @ 2.10GHz,1
766,0.6629835140162936,0.0,0.0,Intel(R) Xeon(R) Platinum 8352V CPU @ 2.10GHz,1
769,0.6953039209353401,0.0,0.0,Intel(R) Xeon(R) Platinum 8352V CPU @ 2.10GHz,1
770,0.7046594982078853,0.0,0.0,Intel(R) Xeon(R) Platinum 8352V CPU @ 2.10GHz,1
773,0.8625192012288786,0.0,0.0,Intel(R) Xeon(R) Platinum 8352V CPU @ 2.10GHz,1
776,0.8768640000000001,0.0,0.0,Intel(R) Xeon(R) Platinum 8352V CPU @ 2.10GHz,1
778,0.9962197580645161,1.1102230246251565e-16,3.524291969370097e-12,Intel(R) Xeon(R) Platinum 8352V CPU @ 2.10GHz,1
779,0.7132018453328188,0.0,0.0,Intel(R) Xeon(R) Platinum 8352V CPU @ 2.10GHz,1
786,0.9107299526232672,0.0,0.0,Intel(R) Xeon(R) Platinum 8352V CPU @ 2.10GHz,1
792,0.7678417170576118,0.0,0.0,Intel(R) Xeon(R) Platinum 8352V CPU @ 2.10GHz,1
793,0.7192914653784218,0.0,0.0,Intel(R) Xeon(R) Platinum 8352V CPU @ 2.10GHz,1
794,0.7279797783394906,0.0,0.0,Intel(R) Xeon(R) Platinum 8352V CPU @ 2.10GHz,1
796,0.9990324141267537,1.1102230246251565e-16,1.835864793520159e-12,Intel(R) Xeon(R) Platinum 8352V CPU @ 2.10GHz,1
797,0.7075243506493507,0.0,0.0,Intel(R) Xeon(R) Platinum 8352V CPU @ 2.10GHz,1
798,0.6363116700378156,0.0,0.0,Intel(R) Xeon(R) Platinum 8352V CPU @ 2.10GHz,1
799,0.9186410710785589,1.1102230246251565e-16,5.55091528298135e-11,Intel(R) Xeon(R) Platinum 8352V CPU @ 2.10GHz,1
805,0.6752214946070878,0.0,0.0,Intel(R) Xeon(R) Platinum 8352V CPU @ 2.10GHz,1
806,0.7124000404899281,0.0,0.0,Intel(R) Xeon(R) Platinum 8352V CPU @ 2.10GHz,1
807,0.8139062100525446,0.0,0.0,Intel(R) Xeon(R) Platinum 8352V CPU @ 2.10GHz,1
810,0.7653792784458834,0.0,0.0,Intel(R) Xeon(R) Platinum 8352V CPU @ 2.10GHz,1
813,0.7145441021659872,0.0,0.0,Intel(R) Xeon(R) Platinum 8352V CPU @ 2.10GHz,1
816,0.8553856697652938,0.0,0.0,Intel(R) Xeon(R) Platinum 8352V CPU @ 2.10GHz,1
818,0.9984952978056427,1.1102230246251565e-16,5.312417172831374e-12,Intel(R) Xeon(R) Platinum 8352V CPU @ 2.10GHz,1
824,0.7222886118467798,0.0,0.0,Intel(R) Xeon(R) Platinum 8352V CPU @ 2.10GHz,1
825,0.9470440032325024,0.0,0.0,Intel(R) Xeon(R) Platinum 8352V CPU @ 2.10GHz,1
826,0.6532907887712154,0.0,0.0,Intel(R) Xeon(R) Platinum 8352V CPU @ 2.10GHz,1
830,0.8281843942221301,0.0,0.0,Intel(R) Xeon(R) Platinum 8352V CPU @ 2.10GHz,1
831,0.9801777170198223,1.1102230246251565e-16,8.770983939143662e-12,Intel(R) Xeon(R) Platinum 8352V CPU @ 2.10GHz,1
832,0.7159245576511762,0.0,0.0,Intel(R) Xeon(R) Platinum 8352V CPU @ 2.10GHz,1
833,0.8895894143479541,0.0,0.0,Intel(R) Xeon(R) Platinum 8352V CPU @ 2.10GHz,1
837,0.7056834186875229,0.0,0.0,Intel(R) Xeon(R) Platinum 8352V CPU @ 2.10GHz,1
838,0.7164840897235263,0.0,0.0,Intel(R) Xeon(R) Platinum 8352V CPU @ 2.10GHz,1
840,0.9935808809006518,0.0,0.0,Intel(R) Xeon(R) Platinum 8352V CPU @ 2.10GHz,1
844,0.6179718875502009,0.0,0.0,Intel(R) Xeon(R) Platinum 8352V CPU @ 2.10GHz,1
845,0.9078421408536366,0.0,0.0,Intel(R) Xeon(R) Platinum 8352V CPU @ 2.10GHz,1
849,0.9024604885775888,0.0,0.0,Intel(R) Xeon(R) Platinum 8352V CPU @ 2.10GHz,1
853,0.9300339922349493,1.1102230246251565e-16,1.3782974761511468e-11,Intel(R) Xeon(R) Platinum 8352V CPU @ 2.10GHz,1
855,0.7121829710144929,0.0,0.0,Intel(R) Xeon(R) Platinum 8352V CPU @ 2.10GHz,1
858,0.8944199116820554,0.0,0.0,Intel(R) Xeon(R) Platinum 8352V CPU @ 2.10GHz,1
863,0.6797121007647323,0.0,0.0,Intel(R) Xeon(R) Platinum 8352V CPU @ 2.10GHz,1
866,0.7569879478452458,0.0,0.0,Intel(R) Xeon(R) Platinum 8352V CPU @ 2.10GHz,1
869,0.7542317495588524,0.0,0.0,Intel(R) Xeon(R) Platinum 8352V CPU @ 2.10GHz,1
870,0.7248075099258975,0.0,0.0,Intel(R) Xeon(R) Platinum 8352V CPU @ 2.10GHz,1
873,0.5951356285863328,0.0,0.0,Intel(R) Xeon(R) Platinum 8352V CPU @ 2.10GHz,1
877,0.7232090950197015,0.0,0.0,Intel(R) Xeon(R) Platinum 8352V CPU @ 2.10GHz,1
879,0.6700120837808807,0.0,0.0,Intel(R) Xeon(R) Platinum 8352V CPU @ 2.10GHz,1
880,0.9987105732989486,0.0,0.0,Intel(R) Xeon(R) Platinum 8352V CPU @ 2.10GHz,1
884,0.9067985087761404,0.0,0.0,Intel(R) Xeon(R) Platinum 8352V CPU @ 2.10GHz,1
888,0.8843013575819672,0.0,0.0,Intel(R) Xeon(R) Platinum 8352V CPU @ 2.10GHz,1
896,0.7053409090909091,0.0,0.0,Intel(R) Xeon(R) Platinum 8352V CPU @ 2.10GHz,1
897,0.9992011989085408,0.0,0.0,Intel(R) Xeon(R) Platinum 8352V CPU @ 2.10GHz,1
903,0.7609081782377017,0.0,0.0,Intel(R) Xeon(R) Platinum 8352V CPU @ 2.10GHz,1
904,0.8906922769107644,0.0,0.0,Intel(R) Xeon(R) Platinum 8352V CPU @ 2.10GHz,1
908,0.5274188701923077,0.0,0.0,Intel(R) Xeon(R) Platinum 8352V CPU @ 2.10GHz,1
910,0.7470516949703949,0.0,0.0,Intel(R) Xeon(R) Platinum 8352V CPU @ 2.10GHz,1
911,0.7680519480519481,0.0,0.0,Intel(R) Xeon(R) Platinum 8352V CPU @ 2.10GHz,1
912,0.7970396469968386,0.0,0.0,Intel(R) Xeon(R) Platinum 8352V CPU @ 2.10GHz,1
913,0.780357142857143,0.0,0.0,Intel(R) Xeon(R) Platinum 8352V CPU @ 2.10GHz,1
915,0.5867553499132446,0.0,0.0,Intel(R) Xeon(R) Platinum 8352V CPU @ 2.10GHz,1
917,0.7187797518193995,0.0,0.0,Intel(R) Xeon(R) Platinum 8352V CPU @ 2.10GHz,1
918,0.6019967793880837,0.0,0.0,Intel(R) Xeon(R) Platinum 8352V CPU @ 2.10GHz,1
920,0.7460934270359653,0.0,0.0,Intel(R) Xeon(R) Platinum 8352V CPU @ 2.10GHz,1
926,0.8718047218887555,0.0,0.0,Intel(R) Xeon(R) Platinum 8352V CPU @ 2.10GHz,1
930,0.8115010226497992,0.0,0.0,Intel(R) Xeon(R) Platinum 8352V CPU @ 2.10GHz,1
933,0.6193240454076367,0.0,0.0,Intel(R) Xeon(R) Platinum 8352V CPU @ 2.10GHz,1
934,0.9815147569444445,0.0,0.0,Intel(R) Xeon(R) Platinum 8352V CPU @ 2.10GHz,1
935,0.7373376623376623,0.0,0.0,Intel(R) Xeon(R) Platinum 8352V CPU @ 2.10GHz,1
936,0.7070110939112487,0.0,0.0,Intel(R) Xeon(R) Platinum 8352V CPU @ 2.10GHz,1
937,0.6670570629188628,0.0,0.0,Intel(R) Xeon(R) Platinum 8352V CPU @ 2.10GHz,1
939,0.9878339878339878,0.0,0.0,Intel(R) Xeon(R) Platinum 8352V CPU @ 2.10GHz,1
943,0.9122703023117961,1.1102230246251565e-16,1.3859802194815531e-11,Intel(R) Xeon(R) Platinum 8352V CPU @ 2.10GHz,1
957,0.6617489629332263,0.0,0.0,Intel(R) Xeon(R) Platinum 8352V CPU @ 2.10GHz,1
958,0.9989363330272422,0.0,0.0,Intel(R) Xeon(R) Platinum 8352V CPU @ 2.10GHz,1
961,0.838171115396326,0.0,0.0,Intel(R) Xeon(R) Platinum 8352V CPU @ 2.10GHz,1
962,0.9946222222222222,0.0,0.0,Intel(R) Xeon(R) Platinum 8352V CPU @ 2.10GHz,1
966,0.9659390946502058,0.0,0.0,Intel(R) Xeon(R) Platinum 8352V CPU @ 2.10GHz,1
967,0.9496995441359304,0.0,0.0,Intel(R) Xeon(R) Platinum 8352V CPU @ 2.10GHz,1
975,0.8985507246376813,0.0,0.0,Intel(R) Xeon(R) Platinum 8352V CPU @ 2.10GHz,1
979,0.9271405947613208,0.0,0.0,Intel(R) Xeon(R) Platinum 8352V CPU @ 2.10GHz,1
983,0.6980208184208742,0.0,0.0,Intel(R) Xeon(R) Platinum 8352V CPU @ 2.10GHz,1
986,0.5773005063733194,0.0,0.0,Intel(R) Xeon(R) Platinum 8352V CPU @ 2.10GHz,1
987,0.9999702380952381,1.1102230246251565e-16,7.460698725481052e-12,Intel(R) Xeon(R) Platinum 8352V CPU @ 2.10GHz,1
989,0.8020269716346942,0.0,0.0,Intel(R) Xeon(R) Platinum 8352V CPU @ 2.10GHz,1
990,0.8313281054176962,0.0,0.0,Intel(R) Xeon(R) Platinum 8352V CPU @ 2.10GHz,1
991,0.9907670953125498,0.0,0.0,Intel(R) Xeon(R) Platinum 8352V CPU @ 2.10GHz,1
993,0.9809165000500939,1.1102230246251565e-16,2.5487278954017256e-09,Intel(R) Xeon(R) Platinum 8352V CPU @ 2.10GHz,1
994,0.9840179980132063,1.1102230246251565e-16,3.0398794592656486e-11,Intel(R) Xeon(R) Platinum 8352V CPU @ 2.10GHz,1
995,0.9970027777777778,0.0,0.0,Intel(R) Xeon(R) Platinum 8352V CPU @ 2.10GHz,1
996,0.6637109077040426,0.0,0.0,Intel(R) Xeon(R) Platinum 8352V CPU @ 2.10GHz,1
999,0.9897228277795079,1.1102230246251565e-16,2.1389556792428266e-12,Intel(R) Xeon(R) Platinum 8352V CPU @ 2.10GHz,1
1000,0.9847127903957764,0.0,0.0,Intel(R) Xeon(R) Platinum 8352V CPU @ 2.10GHz,1
1002,0.8509556456958834,0.0,0.0,Intel(R) Xeon(R) Platinum 8352V CPU @ 2.10GHz,1
1003,0.8589169000933707,0.0,0.0,Intel(R) Xeon(R) Platinum 8352V CPU @ 2.10GHz,1
1005,0.673340961098398,0.0,0.0,Intel(R) Xeon(R) Platinum 8352V CPU @ 2.10GHz,1
1010,0.999964848143982,0.0,0.0,Intel(R) Xeon(R) Platinum 8352V CPU @ 2.10GHz,1
1011,0.9889851081560926,0.0,0.0,Intel(R) Xeon(R) Platinum 8352V CPU @ 2.10GHz,1
1016,0.9961111111111111,1.1102230246251565e-16,1.7985612998927536e-11,Intel(R) Xeon(R) Platinum 8352V CPU @ 2.10GHz,1
1018,0.8861762588581269,0.0,0.0,Intel(R) Xeon(R) Platinum 8352V CPU @ 2.10GHz,1
1021,0.9388502805966676,0.0,0.0,Intel(R) Xeon(R) Platinum 8352V CPU @ 2.10GHz,1
1023,0.9949974251452953,1.1102230246251565e-16,1.2073009258983802e-11,Intel(R) Xeon(R) Platinum 8352V CPU @ 2.10GHz,1
1024,0.9999075669965528,0.0,0.0,Intel(R) Xeon(R) Platinum 8352V CPU @ 2.10GHz,1
1025,0.957921146953405,0.0,0.0,Intel(R) Xeon(R) Platinum 8352V CPU @ 2.10GHz,1
1037,0.894681875779085,0.0,0.0,Intel(R) Xeon(R) Platinum 8352V CPU @ 2.10GHz,1
1048,0.6660724896019014,0.0,0.0,Intel(R) Xeon(R) Platinum 8352V CPU @ 2.10GHz,1
1049,0.9037745786516854,0.0,0.0,Intel(R) Xeon(R) Platinum 8352V CPU @ 2.10GHz,1
1050,0.8112571275837491,0.0,0.0,Intel(R) Xeon(R) Platinum 8352V CPU @ 2.10GHz,1
1063,0.8288368426978945,0.0,0.0,Intel(R) Xeon(R) Platinum 8352V CPU @ 2.10GHz,1
1065,0.816727374614738,0.0,0.0,Intel(R) Xeon(R) Platinum 8352V CPU @ 2.10GHz,1
1067,0.7991554524840949,0.0,0.0,Intel(R) Xeon(R) Platinum 8352V CPU @ 2.10GHz,1
1068,0.8283625289439244,0.0,0.0,Intel(R) Xeon(R) Platinum 8352V CPU @ 2.10GHz,1
1071,0.7635709330558444,0.0,0.0,Intel(R) Xeon(R) Platinum 8352V CPU @ 2.10GHz,1
1073,0.7913113006396588,0.0,0.0,Intel(R) Xeon(R) Platinum 8352V CPU @ 2.10GHz,1
1121,1.0,0.0,0.0,Intel(R) Xeon(R) Platinum 8352V CPU @ 2.10GHz,1
1167,0.6189065859330437,0.0,0.0,Intel(R) Xeon(R) Platinum 8352V CPU @ 2.10GHz,1
1412,0.818399401645475,0.0,0.0,Intel(R) Xeon(R) Platinum 8352V CPU @ 2.10GHz,1
1442,0.6686332350049166,0.0,0.0,Intel(R) Xeon(R) Platinum 8352V CPU @ 2.10GHz,1
1443,0.8419224453707213,0.0,0.0,Intel(R) Xeon(R) Platinum 8352V CPU @ 2.10GHz,1
1444,0.8132328164219648,0.0,0.0,Intel(R) Xeon(R) Platinum 8352V CPU @ 2.10GHz,1
1446,0.7466340269277845,0.0,0.0,Intel(R) Xeon(R) Platinum 8352V CPU @ 2.10GHz,1
1447,0.7265664160401003,0.0,0.0,Intel(R) Xeon(R) Platinum 8352V CPU @ 2.10GHz,1
1449,0.6686332350049166,0.0,0.0,Intel(R) Xeon(R) Platinum 8352V CPU @ 2.10GHz,1
1451,0.8463242032379594,0.0,0.0,Intel(R) Xeon(R) Platinum 8352V CPU @ 2.10GHz,1
1453,0.8245675123850524,0.0,0.0,Intel(R) Xeon(R) Platinum 8352V CPU @ 2.10GHz,1
1467,0.8384967435310685,0.0,0.0,Intel(R) Xeon(R) Platinum 8352V CPU @ 2.10GHz,1
1480,0.7512091202210962,0.0,0.0,Intel(R) Xeon(R) Platinum 8352V CPU @ 2.10GHz,1
1489,0.8112376035200619,0.0,0.0,Intel(R) Xeon(R) Platinum 8352V CPU @ 2.10GHz,1
1494,0.9274445033836459,1.1102230246251565e-16,5.525446766796449e-11,Intel(R) Xeon(R) Platinum 8352V CPU @ 2.10GHz,1
1495,0.9999346447944579,1.1102230246251565e-16,3.3975044999579036e-12,Intel(R) Xeon(R) Platinum 8352V CPU @ 2.10GHz,1
1496,0.8138628024975921,0.0,0.0,Intel(R) Xeon(R) Platinum 8352V CPU @ 2.10GHz,1
1498,0.7716887417218543,0.0,0.0,Intel(R) Xeon(R) Platinum 8352V CPU @ 2.10GHz,1
1504,0.999211356466877,0.0,0.0,Intel(R) Xeon(R) Platinum 8352V CPU @ 2.10GHz,1
1506,0.6535714285714287,0.0,0.0,Intel(R) Xeon(R) Platinum 8352V CPU @ 2.10GHz,1
1507,0.9977801300234603,1.1102230246251565e-16,3.0397886430222343e-09,Intel(R) Xeon(R) Platinum 8352V CPU @ 2.10GHz,1
1510,0.9946884414143015,1.1102230246251565e-16,1.680522387914607e-11,Intel(R) Xeon(R) Platinum 8352V CPU @ 2.10GHz,1
1511,0.9526420266565838,0.0,0.0,Intel(R) Xeon(R) Platinum 8352V CPU @ 2.10GHz,1
1524,0.9308571428571428,0.0,0.0,Intel(R) Xeon(R) Platinum 8352V CPU @ 2.10GHz,1
1547,0.6706735654104075,0.0,0.0,Intel(R) Xeon(R) Platinum 8352V CPU @ 2.10GHz,1
1558,0.8871521113243763,0.0,0.0,Intel(R) Xeon(R) Platinum 8352V CPU @ 2.10GHz,1
1600,0.8289022298456261,0.0,0.0,Intel(R) Xeon(R) Platinum 8352V CPU @ 2.10GHz,1
4329,0.6535714285714287,0.0,0.0,Intel(R) Xeon(R) Platinum 8352V CPU @ 2.10GHz,1
6332,0.8242240215924428,0.0,0.0,Intel(R) Xeon(R) Platinum 8352V CPU @ 2.10GHz,1
23381,0.6454269293924466,0.0,0.0,Intel(R) Xeon(R) Platinum 8352V CPU @ 2.10GHz,1
23499,0.7038926681783825,0.0,0.0,Intel(R) Xeon(R) Platinum 8352V CPU @ 2.10GHz,1
40648,0.5228421875,0.0,0.0,Intel(R) Xeon(R) Platinum 8352V CPU @ 2.10GHz,1
40680,1.0,0.0,0.0,Intel(R) Xeon(R) Platinum 8352V CPU @ 2.10GHz,1
40690,0.9006011163589523,0.0,0.0,Intel(R) Xeon(R) Platinum 8352V CPU @ 2.10GHz,1
40693,0.8542090047800326,0.0,0.0,Intel(R) Xeon(R) Platinum 8352V CPU @ 2.10GHz,1
40701,0.8605258848736026,0.0,0.0,Intel(R) Xeon(R) Platinum 8352V CPU @ 2.10GHz,1
40702,0.7467896922082442,0.0,0.0,Intel(R) Xeon(R) Platinum 8352V CPU @ 2.10GHz,1
40705,0.969358504087733,0.0,0.0,Intel(R) Xeon(R) Platinum 8352V CPU @ 2.10GHz,1
40710,0.9174352217830479,1.1102230246251565e-16,5.055955654142963e-12,Intel(R) Xeon(R) Platinum 8352V CPU @ 2.10GHz,1
40945,0.8390247218788628,0.0,0.0,Intel(R) Xeon(R) Platinum 8352V CPU @ 2.10GHz,1
40981,0.9294273734702034,0.0,0.0,Intel(R) Xeon(R) Platinum 8352V CPU @ 2.10GHz,1
40983,0.9768884670814441,1.1102230246251565e-16,2.6531177255151306e-10,Intel(R) Xeon(R) Platinum 8352V CPU @ 2.10GHz,1
40999,0.9922330881165294,0.0,0.0,Intel(R) Xeon(R) Platinum 8352V CPU @ 2.10GHz,1
41005,0.9951999151071392,0.0,0.0,Intel(R) Xeon(R) Platinum 8352V CPU @ 2.10GHz,1
41007,0.9945547963982042,0.0,0.0,Intel(R) Xeon(R) Platinum 8352V CPU @ 2.10GHz,1
41146,0.965183968418506,0.0,0.0,Intel(R) Xeon(R) Platinum 8352V CPU @ 2.10GHz,1
41156,0.9048981087899285,1.1102230246251565e-16,7.124127954227788e-10,Intel(R) Xeon(R) Platinum 8352V CPU @ 2.10GHz,1
41430,0.9830724830724831,1.1102230246251565e-16,4.000799691539214e-12,Intel(R) Xeon(R) Platinum 8352V CPU @ 2.10GHz,1
41538,0.6069767441860465,0.0,0.0,Intel(R) Xeon(R) Platinum 8352V CPU @ 2.10GHz,1
41945,0.7511803316444036,0.0,0.0,Intel(R) Xeon(R) Platinum 8352V CPU @ 2.10GHz,1
41946,0.9405027806609281,1.1102230246251565e-16,1.8162604753513278e-10,Intel(R) Xeon(R) Platinum 8352V CPU @ 2.10GHz,1
42172,0.9559157703378276,0.0,0.0,Intel(R) Xeon(R) Platinum 8352V CPU @ 2.10GHz,1
42192,0.7281966747766746,0.0,0.0,Intel(R) Xeon(R) Platinum 8352V CPU @ 2.10GHz,1
42638,0.852120815091767,0.0,0.0,Intel(R) Xeon(R) Platinum 8352V CPU @ 2.10GHz,1
43255,0.9664485172783928,0.0,0.0,Intel(R) Xeon(R) Platinum 8352V CPU @ 2.10GHz,1
43595,0.6969416469194313,0.0,0.0,Intel(R) Xeon(R) Platinum 8352V CPU @ 2.10GHz,1
43892,0.9996850332499251,1.1102230246251565e-16,1.2569756346891836e-09,Intel(R) Xeon(R) Platinum 8352V CPU @ 2.10GHz,1
43893,0.7463939963246994,0.0,0.0,Intel(R) Xeon(R) Platinum 8352V CPU @ 2.10GHz,1
43895,0.9999288620777964,0.0,0.0,Intel(R) Xeon(R) Platinum 8352V CPU @ 2.10GHz,1
43946,0.5976468126417375,0.0,0.0,Intel(R) Xeon(R) Platinum 8352V CPU @ 2.10GHz,1
43947,0.8400840345161397,0.0,0.0,Intel(R) Xeon(R) Platinum 8352V CPU @ 2.10GHz,1
43949,0.6662941026440332,0.0,0.0,Intel(R) Xeon(R) Platinum 8352V CPU @ 2.10GHz,1
43958,0.895352182754937,0.0,0.0,Intel(R) Xeon(R) Platinum 8352V CPU @ 2.10GHz,1
43973,0.8096935830382176,0.0,0.0,Intel(R) Xeon(R) Platinum 8352V CPU @ 2.10GHz,1
43976,0.5865964046921663,0.0,0.0,Intel(R) Xeon(R) Platinum 8352V CPU @ 2.10GHz,1
43980,0.8117112040075327,0.0,0.0,Intel(R) Xeon(R) Platinum 8352V CPU @ 2.10GHz,1
44095,0.9703055249786138,0.0,0.0,Intel(R) Xeon(R) Platinum 8352V CPU @ 2.10GHz,1
44097,0.7850666666666667,0.0,0.0,Intel(R) Xeon(R) Platinum 8352V CPU @ 2.10GHz,1
44098,0.7850666666666667,0.0,0.0,Intel(R) Xeon(R) Platinum 8352V CPU @ 2.10GHz,1
44149,0.8977184042602029,0.0,0.0,Intel(R) Xeon(R) Platinum 8352V CPU @ 2.10GHz,1
44155,0.9296229833051258,0.0,0.0,Intel(R) Xeon(R) Platinum 8352V CPU @ 2.10GHz,1
44186,0.833493913079456,0.0,0.0,Intel(R) Xeon(R) Platinum 8352V CPU @ 2.10GHz,1
44227,0.7839769999999999,0.0,0.0,Intel(R) Xeon(R) Platinum 8352V CPU @ 2.10GHz,1
44232,0.7556311067523883,0.0,0.0,Intel(R) Xeon(R) Platinum 8352V CPU @ 2.10GHz,1
44345,0.7276300000000001,0.0,0.0,Intel(R) Xeon(R) Platinum 8352V CPU @ 2.10GHz,1
44347,0.7276300000000001,0.0,0.0,Intel(R) Xeon(R) Platinum 8352V CPU @ 2.10GHz,1
44349,0.8136915,0.0,0.0,Intel(R) Xeon(R) Platinum 8352V CPU @ 2.10GHz,1
44350,0.810615,0.0,0.0,Intel(R) Xeon(R) Platinum 8352V CPU @ 2.10GHz,1
44351,0.7620480000000001,0.0,0.0,Intel(R) Xeon(R) Platinum 8352V CPU @ 2.10GHz,1
44352,0.7661004999999999,0.0,0.0,Intel(R) Xeon(R) Platinum 8352V CPU @ 2.10GHz,1
44362,0.921158,0.0,0.0,Intel(R) Xeon(R) Platinum 8352V CPU @ 2.10GHz,1
44363,0.9208749999999998,0.0,0.0,Intel(R) Xeon(R) Platinum 8352V CPU @ 2.10GHz,1
44364,0.90419,0.0,0.0,Intel(R) Xeon(R) Platinum 8352V CPU @ 2.10GHz,1
44365,0.904103,0.0,0.0,Intel(R) Xeon(R) Platinum 8352V CPU @ 2.10GHz,1
44366,0.9023430000000001,1.1102230246251565e-16,2.220446049250313e-10,Intel(R) Xeon(R) Platinum 8352V CPU @ 2.10GHz,1
44367,0.803696,0.0,0.0,Intel(R) Xeon(R) Platinum 8352V CPU @ 2.10GHz,1
44368,0.807167,0.0,0.0,Intel(R) Xeon(R) Platinum 8352V CPU @ 2.10GHz,1
44369,0.808542,0.0,0.0,Intel(R) Xeon(R) Platinum 8352V CPU @ 2.10GHz,1
44370,0.8096129999999999,0.0,0.0,Intel(R) Xeon(R) Platinum 8352V CPU @ 2.10GHz,1
44371,0.8128500000000001,0.0,0.0,Intel(R) Xeon(R) Platinum 8352V CPU @ 2.10GHz,1
44377,0.643927,0.0,0.0,Intel(R) Xeon(R) Platinum 8352V CPU @ 2.10GHz,1
44378,0.646668,0.0,0.0,Intel(R) Xeon(R) Platinum 8352V CPU @ 2.10GHz,1
44379,0.664642,0.0,0.0,Intel(R) Xeon(R) Platinum 8352V CPU @ 2.10GHz,1
44380,0.6826490000000001,0.0,0.0,Intel(R) Xeon(R) Platinum 8352V CPU @ 2.10GHz,1
44381,0.647755,0.0,0.0,Intel(R) Xeon(R) Platinum 8352V CPU @ 2.10GHz,1
44382,0.9478390000000001,1.1102230246251565e-16,2.220446049250313e-10,Intel(R) Xeon(R) Platinum 8352V CPU @ 2.10GHz,1
44383,0.9387220000000001,1.1102230246251565e-16,2.220446049250313e-10,Intel(R) Xeon(R) Platinum 8352V CPU @ 2.10GHz,1
44384,0.9308059999999998,0.0,0.0,Intel(R) Xeon(R) Platinum 8352V CPU @ 2.10GHz,1
44385,0.9334169999999999,1.1102230246251565e-16,2.220446049250313e-10,Intel(R) Xeon(R) Platinum 8352V CPU @ 2.10GHz,1
44386,0.9396540000000001,1.1102230246251565e-16,2.220446049250313e-10,Intel(R) Xeon(R) Platinum 8352V CPU @ 2.10GHz,1
44387,0.8898809999999999,0.0,0.0,Intel(R) Xeon(R) Platinum 8352V CPU @ 2.10GHz,1
44388,0.881882,0.0,0.0,Intel(R) Xeon(R) Platinum 8352V CPU @ 2.10GHz,1
44389,0.875476,0.0,0.0,Intel(R) Xeon(R) Platinum 8352V CPU @ 2.10GHz,1
44390,0.8969,0.0,0.0,Intel(R) Xeon(R) Platinum 8352V CPU @ 2.10GHz,1
44391,0.889391,0.0,0.0,Intel(R) Xeon(R) Platinum 8352V CPU @ 2.10GHz,1
44392,0.889013,0.0,0.0,Intel(R) Xeon(R) Platinum 8352V CPU @ 2.10GHz,1
44393,0.890092,0.0,0.0,Intel(R) Xeon(R) Platinum 8352V CPU @ 2.10GHz,1
44394,0.898388,0.0,0.0,Intel(R) Xeon(R) Platinum 8352V CPU @ 2.10GHz,1
44395,0.901446,0.0,0.0,Intel(R) Xeon(R) Platinum 8352V CPU @ 2.10GHz,1
44396,0.90097,0.0,0.0,Intel(R) Xeon(R) Platinum 8352V CPU @ 2.10GHz,1
44397,0.8331519999999999,0.0,0.0,Intel(R) Xeon(R) Platinum 8352V CPU @ 2.10GHz,1
44398,0.842785,0.0,0.0,Intel(R) Xeon(R) Platinum 8352V CPU @ 2.10GHz,1
44399,0.821834,0.0,0.0,Intel(R) Xeon(R) Platinum 8352V CPU @ 2.10GHz,1
44400,0.8285239999999999,0.0,0.0,Intel(R) Xeon(R) Platinum 8352V CPU @ 2.10GHz,1
44401,0.828465,0.0,0.0,Intel(R) Xeon(R) Platinum 8352V CPU @ 2.10GHz,1
44402,0.8280120000000001,0.0,0.0,Intel(R) Xeon(R) Platinum 8352V CPU @ 2.10GHz,1
44403,0.8330230000000001,0.0,0.0,Intel(R) Xeon(R) Platinum 8352V CPU @ 2.10GHz,1
44404,0.83076,0.0,0.0,Intel(R) Xeon(R) Platinum 8352V CPU @ 2.10GHz,1
44405,0.80898,0.0,0.0,Intel(R) Xeon(R) Platinum 8352V CPU @ 2.10GHz,1
44406,0.822596,0.0,0.0,Intel(R) Xeon(R) Platinum 8352V CPU @ 2.10GHz,1
44407,0.810263,0.0,0.0,Intel(R) Xeon(R) Platinum 8352V CPU @ 2.10GHz,1
44408,0.800331,0.0,0.0,Intel(R) Xeon(R) Platinum 8352V CPU @ 2.10GHz,1
44409,0.799388,0.0,0.0,Intel(R) Xeon(R) Platinum 8352V CPU @ 2.10GHz,1
44410,0.807143,0.0,0.0,Intel(R) Xeon(R) Platinum 8352V CPU @ 2.10GHz,1
44411,0.8110809999999999,0.0,0.0,Intel(R) Xeon(R) Platinum 8352V CPU @ 2.10GHz,1
44412,0.922358,0.0,0.0,Intel(R) Xeon(R) Platinum 8352V CPU @ 2.10GHz,1
44413,0.905894,0.0,0.0,Intel(R) Xeon(R) Platinum 8352V CPU @ 2.10GHz,1
44414,0.9223319999999999,1.1102230246251565e-16,2.220446049250313e-10,Intel(R) Xeon(R) Platinum 8352V CPU @ 2.10GHz,1
44415,0.9121360000000001,1.1102230246251565e-16,2.220446049250313e-10,Intel(R) Xeon(R) Platinum 8352V CPU @ 2.10GHz,1
44416,0.902448,0.0,0.0,Intel(R) Xeon(R) Platinum 8352V CPU @ 2.10GHz,1
44417,0.685081,0.0,0.0,Intel(R) Xeon(R) Platinum 8352V CPU @ 2.10GHz,1
44418,0.676172,0.0,0.0,Intel(R) Xeon(R) Platinum 8352V CPU @ 2.10GHz,1
44419,0.658763,0.0,0.0,Intel(R) Xeon(R) Platinum 8352V CPU @ 2.10GHz,1
44420,0.665945,0.0,0.0,Intel(R) Xeon(R) Platinum 8352V CPU @ 2.10GHz,1
44421,0.665495,0.0,0.0,Intel(R) Xeon(R) Platinum 8352V CPU @ 2.10GHz,1
44423,0.568138,0.0,0.0,Intel(R) Xeon(R) Platinum 8352V CPU @ 2.10GHz,1
44424,0.57678,0.0,0.0,Intel(R) Xeon(R) Platinum 8352V CPU @ 2.10GHz,1
44425,0.553053,0.0,0.0,Intel(R) Xeon(R) Platinum 8352V CPU @ 2.10GHz,1
44426,0.571528,0.0,0.0,Intel(R) Xeon(R) Platinum 8352V CPU @ 2.10GHz,1
44427,0.5740500000000001,0.0,0.0,Intel(R) Xeon(R) Platinum 8352V CPU @ 2.10GHz,1
44428,0.8079720000000001,0.0,0.0,Intel(R) Xeon(R) Platinum 8352V CPU @ 2.10GHz,1
44429,0.803725,0.0,0.0,Intel(R) Xeon(R) Platinum 8352V CPU @ 2.10GHz,1
44430,0.7949339999999999,0.0,0.0,Intel(R) Xeon(R) Platinum 8352V CPU @ 2.10GHz,1
44431,0.7932980000000001,0.0,0.0,Intel(R) Xeon(R) Platinum 8352V CPU @ 2.10GHz,1
44432,0.7941619999999999,0.0,0.0,Intel(R) Xeon(R) Platinum 8352V CPU @ 2.10GHz,1
44438,0.5785480000000001,0.0,0.0,Intel(R) Xeon(R) Platinum 8352V CPU @ 2.10GHz,1
44439,0.605366,0.0,0.0,Intel(R) Xeon(R) Platinum 8352V CPU @ 2.10GHz,1
44440,0.565338,0.0,0.0,Intel(R) Xeon(R) Platinum 8352V CPU @ 2.10GHz,1
44441,0.599833,0.0,0.0,Intel(R) Xeon(R) Platinum 8352V CPU @ 2.10GHz,1
44442,0.5798300000000001,0.0,0.0,Intel(R) Xeon(R) Platinum 8352V CPU @ 2.10GHz,1
44443,0.8558929999999999,0.0,0.0,Intel(R) Xeon(R) Platinum 8352V CPU @ 2.10GHz,1
44444,0.853793,0.0,0.0,Intel(R) Xeon(R) Platinum 8352V CPU @ 2.10GHz,1
44445,0.855438,0.0,0.0,Intel(R) Xeon(R) Platinum 8352V CPU @ 2.10GHz,1
44446,0.8345049999999999,0.0,0.0,Intel(R) Xeon(R) Platinum 8352V CPU @ 2.10GHz,1
44447,0.849576,0.0,0.0,Intel(R) Xeon(R) Platinum 8352V CPU @ 2.10GHz,1
44448,0.6611180000000001,0.0,0.0,Intel(R) Xeon(R) Platinum 8352V CPU @ 2.10GHz,1
44449,0.662668,0.0,0.0,Intel(R) Xeon(R) Platinum 8352V CPU @ 2.10GHz,1
44450,0.664042,0.0,0.0,Intel(R) Xeon(R) Platinum 8352V CPU @ 2.10GHz,1
44451,0.657907,0.0,0.0,Intel(R) Xeon(R) Platinum 8352V CPU @ 2.10GHz,1
44452,0.651178,0.0,0.0,Intel(R) Xeon(R) Platinum 8352V CPU @ 2.10GHz,1
44453,0.737779,0.0,0.0,Intel(R) Xeon(R) Platinum 8352V CPU @ 2.10GHz,1
44454,0.743252,0.0,0.0,Intel(R) Xeon(R) Platinum 8352V CPU @ 2.10GHz,1
44455,0.742696,0.0,0.0,Intel(R) Xeon(R) Platinum 8352V CPU @ 2.10GHz,1
44456,0.7165619999999999,0.0,0.0,Intel(R) Xeon(R) Platinum 8352V CPU @ 2.10GHz,1
44457,0.742304,0.0,0.0,Intel(R) Xeon(R) Platinum 8352V CPU @ 2.10GHz,1
44458,0.7623960000000001,0.0,0.0,Intel(R) Xeon(R) Platinum 8352V CPU @ 2.10GHz,1
44459,0.7408249999999998,0.0,0.0,Intel(R) Xeon(R) Platinum 8352V CPU @ 2.10GHz,1
44460,0.7301040000000001,0.0,0.0,Intel(R) Xeon(R) Platinum 8352V CPU @ 2.10GHz,1
44461,0.7328220000000001,0.0,0.0,Intel(R) Xeon(R) Platinum 8352V CPU @ 2.10GHz,1
44462,0.762942,0.0,0.0,Intel(R) Xeon(R) Platinum 8352V CPU @ 2.10GHz,1
44463,0.8245669999999999,0.0,0.0,Intel(R) Xeon(R) Platinum 8352V CPU @ 2.10GHz,1
44464,0.8161749999999999,0.0,0.0,Intel(R) Xeon(R) Platinum 8352V CPU @ 2.10GHz,1
44465,0.815037,0.0,0.0,Intel(R) Xeon(R) Platinum 8352V CPU @ 2.10GHz,1
44466,0.8352029999999999,0.0,0.0,Intel(R) Xeon(R) Platinum 8352V CPU @ 2.10GHz,1
44467,0.8401819999999999,0.0,0.0,Intel(R) Xeon(R) Platinum 8352V CPU @ 2.10GHz,1
44483,0.9294273734702034,0.0,0.0,Intel(R) Xeon(R) Platinum 8352V CPU @ 2.10GHz,1
44484,0.9294273734702034,0.0,0.0,Intel(R) Xeon(R) Platinum 8352V CPU @ 2.10GHz,1
44485,0.9294273734702034,0.0,0.0,Intel(R) Xeon(R) Platinum 8352V CPU @ 2.10GHz,1
44486,0.9294273734702034,0.0,0.0,Intel(R) Xeon(R) Platinum 8352V CPU @ 2.10GHz,1
44487,0.9294273734702034,0.0,0.0,Intel(R) Xeon(R) Platinum 8352V CPU @ 2.10GHz,1
44488,0.9683413593297313,1.1102230246251565e-16,4.53717063919612e-11,Intel(R) Xeon(R) Platinum 8352V CPU @ 2.10GHz,1
44489,0.967827499804244,0.0,0.0,Intel(R) Xeon(R) Platinum 8352V CPU @ 2.10GHz,1
44490,0.9819708715057552,0.0,0.0,Intel(R) Xeon(R) Platinum 8352V CPU @ 2.10GHz,1
44491,0.9788632448516169,1.1102230246251565e-16,4.53717063919612e-11,Intel(R) Xeon(R) Platinum 8352V CPU @ 2.10GHz,1
44492,0.9627818886539816,0.0,0.0,Intel(R) Xeon(R) Platinum 8352V CPU @ 2.10GHz,1
44493,0.528985898589859,0.0,0.0,Intel(R) Xeon(R) Platinum 8352V CPU @ 2.10GHz,1
44494,0.5271707170717073,0.0,0.0,Intel(R) Xeon(R) Platinum 8352V CPU @ 2.10GHz,1
44495,0.5418301830183019,0.0,0.0,Intel(R) Xeon(R) Platinum 8352V CPU @ 2.10GHz,1
44497,0.5354095409540954,0.0,0.0,Intel(R) Xeon(R) Platinum 8352V CPU @ 2.10GHz,1
44498,0.7850666666666667,0.0,0.0,Intel(R) Xeon(R) Platinum 8352V CPU @ 2.10GHz,1
44499,0.7850666666666667,0.0,0.0,Intel(R) Xeon(R) Platinum 8352V CPU @ 2.10GHz,1
44500,0.7850666666666667,0.0,0.0,Intel(R) Xeon(R) Platinum 8352V CPU @ 2.10GHz,1
44501,0.7850666666666667,0.0,0.0,Intel(R) Xeon(R) Platinum 8352V CPU @ 2.10GHz,1
44502,0.7850666666666667,0.0,0.0,Intel(R) Xeon(R) Platinum 8352V CPU @ 2.10GHz,1
44538,0.6704019999999999,0.0,0.0,Intel(R) Xeon(R) Platinum 8352V CPU @ 2.10GHz,1
44539,0.6865680000000001,0.0,0.0,Intel(R) Xeon(R) Platinum 8352V CPU @ 2.10GHz,1
44540,0.660516,0.0,0.0,Intel(R) Xeon(R) Platinum 8352V CPU @ 2.10GHz,1
44541,0.6745439999999999,0.0,0.0,Intel(R) Xeon(R) Platinum 8352V CPU @ 2.10GHz,1
44542,0.677411,0.0,0.0,Intel(R) Xeon(R) Platinum 8352V CPU @ 2.10GHz,1
44568,0.9019389155799588,0.0,0.0,Intel(R) Xeon(R) Platinum 8352V CPU @ 2.10GHz,1
44569,0.8959159981983527,0.0,0.0,Intel(R) Xeon(R) Platinum 8352V CPU @ 2.10GHz,1
44570,0.9019094243308167,1.1102230246251565e-16,1.6564172256039456e-10,Intel(R) Xeon(R) Platinum 8352V CPU @ 2.10GHz,1
44571,0.9090757978723404,0.0,0.0,Intel(R) Xeon(R) Platinum 8352V CPU @ 2.10GHz,1
44572,0.9044496932910089,1.1102230246251565e-16,1.6564172256039456e-10,Intel(R) Xeon(R) Platinum 8352V CPU @ 2.10GHz,1
44598,0.9274445033836459,1.1102230246251565e-16,5.525446766796449e-11,Intel(R) Xeon(R) Platinum 8352V CPU @ 2.10GHz,1
44599,0.9274445033836459,1.1102230246251565e-16,5.525446766796449e-11,Intel(R) Xeon(R) Platinum 8352V CPU @ 2.10GHz,1
44600,0.9274445033836459,1.1102230246251565e-16,5.525446766796449e-11,Intel(R) Xeon(R) Platinum 8352V CPU @ 2.10GHz,1
44601,0.9274445033836459,1.1102230246251565e-16,5.525446766796449e-11,Intel(R) Xeon(R) Platinum 8352V CPU @ 2.10GHz,1
44602,0.9274445033836459,1.1102230246251565e-16,5.525446766796449e-11,Intel(R) Xeon(R) Platinum 8352V CPU @ 2.10GHz,1
44608,0.9037745786516854,0.0,0.0,Intel(R) Xeon(R) Platinum 8352V CPU @ 2.10GHz,1
44609,0.9037745786516854,0.0,0.0,Intel(R) Xeon(R) Platinum 8352V CPU @ 2.10GHz,1
44610,0.9037745786516854,0.0,0.0,Intel(R) Xeon(R) Platinum 8352V CPU @ 2.10GHz,1
44611,0.9037745786516854,0.0,0.0,Intel(R) Xeon(R) Platinum 8352V CPU @ 2.10GHz,1
44612,0.9037745786516854,0.0,0.0,Intel(R) Xeon(R) Platinum 8352V CPU @ 2.10GHz,1
44628,0.7977920420118694,0.0,0.0,Intel(R) Xeon(R) Platinum 8352V CPU @ 2.10GHz,1
44629,0.8026617213919494,0.0,0.0,Intel(R) Xeon(R) Platinum 8352V CPU @ 2.10GHz,1
44630,0.7978685942520751,0.0,0.0,Intel(R) Xeon(R) Platinum 8352V CPU @ 2.10GHz,1
44631,0.7968332252032941,0.0,0.0,Intel(R) Xeon(R) Platinum 8352V CPU @ 2.10GHz,1
44632,0.8063850309749503,0.0,0.0,Intel(R) Xeon(R) Platinum 8352V CPU @ 2.10GHz,1
44643,0.9931757883261996,0.0,0.0,Intel(R) Xeon(R) Platinum 8352V CPU @ 2.10GHz,1
44644,0.9919023228971289,1.1102230246251565e-16,2.2161472656989642e-10,Intel(R) Xeon(R) Platinum 8352V CPU @ 2.10GHz,1
44645,0.993280992000513,0.0,0.0,Intel(R) Xeon(R) Platinum 8352V CPU @ 2.10GHz,1
44646,0.9926076884849069,1.1102230246251565e-16,2.2161472656989642e-10,Intel(R) Xeon(R) Platinum 8352V CPU @ 2.10GHz,1
44647,0.9928451482069286,0.0,0.0,Intel(R) Xeon(R) Platinum 8352V CPU @ 2.10GHz,1
44658,0.8691097752469074,0.0,0.0,Intel(R) Xeon(R) Platinum 8352V CPU @ 2.10GHz,1
44659,0.8346240360889134,0.0,0.0,Intel(R) Xeon(R) Platinum 8352V CPU @ 2.10GHz,1
44660,0.8528228420430903,0.0,0.0,Intel(R) Xeon(R) Platinum 8352V CPU @ 2.10GHz,1
44661,0.849606203605187,0.0,0.0,Intel(R) Xeon(R) Platinum 8352V CPU @ 2.10GHz,1
44662,0.8355810014591148,0.0,0.0,Intel(R) Xeon(R) Platinum 8352V CPU @ 2.10GHz,1
44673,0.9834235727514783,1.1102230246251565e-16,2.191589132394256e-10,Intel(R) Xeon(R) Platinum 8352V CPU @ 2.10GHz,1
44674,0.9829438381202104,0.0,0.0,Intel(R) Xeon(R) Platinum 8352V CPU @ 2.10GHz,1
44675,0.9805578295528691,1.1102230246251565e-16,2.191589132394256e-10,Intel(R) Xeon(R) Platinum 8352V CPU @ 2.10GHz,1
44676,0.9851287330142533,1.1102230246251565e-16,2.191589132394256e-10,Intel(R) Xeon(R) Platinum 8352V CPU @ 2.10GHz,1
44677,0.9839220509744642,0.0,0.0,Intel(R) Xeon(R) Platinum 8352V CPU @ 2.10GHz,1
44678,0.9600329999999999,1.1102230246251565e-16,2.220446049250313e-10,Intel(R) Xeon(R) Platinum 8352V CPU @ 2.10GHz,1
44679,0.965598,0.0,0.0,Intel(R) Xeon(R) Platinum 8352V CPU @ 2.10GHz,1
44680,0.9669149999999999,1.1102230246251565e-16,2.220446049250313e-10,Intel(R) Xeon(R) Platinum 8352V CPU @ 2.10GHz,1
44681,0.9652769999999999,1.1102230246251565e-16,2.220446049250313e-10,Intel(R) Xeon(R) Platinum 8352V CPU @ 2.10GHz,1
44682,0.964438,0.0,0.0,Intel(R) Xeon(R) Platinum 8352V CPU @ 2.10GHz,1
44708,0.6799820631085731,0.0,0.0,Intel(R) Xeon(R) Platinum 8352V CPU @ 2.10GHz,1
44709,0.6981248627278718,0.0,0.0,Intel(R) Xeon(R) Platinum 8352V CPU @ 2.10GHz,1
44710,0.637887564975474,0.0,0.0,Intel(R) Xeon(R) Platinum 8352V CPU @ 2.10GHz,1
44711,0.745817775825463,0.0,0.0,Intel(R) Xeon(R) Platinum 8352V CPU @ 2.10GHz,1
44712,0.6966995204626987,0.0,0.0,Intel(R) Xeon(R) Platinum 8352V CPU @ 2.10GHz,1
44723,0.8920375700526657,0.0,0.0,Intel(R) Xeon(R) Platinum 8352V CPU @ 2.10GHz,1
44724,0.8968209849854302,0.0,0.0,Intel(R) Xeon(R) Platinum 8352V CPU @ 2.10GHz,1
44725,0.9086347159255461,1.1102230246251565e-16,1.6177259531957588e-10,Intel(R) Xeon(R) Platinum 8352V CPU @ 2.10GHz,1
44726,0.8946591834017561,0.0,0.0,Intel(R) Xeon(R) Platinum 8352V CPU @ 2.10GHz,1
44727,0.9140193175844371,1.1102230246251565e-16,1.6177259531957588e-10,Intel(R) Xeon(R) Platinum 8352V CPU @ 2.10GHz,1
44758,0.6592967526026458,0.0,0.0,Intel(R) Xeon(R) Platinum 8352V CPU @ 2.10GHz,1
44759,0.5956257937721909,0.0,0.0,Intel(R) Xeon(R) Platinum 8352V CPU @ 2.10GHz,1
44760,0.6675936998822668,0.0,0.0,Intel(R) Xeon(R) Platinum 8352V CPU @ 2.10GHz,1
44761,0.547920664497409,0.0,0.0,Intel(R) Xeon(R) Platinum 8352V CPU @ 2.10GHz,1
44762,0.652765803598743,0.0,0.0,Intel(R) Xeon(R) Platinum 8352V CPU @ 2.10GHz,1
44773,0.548765549208223,0.0,0.0,Intel(R) Xeon(R) Platinum 8352V CPU @ 2.10GHz,1
44774,0.5232005546303908,0.0,0.0,Intel(R) Xeon(R) Platinum 8352V CPU @ 2.10GHz,1
44775,0.5705643036320327,0.0,0.0,Intel(R) Xeon(R) Platinum 8352V CPU @ 2.10GHz,1
44776,0.533803644914756,0.0,0.0,Intel(R) Xeon(R) Platinum 8352V CPU @ 2.10GHz,1
44777,0.5254560827823334,0.0,0.0,Intel(R) Xeon(R) Platinum 8352V CPU @ 2.10GHz,1
45023,0.77939336,0.0,0.0,Intel(R) Xeon(R) Platinum 8352V CPU @ 2.10GHz,1
45039,0.7283418506415514,0.0,0.0,Intel(R) Xeon(R) Platinum 8352V CPU @ 2.10GHz,1
45059,0.8635814597693745,0.0,0.0,Intel(R) Xeon(R) Platinum 8352V CPU @ 2.10GHz,1
45063,0.9285146491028844,0.0,0.0,Intel(R) Xeon(R) Platinum 8352V CPU @ 2.10GHz,1
45077,0.9253347478741702,0.0,0.0,Intel(R) Xeon(R) Platinum 8352V CPU @ 2.10GHz,1
45545,0.8337481653620353,0.0,0.0,Intel(R) Xeon(R) Platinum 8352V CPU @ 2.10GHz,1
45553,0.7968183261126299,0.0,0.0,Intel(R) Xeon(R) Platinum 8352V CPU @ 2.10GHz,1
45562,0.7531726692333933,0.0,0.0,Intel(R) Xeon(R) Platinum 8352V CPU @ 2.10GHz,1
45604,0.999838767376594,0.0,0.0,Intel(R) Xeon(R) Platinum 8352V CPU @ 2.10GHz,1
45686,0.8565705128205128,0.0,0.0,Intel(R) Xeon(R) Platinum 8352V CPU @ 2.10GHz,1
45711,0.6120955315870571,0.0,0.0,Intel(R) Xeon(R) Platinum 8352V CPU @ 2.10GHz,1
45712,0.6363832232117208,0.0,0.0,Intel(R) Xeon(R) Platinum 8352V CPU @ 2.10GHz,1
45717,0.6120955315870571,0.0,0.0,Intel(R) Xeon(R) Platinum 8352V CPU @ 2.10GHz,1
46116,0.6586571428571427,0.0,0.0,Intel(R) Xeon(R) Platinum 8352V CPU @ 2.10GHz,1
46279,0.9927695909654317,1.1102230246251565e-16,3.2245317527213043e-12,Intel(R) Xeon(R) Platinum 8352V CPU @ 2.10GHz,1
46280,0.8449119387942717,0.0,0.0,Intel(R) Xeon(R) Platinum 8352V CPU @ 2.10GHz,1
46281,0.7175313397493412,0.0,0.0,Intel(R) Xeon(R) Platinum 8352V CPU @ 2.10GHz,1
46298,0.8902127245016367,0.0,0.0,Intel(R) Xeon(R) Platinum 8352V CPU @ 2.10GHz,1
46358,0.7666151646748929,0.0,0.0,Intel(R) Xeon(R) Platinum 8352V CPU @ 2.10GHz,1
46359,0.7666151646748929,0.0,0.0,Intel(R) Xeon(R) Platinum 8352V CPU @ 2.10GHz,1
46365,0.6281142857142857,0.0,0.0,Intel(R) Xeon(R) Platinum 8352V CPU @ 2.10GHz,1
46416,0.7733047619047619,0.0,0.0,Intel(R) Xeon(R) Platinum 8352V CPU @ 2.10GHz,1
46421,0.7689666666666666,0.0,0.0,Intel(R) Xeon(R) Platinum 8352V CPU @ 2.10GHz,1
46422,0.5847604938271606,0.0,0.0,Intel(R) Xeon(R) Platinum 8352V CPU @ 2.10GHz,1
46431,0.802970674204028,0.0,0.0,Intel(R) Xeon(R) Platinum 8352V CPU @ 2.10GHz,1
46482,0.7733047619047619,0.0,0.0,Intel(R) Xeon(R) Platinum 8352V CPU @ 2.10GHz,1
46483,0.7952354065131728,0.0,0.0,Intel(R) Xeon(R) Platinum 8352V CPU @ 2.10GHz,1
46502,0.7562523809523809,0.0,0.0,Intel(R) Xeon(R) Platinum 8352V CPU @ 2.10GHz,1
46517,0.802970674204028,0.0,0.0,Intel(R) Xeon(R) Platinum 8352V CPU @ 2.10GHz,1
46532,0.7348809523809523,0.0,0.0,Intel(R) Xeon(R) Platinum 8352V CPU @ 2.10GHz,1
46535,0.9240948792747128,0.0,0.0,Intel(R) Xeon(R) Platinum 8352V CPU @ 2.10GHz,1
46562,0.7756619047619047,0.0,0.0,Intel(R) Xeon(R) Platinum 8352V CPU @ 2.10GHz,1
46590,0.8930555555555555,0.0,0.0,Intel(R) Xeon(R) Platinum 8352V CPU @ 2.10GHz,1
46602,1.0,0.0,0.0,Intel(R) Xeon(R) Platinum 8352V CPU @ 2.10GHz,1
46667,0.8164040025015635,0.0,0.0,Intel(R) Xeon(R) Platinum 8352V CPU @ 2.10GHz,1
46846,0.9171819581855515,1.1102230246251565e-16,3.806377435466857e-11,Intel(R) Xeon(R) Platinum 8352V CPU @ 2.10GHz,1
46860,0.9440472255652357,1.1102230246251565e-16,3.998513520286906e-09,Intel(R) Xeon(R) Platinum 8352V CPU @ 2.10GHz,1
46868,0.9842001199999999,1.1102230246251565e-16,5.551115123125783e-09,Intel(R) Xeon(R) Platinum 8352V CPU @ 2.10GHz,1
46876,0.5460844287337101,0.0,0.0,Intel(R) Xeon(R) Platinum 8352V CPU @ 2.10GHz,1
46911,0.7660658207439649,0.0,0.0,Intel(R) Xeon(R) Platinum 8352V CPU @ 2.10GHz,1
46915,0.8194877289465994,0.0,0.0,Intel(R) Xeon(R) Platinum 8352V CPU @ 2.10GHz,1
46916,0.7302349132419956,0.0,0.0,Intel(R) Xeon(R) Platinum 8352V CPU @ 2.10GHz,1
46925,0.7369497215853259,0.0,0.0,Intel(R) Xeon(R) Platinum 8352V CPU @ 2.10GHz,1
46927,0.819128460845175,0.0,0.0,Intel(R) Xeon(R) Platinum 8352V CPU @ 2.10GHz,1
46930,0.9515395833333333,1.1102230246251565e-16,3.197442310920451e-10,Intel(R) Xeon(R) Platinum 8352V CPU @ 2.10GHz,1
46938,0.7304238001683974,0.0,0.0,Intel(R) Xeon(R) Platinum 8352V CPU @ 2.10GHz,1
46940,0.8778754139150868,0.0,0.0,Intel(R) Xeon(R) Platinum 8352V CPU @ 2.10GHz,1
46950,0.7955940133037693,0.0,0.0,Intel(R) Xeon(R) Platinum 8352V CPU @ 2.10GHz,1
46951,0.9396564102564103,1.1102230246251565e-16,3.4638958368304884e-10,Intel(R) Xeon(R) Platinum 8352V CPU @ 2.10GHz,1
46952,0.9241129178504504,0.0,0.0,Intel(R) Xeon(R) Platinum 8352V CPU @ 2.10GHz,1
46956,0.7593474340854818,0.0,0.0,Intel(R) Xeon(R) Platinum 8352V CPU @ 2.10GHz,1
46969,0.980942929485284,0.0,0.0,Intel(R) Xeon(R) Platinum 8352V CPU @ 2.10GHz,1
47044,0.6269296429479495,0.0,0.0,Intel(R) Xeon(R) Platinum 8352V CPU @ 2.10GHz,1
47050,0.6269296429479495,0.0,0.0,Intel(R) Xeon(R) Platinum 8352V CPU @ 2.10GHz,1
47052,0.6269296429479495,0.0,0.0,Intel(R) Xeon(R) Platinum 8352V CPU @ 2.10GHz,1
47150,0.9773167295711197,1.1102230246251565e-16,1.1789769160941432e-10,Intel(R) Xeon(R) Platinum 8352V CPU @ 2.10GHz,1
47151,0.9794273592526883,1.1102230246251565e-16,7.904938925662464e-10,Intel(R) Xeon(R) Platinum 8352V CPU @ 2.10GHz,1
47152,0.9794273592526883,1.1102230246251565e-16,7.904938925662464e-10,Intel(R) Xeon(R) Platinum 8352V CPU @ 2.10GHz,1
47153,0.9703055249786138,0.0,0.0,Intel(R) Xeon(R) Platinum 8352V CPU @ 2.10GHz,1
