openml_id,name,version,source_suite,family,family_size,n,p_raw,p_used,minority_rate,n_dropped_missing_cols,n_dropped_id_cols,best_feature_name,best_feature_fold_consistency,auc_best_feature,auc_lr,SCR,gap,N_eff,N_eff_norm,excluded_reason
3,kr-vs-kp,1,CC18,kr-vs-kp,1,3196,36,36,0.477784730914,0,0,wknck,1,0.676909497627,0.993748634034,0.35829870795,0.316839136407,14.8197121228,0.411658670077,
15,breast-w,1,CC18,breast-w,1,699,9,9,0.344778254649,0,0,Cell_Size_Uniformity,3,0.972304263531,0.994201743101,0.955691213404,0.0218974795702,8.64068458088,0.960076064543,
29,credit-approval,1,CC18,credit-approval,8,690,15,15,0.444927536232,0,0,A9,5,0.860555702027,0.929622983305,0.839237461769,0.0690672812784,8.57080649928,0.571387099952,
31,credit-g,1,CC18,credit-g,8,1000,20,20,0.3,0,0,checking_status,5,0.674114285714,0.785066666667,0.610784444741,0.110952380952,9.20213562409,0.460106781204,
37,diabetes,1,CC18,diabetes,1,768,8,8,0.348958333333,0,0,plas,5,0.78798880597,0.828014925373,0.877974700824,0.040026119403,5.81119352919,0.726399191149,
38,sick,1,CC18,sick,3,3772,29,26,0.0612407211029,1,2,T3,5,0.938140227465,0.950945693674,0.971603085719,0.0128054662085,7.31270105288,0.281257732803,
44,spambase,1,CC18,spambase,2,4601,57,57,0.394044772875,0,0,char_freq_%21,5,0.826539218192,0.970305524979,0.694312953706,0.143766306786,35.0548995748,0.614998238154,
50,tic-tac-toe,1,CC18,tic-tac-toe,1,958,9,9,0.346555323591,0,0,middle-middle-square,5,0.621309519227,0.990660725971,0.247237067909,0.369351206744,6.6325831206,0.736953680067,
1049,pc4,1,CC18,pc4,1,1458,37,37,0.122085048011,0,0,LOC_CODE_AND_COMMENT,5,0.868888254916,0.903774578652,0.913599504326,0.034886323736,30.8617966367,0.834102611802,
1050,pc3,1,CC18,pc3,1,1563,37,37,0.102367242482,0,0,LOC_BLANK,5,0.814446721311,0.811257127584,1.01024745603,-0.00318959372773,32.2920502675,0.872758115339,
1063,kc2,1,CC18,kc2,1,522,21,21,0.204980842912,0,0,uniq_Opnd,5,0.854194347483,0.828848102691,1.07707584318,-0.0253462447923,20.178934285,0.96090163262,
1067,kc1,1,CC18,kc1,1,2109,21,21,0.15457562826,0,0,b,5,0.797318918621,0.799155452484,0.993860938026,0.00183653386276,19.2463723657,0.916493922177,
1068,pc1,1,CC18,pc1,1,1109,21,21,0.0694319206492,0,0,lOBlank,2,0.757122722239,0.828362528944,0.783045261181,0.0712398067049,19.3859555659,0.923140741233,
1462,banknote-authentication,1,CC18,banknote-authentication,0,1372,4,4,0.444606413994,0,0,,,,,,,,,p_used_outside_5_100
1464,blood-transfusion-service-center,1,CC18,blood-transfusion-service-center,0,748,4,4,0.237967914439,0,0,,,,,,,,,p_used_outside_5_100
1480,ilpd,1,CC18,ilpd,2,583,10,10,0.286449399657,0,0,V7,3,0.697324101796,0.751209120221,0.785497364199,0.0538850184247,8.09703341153,0.809703341153,
1487,ozone-level-8hr,1,CC18,ozone-level-8hr,0,2534,73,,0.0631412786109,,,,,,,,,,,excluded_time_series_or_longitudinal_structure
1489,phoneme,1,CC18,phoneme,7,5404,5,5,0.29348630644,0,0,V4,2,0.705845807706,0.81123760352,0.661378334037,0.105391795814,4.22513528346,0.845027056692,
1494,qsar-biodeg,1,CC18,qsar-biodeg,1,1055,41,41,0.337440758294,0,0,V36,5,0.79825714102,0.927444503384,0.697768104769,0.129187362364,25.4269736488,0.620170088995,
1510,wdbc,1,CC18,wdbc,1,569,30,30,0.372583479789,0,0,V23,5,0.973316685165,0.994688441414,0.956797542735,0.0213717562497,24.2852572197,0.809508573992,
6332,cylinder-bands,2,CC18,cylinder-bands,1,540,37,37,0.422222222222,0,0,ink_type,2,0.597587719298,0.824224021592,0.30098855359,0.226636302294,18.8895642833,0.510528764413,
23381,dresses-sales,2,CC18,dresses-sales,1,500,12,10,0.42,2,0,V3,4,0.571100164204,0.645426929392,0.488906452888,0.0743267651888,5.747717072,0.5747717072,
40701,churn,1,CC18,churn,1,5000,20,20,0.1414,0,0,total_day_minutes,5,0.640176880821,0.860525884874,0.388812250943,0.220349004053,11.6420878599,0.582104392993,
40983,wilt,2,CC18,wilt,6,4839,5,5,0.0539367637942,0,0,Mean_G,5,0.709030278075,0.976888467081,0.438321101272,0.267858189007,4.09305744186,0.818611488372,
40981,Australian,4,AMLB,credit-approval,8,690,14,14,0.444927536232,0,0,A8,5,0.861440198672,0.92942737347,0.841679457345,0.0679871747986,8.3287494577,0.59491067555,
41146,sylvine,1,AMLB,sylvine,1,5124,20,20,0.5,0,0,V7,5,0.96168144764,0.965183968419,0.992470676084,0.00350252077898,3.68458958352,0.184229479176,
41156,ada,1,AMLB,ada,6,4147,48,48,0.248131179166,0,0,V44,5,0.764930236733,0.90489810879,0.654313346943,0.139967872057,16.4461437483,0.342627994755,
13,breast-cancer,1,openml-scan,breast-cancer,2,286,9,9,0.297202797203,0,0,deg-malig,5,0.685513608428,0.670734562482,1.08656153582,-0.0147790459467,6.00039810337,0.666710900375,
24,mushroom,1,openml-scan,mushroom,1,8124,22,21,0.482028557361,1,0,gill-color,5,0.803970779429,1,0.607941558858,0.196029220571,12.6599437821,0.602854465813,
25,colic,1,openml-scan,colic,2,368,26,19,0.369565217391,7,0,surgery,5,0.807619168357,0.889800963489,0.789169851207,0.0821817951318,11.4733941385,0.603862849396,
27,colic,2,openml-scan,colic,2,368,22,15,0.369565217391,7,0,surgery,5,0.802072768763,0.865365111562,0.826769604441,0.0632923427992,9.38037144387,0.625358096258,
40,sonar,1,openml-scan,sonar,1,208,60,60,0.466346153846,0,0,attribute_11,5,0.777607504412,0.847125475991,0.799732441472,0.0695179715798,40.2567241365,0.670945402276,
49,heart-c,1,openml-scan,heart-c,3,303,13,13,0.455445544554,0,0,thalach,0,0.748287220026,0.909486166008,0.606338481338,0.161198945982,10.3512685855,0.796251429656,
51,heart-h,1,openml-scan,heart-h,2,294,13,10,0.360544217687,3,0,exang,1,0.770900240867,0.894419911682,0.686832061069,0.123519670815,6.99250741156,0.699250741156,
53,heart-statlog,1,openml-scan,heart-statlog,1,270,13,13,0.444444444444,0,0,chest,1,0.754,0.893055555556,0.646219081272,0.139055555556,10.5308946613,0.810068820097,
56,vote,1,openml-scan,vote,1,435,16,15,0.386206896552,0,1,physician-fee-freeze,5,0.954130996968,0.989522026039,0.92770288733,0.0353910290708,12.1691323935,0.811275492903,
59,ionosphere,1,openml-scan,ionosphere,1,351,34,34,0.358974358974,0,0,a03,4,0.703915343915,0.894285714286,0.517176596887,0.19037037037,21.7690888356,0.640267318693,
333,monks-problems-1,1,openml-scan,monks,3,556,6,6,0.5,0,0,attr5,5,0.747218052896,0.741291858599,1.02456027456,-0.00592619429636,1.35810413352,0.22635068892,
334,monks-problems-2,1,openml-scan,monks,3,601,6,6,0.342762063228,0,0,attr4,4,0.545293105567,0.544561877842,1.01640926641,-0.000731227725206,3.88480350735,0.647467251225,
335,monks-problems-3,1,openml-scan,monks,3,554,6,6,0.480144404332,0,0,attr2,5,0.793552892648,0.986195958647,0.603774851328,0.192643065998,2.17069954724,0.361783257873,
336,SPECT,1,openml-scan,SPECT,1,267,22,22,0.205992509363,0,0,F13,5,0.72615780446,0.81320754717,0.722070098576,0.0870497427101,19.8296947125,0.90134975966,
337,SPECTF,1,openml-scan,SPECTF,2,349,44,44,0.272206303725,0,0,F20S,5,0.805884790717,0.88255283879,0.799588343625,0.0766680480729,31.6369440623,0.719021455961,
446,prnn_crabs,1,openml-scan,prnn_crabs,1,200,7,6,0.5,0,1,FL,5,0.7446,1,0.4892,0.2554,4.72368274032,0.787280456719,
450,analcatdata_lawsuit,1,openml-scan,analcatdata_lawsuit,0,264,4,4,0.0719696969697,0,0,,,,,,,,,p_used_outside_5_100
451,irish,1,openml-scan,irish,1,500,5,5,0.444,0,0,DVRT,5,0.74150139348,0.986194827921,0.496717323202,0.244693434442,4.18056301577,0.836112603153,
466,schizo,1,openml-scan,schizo,1,340,14,13,0.479411764706,0,1,sex,3,0.596218501958,0.620359779557,0.799424046076,0.0241412775987,9.43173067756,0.725517744428,
470,profb,1,openml-scan,profb,1,672,9,7,0.333333333333,2,0,Pointspread,5,0.655970982143,0.760871731505,0.597883799992,0.104900749362,2.70307606812,0.386153724017,
481,biomed,1,openml-scan,biomed,1,209,8,8,0.358851674641,0,0,ml,4,0.864527363184,0.952139303483,0.806227992958,0.0876119402985,6.31694474437,0.789618093046,
715,fri_c3_1000_25,2,openml-scan,fri_c,57,1000,25,25,0.443,0,0,oz4,5,0.703964725574,0.717139950801,0.939323808546,0.0131752252271,5.74423973342,0.229769589337,
717,rmftsa_ladata,2,openml-scan,rmftsa_ladata,0,508,11,,0.437007874016,,,,,,,,,,,excluded_time_series_or_longitudinal_structure
720,abalone,2,openml-scan,abalone,1,4177,8,8,0.498204452957,0,0,Shell weight,5,0.842617089919,0.872445765211,0.919911358705,0.0298286752919,7.03126863446,0.878908579308,
721,pwLinear,2,openml-scan,pwLinear,1,200,10,10,0.485,0,0,a1,5,0.820738664798,0.937443699329,0.733211303055,0.116705034531,5.89632088081,0.589632088081,
723,fri_c4_1000_25,2,openml-scan,fri_c,57,1000,25,25,0.453,0,0,oz4,5,0.682841588274,0.68325726116,0.997731752166,0.000415672885617,7.93149075937,0.317259630375,
725,bank8FM,2,openml-scan,bank8FM,2,8192,8,8,0.403686523438,0,0,a3pop,5,0.840307477176,0.989188406219,0.695657282245,0.148880929043,2.77949003234,0.347436254043,
728,analcatdata_supreme,2,openml-scan,analcatdata_supreme,1,4052,7,7,0.239634748272,0,0,Year_of_decision,5,0.993272443878,0.993828324226,0.998874344947,0.000555880348343,1.63881155052,0.234115935788,
730,fri_c1_250_5,2,openml-scan,fri_c,57,250,5,5,0.476,0,0,oz2,4,0.670280325871,0.739559946116,0.710804659258,0.069279620245,4.40887842289,0.881775684577,
732,fri_c0_250_50,2,openml-scan,fri_c,57,250,50,50,0.468,0,0,oz4,5,0.768106162843,0.851937536148,0.761800419976,0.0838313733051,15.0180007041,0.300360014083,
733,machine_cpu,2,openml-scan,machine_cpu,2,209,6,6,0.267942583732,0,0,CACH,3,0.920051353875,0.981909430439,0.871639622185,0.061858076564,5.96623908684,0.994373181139,
735,cpu_small,3,openml-scan,cpu_small,2,8192,12,12,0.302368164062,0,0,fork,5,0.870808604516,0.967830797493,0.792612642227,0.0970221929768,11.0202077869,0.91835064891,
737,space_ga,2,openml-scan,space_ga,1,3107,6,6,0.495976826521,0,0,ln(VOTES/POP),5,0.79148816968,0.900923916151,0.727041111635,0.109435746472,2.78281566247,0.463802610411,
740,fri_c3_1000_10,2,openml-scan,fri_c,57,1000,10,10,0.44,0,0,oz4,5,0.689161931818,0.717844967532,0.868332805485,0.0286830357143,3.7158334569,0.37158334569,
743,fri_c1_1000_5,2,openml-scan,fri_c,57,1000,5,5,0.457,0,0,oz4,5,0.6559715657,0.700924034157,0.776271322416,0.0449524684567,4.32512821341,0.865025642682,
744,fri_c3_250_5,2,openml-scan,fri_c,57,250,5,5,0.436,0,0,oz4,5,0.706064155117,0.756457804672,0.803501205125,0.0503936495543,4.11670260868,0.823340521737,
746,fri_c1_250_25,2,openml-scan,fri_c,57,250,25,25,0.428,0,0,oz4,3,0.631625383962,0.607476635514,1.22468835512,-0.0241487484478,12.3018861195,0.49207544478,
749,fri_c3_500_5,2,openml-scan,fri_c,57,500,5,5,0.474,0,0,oz4,5,0.656920312525,0.722273026263,0.705980006496,0.0653527137379,2.87143234137,0.574286468274,
750,pm10,2,openml-scan,pm10,0,500,8,,0.492,,,,,,,,,,,excluded_time_series_or_longitudinal_structure
751,fri_c4_1000_10,2,openml-scan,fri_c,57,1000,10,10,0.44,0,0,oz4,5,0.682901785714,0.71580762987,0.847522331923,0.0329058441558,3.53639843198,0.353639843198,
752,puma32H,2,openml-scan,puma32H,2,8192,32,32,0.49609375,0,0,tau4,5,0.669072337751,0.664283885163,1.02914742723,-0.00478845258805,2.98158964557,0.0931746764242,
757,meta,2,openml-scan,meta,1,528,21,19,0.102272727273,2,0,T,2,0.760743866229,0.890764181903,0.667266546691,0.130020315674,12.5948851747,0.662888693403,
761,cpu_act,3,openml-scan,cpu_small,2,8192,21,21,0.302368164062,0,0,vflt,5,0.908744138109,0.97958809852,0.852281654549,0.0708439604113,18.8913651811,0.899588818148,
763,fri_c0_250_10,2,openml-scan,fri_c,57,250,10,10,0.5,0,0,oz4,5,0.769664,0.883712,0.702777082812,0.114048,4.11956901077,0.411956901077,
766,fri_c1_500_50,2,openml-scan,fri_c,57,500,50,50,0.476,0,0,oz2,3,0.633515619988,0.662983514016,0.819197087474,0.0294678940278,19.8793244926,0.397586489852,
769,fri_c1_250_50,2,openml-scan,fri_c,57,250,50,50,0.452,0,0,oz4,3,0.681092952652,0.695303920935,0.927236646271,0.0142109682837,18.7782664753,0.375565329506,
770,strikes,2,openml-scan,strikes,1,625,6,6,0.496,0,0,strike_volume,5,0.756687147977,0.704659498208,1.25421566175,-0.0520276497696,2.7115303613,0.451921726884,
773,fri_c0_250_25,2,openml-scan,fri_c,57,250,25,25,0.496,0,0,oz4,4,0.722190220174,0.862519201229,0.612906073446,0.140328981055,10.0673336933,0.402693347734,
776,fri_c0_250_5,2,openml-scan,fri_c,57,250,5,5,0.5,0,0,oz4,3,0.709536,0.876864,0.555998981065,0.167328,4.25948346222,0.851896692444,
778,bodyfat,2,openml-scan,bodyfat,1,252,14,14,0.492063492063,0,0,Density,5,1,0.996219758065,1.00761808024,-0.00378024193548,11.4028694265,0.814490673322,
779,fri_c1_500_25,2,openml-scan,fri_c,57,500,25,25,0.466,0,0,oz4,5,0.723392969089,0.713201845333,1.04780035436,-0.0101911237562,5.51456031772,0.220582412709,
786,cleveland,2,openml-scan,heart-c,3,303,13,13,0.458745874587,0,0,cp,1,0.755944025268,0.910729952623,0.62314429136,0.154785927356,10.3583150488,0.796793465293,
792,fri_c2_500_5,2,openml-scan,fri_c,57,500,5,5,0.404,0,0,oz2,5,0.725181075154,0.767841717058,0.840724430937,0.0426606419031,4.22054121433,0.844108242865,
793,fri_c3_250_10,2,openml-scan,fri_c,57,250,10,10,0.46,0,0,oz4,5,0.679066022544,0.719291465378,0.816566309297,0.0402254428341,4.4177477874,0.44177477874,
794,fri_c2_250_25,2,openml-scan,fri_c,57,250,25,25,0.444,0,0,oz2,5,0.711452459654,0.727979778339,0.92750533049,0.0165273186856,7.81481878059,0.312592751223,
796,cpu,2,openml-scan,machine_cpu,2,209,7,7,0.253588516746,0,0,CACH,4,0.934748427673,0.999032414127,0.871182743577,0.0642839864538,5.97542220372,0.853631743389,
797,fri_c4_1000_50,2,openml-scan,fri_c,57,1000,50,50,0.44,0,0,oz4,5,0.671284496753,0.707524350649,0.825370594907,0.0362398538961,15.9744100985,0.31948820197,
798,cholesterol,2,openml-scan,cholesterol,1,303,13,13,0.452145214521,0,0,restecg,3,0.594912496702,0.636311670038,0.696290322581,0.0413991733357,9.12751997158,0.702116920891,
799,fri_c0_1000_5,2,openml-scan,fri_c,57,1000,5,5,0.497,0,0,oz4,5,0.756599237573,0.918641071079,0.612933740379,0.162041833506,3.86201817679,0.772403635358,
802,pbcseq,2,openml-scan,pbcseq,0,1945,19,,0.499742930591,,,,,,,,,,,excluded_time_series_or_longitudinal_structure
803,delta_ailerons,1,openml-scan,delta_ailerons,0,7129,6,,0.469350540048,,,,,,,,,,,excluded_time_series_or_longitudinal_structure
805,fri_c4_500_50,2,openml-scan,fri_c,57,500,50,50,0.472,0,0,oz4,5,0.695757896764,0.675221494607,1.11720252817,-0.0205364021572,14.5398909222,0.290797818443,
806,fri_c3_1000_50,2,openml-scan,fri_c,57,1000,50,50,0.445,0,0,oz4,5,0.686834699868,0.71240004049,0.879635895725,0.0255653406215,14.7066576447,0.294133152895,
807,kin8nm,2,openml-scan,kin8nm,1,8192,8,8,0.4912109375,0,0,theta3,5,0.757877340086,0.813906210053,0.821510794715,0.0560288699664,4.53780661342,0.567225826678,
810,pbc,3,openml-scan,pbc,1,418,18,16,0.44976076555,2,0,Z8,4,0.746010638298,0.765379278446,0.927015250545,0.019368640148,10.3010106091,0.643813163069,
813,fri_c3_1000_5,2,openml-scan,fri_c,57,1000,5,5,0.437,0,0,oz4,5,0.686600469047,0.714544102166,0.869753431405,0.0279436331194,3.23131920911,0.646263841821,
816,puma8NH,2,openml-scan,puma32H,2,8192,8,8,0.497802734375,0,0,theta2,5,0.750261997276,0.855385669765,0.704198335969,0.10512367249,2.10616312138,0.263270390172,
818,diggle_table_a2,2,openml-scan,diggle_table_a2,1,310,8,8,0.467741935484,0,0,col_6,5,0.999979101358,0.998495297806,1.00297656479,-0.00148380355277,7.0317000056,0.8789625007,
819,delta_elevators,3,openml-scan,delta_elevators,0,9517,7,,0.497215509089,,,,,,,,,,,excluded_time_series_or_longitudinal_structure
820,chatfield_4,2,openml-scan,chatfield_4,0,235,13,,0.395744680851,,,,,,,,,,,excluded_time_series_or_longitudinal_structure
824,fri_c1_500_10,2,openml-scan,fri_c,57,500,10,10,0.452,0,0,oz4,5,0.70420192494,0.722288611847,0.918634217218,0.0180866869065,4.12831421312,0.412831421312,
825,boston_corrected,2,openml-scan,boston_corrected,2,506,20,19,0.440711462451,0,1,CMEDV,5,0.920637310051,0.947044003233,0.940930438635,0.0264066931816,15.0572212166,0.792485327187,
826,sensory,2,openml-scan,sensory,1,576,11,11,0.414930555556,0,0,Judges,4,0.56064462461,0.653290788771,0.39561819139,0.0926461641608,6.51658646598,0.592416951453,
830,fri_c2_250_10,2,openml-scan,fri_c,57,250,10,10,0.364,0,0,oz2,5,0.807277628032,0.828184394222,0.936295672318,0.0209067661898,4.99903203429,0.499903203429,
831,autoMpg,2,openml-scan,autoMpg,1,398,7,7,0.474874371859,0,0,weight,5,0.944735576315,0.98017771702,0.92618953473,0.0354421407053,6.44181847535,0.920259782192,
832,fri_c3_250_25,2,openml-scan,fri_c,57,250,25,25,0.444,0,0,oz4,5,0.676129366777,0.715924557651,0.815698634249,0.0397951908743,12.7169647085,0.508678588338,
833,bank32nh,2,openml-scan,bank8FM,2,8192,32,32,0.310424804688,0,0,a2pop,5,0.737518749034,0.889589414348,0.609664278048,0.152070665314,7.08221143278,0.221319107274,
837,fri_c1_1000_50,2,openml-scan,fri_c,57,1000,50,50,0.453,0,0,oz4,5,0.676323998854,0.705683418688,0.85725918005,0.0293594198337,14.3887467424,0.287774934847,
838,fri_c4_500_25,2,openml-scan,fri_c,57,500,25,25,0.432,0,0,oz4,5,0.682234611372,0.716484089724,0.841792168675,0.0342494783516,6.99424254494,0.279769701797,
839,kdd_el_nino-small,2,openml-scan,kdd_el_nino-small,0,782,9,,0.350383631714,,,,,,,,,,,excluded_time_series_or_longitudinal_structure
840,autoHorse,2,openml-scan,autoHorse,1,205,25,25,0.40487804878,0,0,city-mpg,4,0.936895121469,0.993580880901,0.885154061625,0.0566857594312,14.15870913,0.5663483652,
841,stock,2,openml-scan,stock,0,950,10,,0.486315789474,,,,,,,,,,,excluded_time_series_or_longitudinal_structure
844,breastTumor,2,openml-scan,breast-cancer,2,286,9,9,0.41958041958,0,0,inv-nodes,3,0.612198795181,0.61797188755,0.951063829787,0.00577309236948,6.58359001525,0.731510001695,
845,fri_c0_1000_10,2,openml-scan,fri_c,57,1000,10,10,0.491,0,0,oz4,5,0.767152557429,0.907842140854,0.655039120944,0.140689583425,4.36358115609,0.436358115609,
847,wind,2,openml-scan,wind,0,6574,15,,0.467447520535,,,,,,,,,,,excluded_time_series_or_longitudinal_structure
849,fri_c0_1000_25,2,openml-scan,fri_c,57,1000,25,25,0.497,0,0,oz4,5,0.756831245925,0.902460488578,0.638152696262,0.145629242653,6.03950282363,0.241580112945,
853,boston,2,openml-scan,boston_corrected,2,506,13,13,0.413043478261,0,0,LSTAT,5,0.91837030593,0.930033992235,0.972877292225,0.0116636863048,10.6797457948,0.821518907295,
855,fri_c4_500_10,2,openml-scan,fri_c,57,500,10,10,0.448,0,0,oz4,5,0.715992171325,0.712182971014,1.01795243177,-0.00380920031056,3.57981195461,0.357981195461,
858,hungarian,2,openml-scan,heart-h,2,294,13,10,0.360544217687,3,0,cp,2,0.792001204336,0.894419911682,0.740330788804,0.102418707346,6.85751400426,0.685751400426,
863,fri_c4_250_10,2,openml-scan,fri_c,57,250,10,10,0.468,0,0,oz4,5,0.705867232183,0.679712100765,1.14553906669,-0.0261551314183,3.87306802842,0.387306802842,
866,fri_c2_1000_50,2,openml-scan,fri_c,57,1000,50,50,0.418,0,0,oz2,5,0.723556783242,0.756987947845,0.86991154689,0.0334311646032,11.0895080233,0.221790160465,
869,fri_c2_500_10,2,openml-scan,fri_c,57,500,10,10,0.428,0,0,oz1,3,0.731553493236,0.754231749559,0.910796915167,0.0226782563231,4.60276734397,0.460276734397,
870,fri_c1_500_5,2,openml-scan,fri_c,57,500,5,5,0.466,0,0,oz2,5,0.68502354889,0.724807509926,0.823030996389,0.0397839610358,3.97495576738,0.794991153477,
871,pollen,2,openml-scan,pollen,0,3848,6,,0.5,,,,,,,,,,,excluded_time_series_or_longitudinal_structure
873,fri_c3_250_50,2,openml-scan,fri_c,57,250,50,50,0.432,0,0,oz4,5,0.672633020344,0.595135628586,1.81459904044,-0.077497391758,22.050124439,0.44100248878,
877,fri_c2_250_50,2,openml-scan,fri_c,57,250,50,50,0.452,0,0,oz2,5,0.700116271559,0.72320909502,0.896541745044,0.023092823461,20.9982708606,0.419965417212,
879,fri_c2_500_25,2,openml-scan,fri_c,57,500,25,25,0.392,0,0,oz1,2,0.670901584318,0.670012083781,1.00523198421,-0.000889500537057,8.11437974684,0.324575189874,
880,mu284,2,openml-scan,mu284,1,284,10,10,0.5,0,0,LABEL,5,0.999876016663,0.998710573299,1.00233691329,-0.00116544336441,7.06939971411,0.706939971411,
884,fri_c0_500_5,2,openml-scan,fri_c,57,500,5,5,0.498,0,0,oz4,5,0.786324581193,0.906798508776,0.703848649924,0.120473927583,3.63235104201,0.726470208402,
886,no2,2,openml-scan,no2,0,500,8,,0.498,,,,,,,,,,,excluded_time_series_or_longitudinal_structure
888,fri_c0_500_50,2,openml-scan,fri_c,57,500,50,50,0.488,0,0,oz4,5,0.774133901127,0.884301357582,0.713330556134,0.110167456455,14.3167918548,0.286335837096,
896,fri_c3_500_25,2,openml-scan,fri_c,57,500,25,25,0.44,0,0,oz4,5,0.681152597403,0.705340909091,0.882204126808,0.0241883116883,6.34844188263,0.253937675305,
897,colleges_aaup,2,openml-scan,colleges_aaup,1,1161,15,15,0.299741602067,0,0,Number_of_associate_professors,5,0.991789314445,0.999201198909,0.985152510691,0.00741188446367,12.8277691918,0.855184612787,
900,chscase_census6,2,openml-scan,chscase_census,1,400,6,6,0.4125,0,0,col_3,2,0.533681495809,0.464758220503,,-0.0689232753063,2.70895150087,0.451491916811,auc_lr_le_0.52_no_usable_signal
903,fri_c2_1000_25,2,openml-scan,fri_c,57,1000,25,25,0.437,0,0,oz2,5,0.721063605806,0.760908178238,0.847285076685,0.0398445724319,7.66265826746,0.306506330698,
904,fri_c0_1000_50,2,openml-scan,fri_c,57,1000,50,50,0.49,0,0,oz4,5,0.759773909564,0.890692276911,0.664906692341,0.130918367347,10.2344100812,0.204688201623,
906,chscase_census5,2,openml-scan,chscase_census,1,400,7,7,0.4825,0,0,col_6,1,0.52501814723,0.453655728267,,-0.0713624189632,1,0.142857142857,auc_lr_le_0.52_no_usable_signal
907,chscase_census4,2,openml-scan,chscase_census,1,400,7,7,0.485,0,0,col_1,2,0.541337203483,0.463392052848,,-0.0779451506356,1.9284894996,0.275498499943,auc_lr_le_0.52_no_usable_signal
908,chscase_census3,2,openml-scan,chscase_census,1,400,7,7,0.48,0,0,col_4,2,0.548377403846,0.527418870192,1.76438356164,-0.0209585336538,3.78007572024,0.540010817177,
909,chscase_census2,2,openml-scan,chscase_census,1,400,7,7,0.4925,0,0,col_7,2,0.550411342552,0.504613538046,,-0.045797804506,2.96089753668,0.422985362383,auc_lr_le_0.52_no_usable_signal
910,fri_c1_1000_10,2,openml-scan,fri_c,57,1000,10,10,0.436,0,0,oz4,4,0.672996372568,0.74705169497,0.700243617389,0.0740553224022,5.42312508503,0.542312508503,
911,fri_c2_250_5,2,openml-scan,fri_c,57,250,5,5,0.44,0,0,oz2,5,0.730064935065,0.768051948052,0.858284883721,0.037987012987,4.28288159871,0.856576319742,
912,fri_c2_1000_5,2,openml-scan,fri_c,57,1000,5,5,0.416,0,0,oz2,5,0.749125312829,0.797039646997,0.838693808547,0.0479143341675,4.31016569814,0.862033139628,
913,fri_c2_1000_10,2,openml-scan,fri_c,57,1000,10,10,0.42,0,0,oz2,5,0.714751642036,0.780357142857,0.765993118091,0.065605500821,4.58277970307,0.458277970307,
915,plasma_retinol,2,openml-scan,plasma_retinol,1,315,13,13,0.422222222222,0,0,AGE,4,0.600408989507,0.586755349913,1.15738095238,-0.0136536395935,5.54191797983,0.426301383064,
917,fri_c1_1000_25,2,openml-scan,fri_c,57,1000,25,25,0.454,0,0,oz4,5,0.678448387149,0.718779751819,0.815653119929,0.0403313646706,9.71091875601,0.38843675024,
918,fri_c4_250_50,2,openml-scan,fri_c,57,250,50,50,0.46,0,0,oz2,3,0.631980676329,0.601996779388,1.29396905589,-0.0299838969404,23.4658769736,0.469317539472,
920,fri_c2_500_50,2,openml-scan,fri_c,57,500,50,50,0.41,0,0,oz2,5,0.769392310872,0.746093427036,1.0946749538,-0.0232988838363,13.4050321625,0.268100643249,
923,visualizing_soil,2,openml-scan,visualizing_soil,0,8641,4,4,0.449947922694,0,0,,,,,,,,,p_used_outside_5_100
925,visualizing_galaxy,2,openml-scan,visualizing_galaxy,0,323,4,4,0.458204334365,0,0,,,,,,,,,p_used_outside_5_100
926,fri_c0_500_25,2,openml-scan,fri_c,57,500,25,25,0.49,0,0,oz4,5,0.758343337335,0.871804721889,0.694836084982,0.113461384554,6.68747153799,0.26749886152,
930,colleges_usnews,2,openml-scan,colleges_usnews,1,1302,33,22,0.47158218126,11,0,In-state_tuition,3,0.772739754564,0.81150102265,0.875566161048,0.0387612680858,14.8151659434,0.673416633792,
933,fri_c4_250_25,2,openml-scan,fri_c,57,250,25,25,0.456,0,0,oz2,1,0.671117131063,0.619324045408,1.43405405405,-0.0517930856553,8.76422737256,0.350569094902,
934,socmob,2,openml-scan,socmob,1,1156,5,5,0.221453287197,0,0,counts_for_sons_first_occupation,5,0.964305555556,0.981514756944,0.964260282492,0.0172092013889,2.71342330212,0.542684660425,
935,fri_c1_250_10,2,openml-scan,fri_c,57,250,10,10,0.44,0,0,oz4,5,0.720616883117,0.737337662338,0.929548563611,0.0167207792208,5.76985271284,0.576985271284,
936,fri_c3_500_10,2,openml-scan,fri_c,57,500,10,10,0.456,0,0,oz4,5,0.679711687307,0.707011093911,0.868125876305,0.0272994066047,3.59108585839,0.359108585839,
937,fri_c3_500_50,2,openml-scan,fri_c,57,500,50,50,0.436,0,0,oz4,5,0.709049059796,0.667057062919,1.25136319377,-0.0419919968768,16.4056828469,0.328113656938,
939,chscase_whale,2,openml-scan,chscase_whale,1,228,8,8,0.486842105263,0,0,col_6,5,0.978593978594,0.987833987834,0.981059111357,0.00924000924001,2.29305340342,0.286631675427,
940,water-treatment,2,openml-scan,water-treatment,0,527,37,,0.151802656546,,,,,,,,,,,excluded_time_series_or_longitudinal_structure
943,fri_c0_500_10,2,openml-scan,fri_c,57,500,10,10,0.482,0,0,oz4,5,0.754393694228,0.912270302312,0.617055589018,0.157876608084,4.31330807495,0.431330807495,
949,arsenic-female-bladder,2,openml-scan,arsenic-female-bladder,0,559,4,4,0.143112701252,0,0,,,,,,,,,p_used_outside_5_100
953,splice,2,openml-scan,splice,0,3190,61,,0.481191222571,,,,,,,,,,,excluded_image_or_text_derived_high_dimensional_table
957,braziltourism,2,openml-scan,braziltourism,1,412,8,8,0.228155339806,0,0,Active,5,0.680800883179,0.661748962933,1.11778697001,-0.0190519202462,5.92279166926,0.740348958657,
958,segment,2,openml-scan,segment,1,2310,19,19,0.142857142857,0,0,exred-mean,5,0.945440006122,0.998936333027,0.892779251852,0.0534963269054,12.672312359,0.666963808368,
961,analcatdata_broadwaymult,2,openml-scan,analcatdata_broadwaymult,1,285,7,7,0.414035087719,0,0,Award,5,0.671978077743,0.838171115396,0.508553421369,0.166193037654,5.07130627295,0.724472324708,
962,mfeat-morphological,2,openml-scan,mfeat-morphological,2,2000,6,6,0.1,0,0,att6,5,0.976025,0.994622222222,0.962401159134,0.0185972222222,5.8139074986,0.968984583099,
966,analcatdata_halloffame,2,openml-scan,analcatdata_halloffame,1,1340,16,16,0.0932835820896,0,0,Runs,4,0.942442798354,0.96593909465,0.949572172488,0.0234962962963,13.4260650294,0.839129064339,
967,cars,2,openml-scan,cars,1,406,8,8,0.374384236453,0,0,displacement,5,0.927515022793,0.949699544136,0.950668125792,0.0221845213427,6.04511409126,0.755639261408,
970,analcatdata_authorship,2,openml-scan,analcatdata_authorship,0,841,71,,0.376932223543,,,,,,,,,,,excluded_image_or_text_derived_high_dimensional_table
971,mfeat-fourier,2,openml-scan,mfeat-morphological,2,2000,77,,0.1,,,,,,,,,,,excluded_image_or_text_derived_high_dimensional_table
975,autos,2,openml-scan,autos,1,205,25,25,0.326829268293,0,0,num-of-doors,5,0.718310620809,0.898550724638,0.54776119403,0.180240103829,13.9431077334,0.557724309336,
976,JapaneseVowels,2,openml-scan,JapaneseVowels,0,9961,15,,0.162031924506,,,,,,,,,,,excluded_time_series_or_longitudinal_structure
979,waveform-5000,2,openml-scan,waveform-5000,1,5000,40,40,0.3384,0,0,x11,5,0.854489331687,0.927140594761,0.829912530053,0.0726512630745,15.3049869028,0.382624672569,
980,optdigits,2,openml-scan,optdigits,0,5620,65,,0.101779359431,,,,,,,,,,,excluded_image_or_text_derived_high_dimensional_table
983,cmc,2,openml-scan,cmc,1,1473,9,8,0.427019687712,0,1,Wifes_education,5,0.632360475893,0.698020818421,0.668416972257,0.0656603425282,5.45053094847,0.681316368559,
984,analcatdata_draft,2,openml-scan,analcatdata_draft,0,366,4,4,0.0874316939891,0,0,,,,,,,,,p_used_outside_5_100
986,analcatdata_marketing,2,openml-scan,analcatdata_marketing,1,364,32,32,0.315934065934,0,0,X1i,4,0.600314300681,0.577300506373,1.29771854529,-0.0230137943077,13.0482101839,0.407756568246,
987,collins,2,openml-scan,collins,1,500,22,22,0.16,0,0,Genre,5,1,0.999970238095,1.00005952735,-2.97619047619e-05,15.9393641594,0.724516552702,
989,anneal,3,openml-scan,anneal,1,898,38,11,0.238307349666,27,0,thick,5,0.626277531836,0.802026971635,0.418100182088,0.175749439799,6.09357406294,0.553961278449,
990,eucalyptus,2,openml-scan,eucalyptus,1,736,19,19,0.290760869565,0,0,Vig,5,0.751839617574,0.831328105418,0.760091321733,0.0794884878433,8.76841104631,0.461495318227,
991,car,2,openml-scan,car,1,1728,6,6,0.299768518519,0,0,persons,5,0.731590829318,0.990767095313,0.471895592696,0.259176265994,3.66531916366,0.610886527276,
993,kdd_ipums_la_97-small,1,openml-scan,kdd_ipums_la_97-small,9,7019,60,51,0.369568314575,9,0,occscore,5,0.884072109039,0.980921640117,0.798616816132,0.0968495310778,30.1594462431,0.591361691041,
994,vehicle,2,openml-scan,vehicle,1,846,18,18,0.25768321513,0,0,MAX.LENGTH ASPECT RATIO,5,0.81494697014,0.984017998013,0.65069268381,0.169071027874,8.70899251915,0.48383291773,
995,mfeat-zernike,2,openml-scan,mfeat-morphological,2,2000,47,47,0.1,0,0,att19,5,0.9829375,0.997002777778,0.971699800471,0.0140652777778,38.681616042,0.823013107276,
996,prnn_fglass,2,openml-scan,prnn_fglass,2,214,9,9,0.355140186916,0,0,K,5,0.66504576659,0.663710907704,1.00815375655,-0.00133485888635,6.64281409468,0.738090454965,
997,balance-scale,2,openml-scan,balance-scale,0,625,4,4,0.4608,0,0,,,,,,,,,p_used_outside_5_100
999,audiology,2,openml-scan,audiology,1,226,69,67,0.252212389381,2,0,age_gt_60,5,0.896449704142,0.98972282778,0.809538950715,0.0932731236375,14.0051600119,0.209032238984,
1000,hypothyroid,2,openml-scan,sick,3,3772,29,26,0.0771474019088,1,2,TSH,5,0.987266170502,0.984720194359,1.00525246559,-0.00254597614344,5.40357721268,0.207829892795,
1002,ipums_la_98-small,2,openml-scan,kdd_ipums_la_97-small,9,7485,55,49,0.105678022712,6,0,occscore,5,0.714943699228,0.85092882771,0.612499408014,0.135985128483,31.1636734698,0.635993336117,
1003,primary-tumor,2,openml-scan,primary-tumor,1,339,17,16,0.247787610619,1,0,mediastinum,5,0.697735760971,0.858916900093,0.55092351717,0.161181139122,9.76526813554,0.610329258471,
1004,synthetic_control,2,openml-scan,synthetic_control,0,600,61,,0.166666666667,,,,,,,,,,,excluded_time_series_or_longitudinal_structure
1005,glass,2,openml-scan,prnn_fglass,2,214,9,9,0.355140186916,0,0,K,4,0.669431731503,0.673340961098,0.977447744774,0.00390922959573,6.48431053625,0.720478948472,
1008,analcatdata_reviewer,2,openml-scan,analcatdata_reviewer,0,379,7,1,0.430079155673,6,0,,,,,,,,,p_used_outside_5_100
1010,dermatology,2,openml-scan,dermatology,1,366,34,34,0.306010928962,0,0,clubbing_of_the_rete_ridges,3,0.978697975253,0.999964848144,0.957463263728,0.0212668728909,22.4845785954,0.66131113516,
1011,ecoli,2,openml-scan,ecoli,1,336,7,7,0.425595238095,0,0,alm1,5,0.952063480561,0.988985108156,0.924493349635,0.0369216275952,4.67903466339,0.668433523341,
1014,analcatdata_dmft,2,openml-scan,analcatdata_dmft,0,797,4,4,0.194479297365,0,0,,,,,,,,,p_used_outside_5_100
1016,vowel,3,openml-scan,vowel,1,990,12,12,0.0909090909091,0,0,Feature 1,5,0.938117283951,0.996111111111,0.883103147941,0.0579938271605,6.18471964038,0.515393303365,
1018,ipums_la_99-small,2,openml-scan,kdd_ipums_la_97-small,9,8844,56,51,0.064224332881,5,0,sei,5,0.661317363461,0.886175620665,0.417730573419,0.224858257204,32.6458009513,0.640113744142,
1020,mfeat-karhunen,2,openml-scan,mfeat-morphological,2,2000,65,,0.1,,,,,,,,,,,excluded_image_or_text_derived_high_dimensional_table
1021,page-blocks,2,openml-scan,page-blocks,1,5473,10,10,0.102320482368,0,0,mean_tr,5,0.886303466023,0.93885046233,0.880262183095,0.0525469963072,6.94627882613,0.694627882613,
1023,soybean,2,openml-scan,soybean,1,683,35,35,0.134699853587,0,0,leafspots-marg,4,0.704737732657,0.994997425145,0.41361373263,0.290259692489,23.7998353293,0.679995295124,
1024,cjs,2,openml-scan,cjs,1,2796,34,8,0.243204577969,26,0,N,5,0.67487455521,0.999907566997,0.349813779096,0.325033011787,5.57292032316,0.696615040395,
1025,analcatdata_germangss,2,openml-scan,analcatdata_germangss,1,400,5,5,0.225,0,0,Political_system,3,0.623243727599,0.957921146953,0.26913744521,0.334677419355,3.84263382202,0.768526764405,
1037,ada_prior,1,openml-scan,ada_prior,1,4562,14,14,0.248136782113,0,0,educationNum,5,0.724841478742,0.894681875779,0.569677739314,0.169840397037,8.18692632037,0.584780451455,
1048,jEdit_4.2_4.3,1,openml-scan,jEdit_4.2_4.3,1,369,8,8,0.447154471545,0,0,CBO,3,0.64881164587,0.666072489602,0.896064400716,0.0172608437314,5.72045933442,0.715057416802,
1065,kc3,1,openml-scan,kc3,1,458,39,39,0.0938864628821,0,0,CALL_PAIRS,3,0.825721490614,0.816727374615,1.0283970276,-0.00899411599888,35.5273662953,0.910958110137,
1071,mw1,1,openml-scan,mw1,1,403,37,37,0.0769230769231,0,0,CALL_PAIRS,2,0.79882067291,0.763570933056,1.13373910183,-0.0352497398543,30.2614217084,0.817876262389,
1073,jEdit_4.0_4.2,1,openml-scan,jEdit_4.0_4.2,1,274,8,8,0.489051094891,0,0,LOC,5,0.78342217484,0.79131130064,0.972918572736,0.00788912579957,5.52708037417,0.690885046771,
1121,badges2,1,openml-scan,badges2,1,294,10,10,0.285714285714,0,0,second_char_vowel,5,1,1,1,0,3.15445978019,0.315445978019,
1167,pc1_req,1,openml-scan,pc1_req,1,320,8,8,0.334375,0,0,CONTINUANCE,4,0.589838093984,0.618906585933,0.755535055351,0.0290684919486,4.31276201113,0.539095251391,
1412,lungcancer_GSE31210,1,openml-scan,lungcancer_GSE31210,1,226,23,23,0.154867256637,0,0,OS_years,5,0.840014958863,0.818399401645,1.06788818417,-0.0216155572177,13.0309513591,0.566563102568,
1442,MegaWatt1,1,openml-scan,MegaWatt1,1,253,37,37,0.106719367589,0,0,ak,2,0.771222549984,0.668633235005,1.60835762877,-0.102589314979,28.4617245734,0.76923579928,
1443,PizzaCutter1,1,openml-scan,PizzaCutter1,1,661,37,37,0.0786686838124,0,0,a,5,0.831754452444,0.841922445371,0.97026228297,0.0101679929266,30.84654949,0.833690526756,
1444,PizzaCutter3,1,openml-scan,PizzaCutter3,1,1043,37,37,0.121764141898,0,0,a,4,0.81043049204,0.813232816422,0.991053541535,0.00280232438194,30.1603979072,0.815145889385,
1446,CostaMadre1,2,openml-scan,CostaMadre1,1,296,37,37,0.128378378378,0,0,e,5,0.788249694002,0.746634026928,1.16873449132,-0.0416156670747,31.4452913222,0.849872738438,
1447,CastMetal1,1,openml-scan,CastMetal1,1,327,37,37,0.128440366972,0,0,e,5,0.775856307435,0.72656641604,1.21755162242,-0.0492898913952,30.7836682937,0.831991034965,
1449,MeanWhile1,1,openml-scan,MeanWhile1,1,253,37,37,0.106719367589,0,0,ak,2,0.771222549984,0.668633235005,1.60835762877,-0.102589314979,28.4617245734,0.76923579928,
1451,PieChart1,1,openml-scan,PieChart1,1,705,37,37,0.086524822695,0,0,a,5,0.828377965584,0.846324203238,0.948180815877,0.017946237654,30.5757962533,0.826372871711,
1453,PieChart3,1,openml-scan,PieChart3,1,1077,37,37,0.124419684308,0,0,a,5,0.806053243855,0.824567512385,0.94295711116,0.0185142685301,30.5894348293,0.826741481872,
1467,climate-model-simulation-crashes,1,openml-scan,climate-model-simulation-crashes,1,540,20,20,0.0851851851852,0,0,V3,5,0.810024643549,0.838496743531,0.915886635465,0.0284720999824,7.26803765827,0.363401882914,
1495,qualitative-bankruptcy,1,openml-scan,qualitative-bankruptcy,1,250,6,6,0.428,0,0,V5,5,0.641199921574,0.999934644794,0.282436760573,0.358734723221,4.14200332656,0.690333887759,
1496,ringnorm,1,openml-scan,ringnorm,1,7400,20,20,0.495135135135,0,0,V19,2,0.593168425587,0.813862802498,0.296844432807,0.220694376911,19.9029443425,0.995147217127,
1498,sa-heart,1,openml-scan,sa-heart,1,462,9,9,0.34632034632,0,0,V9,5,0.723013245033,0.771688741722,0.82084095064,0.0486754966887,7.26577093493,0.807307881659,
1504,steel-plates-fault,1,openml-scan,steel-plates-fault,1,1941,33,33,0.346728490469,0,0,V33,4,0.64812612203,0.999211356467,0.296720257084,0.351085234437,23.0688471218,0.699055973388,
1506,thoracic-surgery,1,openml-scan,thoracic-surgery,2,470,16,16,0.148936170213,0,0,V10,5,0.6045,0.653571428571,0.680465116279,0.0490714285714,9.40000678742,0.587500424214,
1507,twonorm,1,openml-scan,twonorm,1,7400,20,20,0.499594594595,0,0,V1,1,0.745470577738,0.997780130023,0.493130526778,0.252309552285,19.9869626976,0.99934813488,
1511,wholesale-customers,1,openml-scan,wholesale-customers,1,440,8,8,0.322727272727,0,0,V6,5,0.959932413272,0.952642026657,1.01610629633,-0.00729038661499,4.7910494396,0.59888117995,
1524,vertebra-column,2,openml-scan,vertebra-column,1,310,6,6,0.322580645161,0,0,V6,5,0.865785714286,0.930857142857,0.848972148541,0.0650714285714,5.4507130146,0.908452169101,
1547,autoUniv-au1-1000,1,openml-scan,autoUniv-au1-1000,1,1000,20,20,0.259,0,0,V16,3,0.587458771669,0.67067356541,0.512433026515,0.0832147937411,10.0850915111,0.504254575554,
1558,bank-marketing,2,openml-scan,bank-marketing,6,4521,16,16,0.115239991152,0,0,V12,5,0.815057821497,0.887152111324,0.813783038453,0.0720942898273,7.316192303,0.457262018937,
1600,SPECTF,2,openml-scan,SPECTF,2,267,44,44,0.205992509363,0,0,F20S,5,0.791981132075,0.828902229846,0.887744458931,0.0369210977702,30.928108695,0.70291156125,
4329,thoracic_surgery,1,openml-scan,thoracic-surgery,2,470,16,16,0.148936170213,0,0,PRE14,5,0.6045,0.653571428571,0.680465116279,0.0490714285714,9.40000678742,0.587500424214,
23499,breast-cancer-dropped-missing-attributes-values,1,openml-scan,breast-cancer-dropped-missing-attributes-values,1,277,9,9,0.292418772563,0,0,deg-malig,5,0.678539934492,0.703892668178,0.875656472042,0.0253527336861,6.20468680407,0.689409644896,
40589,emotions,3,openml-scan,emotions,0,593,78,,0.29173693086,,,,,,,,,,,processing_failure:NotImplementedError:Number of requested targets 6 is not implemented.
40646,GAMETES_Epistasis_2-Way_20atts_0.1H_EDM-1_1,1,openml-scan,gametes,1,1600,20,20,0.5,0,0,N6,2,0.51935703125,0.492290625,,-0.02706640625,9.55085331809,0.477542665905,auc_lr_le_0.52_no_usable_signal
40647,GAMETES_Epistasis_2-Way_20atts_0.4H_EDM-1_1,1,openml-scan,gametes,1,1600,20,20,0.5,0,0,N9,3,0.5248546875,0.4710796875,,-0.053775,7.46538484454,0.373269242227,auc_lr_le_0.52_no_usable_signal
40648,GAMETES_Epistasis_3-Way_20atts_0.2H_EDM-1_1,1,openml-scan,gametes,1,1600,20,20,0.5,0,0,P3,0,0.53073984375,0.5228421875,1.34574868322,-0.00789765625,7.85727769378,0.392863884689,
40649,GAMETES_Heterogeneity_20atts_1600_Het_0.4_0.2_50_EDM-2_001,1,openml-scan,gametes,1,1600,20,20,0.5,0,0,N13,4,0.53208359375,0.4773453125,,-0.05473828125,3.25414725514,0.162707362757,auc_lr_le_0.52_no_usable_signal
40650,GAMETES_Heterogeneity_20atts_1600_Het_0.4_0.2_75_EDM-2_001,1,openml-scan,gametes,1,1600,20,20,0.5,0,0,N2,4,0.53119296875,0.495075,,-0.03611796875,8.53765421596,0.426882710798,auc_lr_le_0.52_no_usable_signal
40680,mofn-3-7-10,1,openml-scan,mofn-3-7-10,1,1324,10,10,0.220543806647,0,0,Bit-3,2,0.663711572157,1,0.327423144313,0.336288427843,7.09487124649,0.709487124649,
40690,threeOf9,1,openml-scan,threeOf9,1,512,9,9,0.46484375,0,0,F3,2,0.655952892106,0.900601116359,0.389297197979,0.244648224253,7.91765140891,0.879739045434,
40693,xd6,1,openml-scan,xd6,1,973,9,9,0.330935251799,0,0,Attribute_3,1,0.61434629953,0.85420900478,0.322821548822,0.23986270525,8.9822565362,0.998028504023,
40702,solar-flare,5,openml-scan,solar-flare,1,1066,10,10,0.170731707317,0,0,spot_dist_code,5,0.712983566208,0.746786584456,0.863027326533,0.0338030182487,5.57858511609,0.557858511609,
40705,tokyo1,1,openml-scan,tokyo1,1,959,44,44,0.360792492179,0,0,cpu_avg_sys,5,0.966267951607,0.969358504088,0.993415369161,0.00309055248046,33.3435348867,0.757807611061,
40706,parity5_plus_5,1,openml-scan,parity5_plus_5,0,1124,10,10,0.495551601423,0,0,Bit_9,1,0.496149693337,0.402097403893,,-0.0940522894443,,,auc_lr_le_0.52_no_usable_signal
40710,cleve,1,openml-scan,heart-c,3,303,13,13,0.455445544554,0,0,Max_heart_rate,2,0.74743083004,0.917435221783,0.592740662809,0.170004391744,9.64589641621,0.741992032016,
40945,Titanic,1,openml-scan,Titanic,2,1309,13,8,0.381970970206,5,0,sex,5,0.75905315204,0.839024721879,0.764112866471,0.0799715698393,5.62383775475,0.702979719343,
40999,jungle_chess_2pcs_endgame_elephant_elephant,1,openml-scan,jungle_chess_2pcs_endgame_elephant_elephant,1,2351,46,46,0.440238196512,0,0,white_unopposed_to_den_quick_detour,5,0.746453900709,0.992233088117,0.500685359556,0.245779187407,23.4051877366,0.508808429057,
41005,jungle_chess_2pcs_endgame_rat_rat,1,openml-scan,jungle_chess_2pcs_endgame_rat_rat,1,3660,46,46,0.438524590164,0,0,white_unopposed_to_den_quick_detour,5,0.762020601678,0.995199915107,0.529120853386,0.233179313429,23.77564266,0.516861796956,
41007,jungle_chess_2pcs_endgame_lion_lion,1,openml-scan,jungle_chess_2pcs_endgame_lion_lion,1,2352,46,46,0.403486394558,0,0,fastest_to_den,5,0.845085835185,0.994554796398,0.69777067718,0.149468961213,24.9520672637,0.542436244863,
41430,DiabeticMellitus,1,openml-scan,DiabeticMellitus,1,281,97,97,0.35231316726,0,0,GLU,5,0.996531246531,0.983072483072,1.02786075368,-0.0134587634588,15.8860570753,0.163773784282,
41538,conference_attendance,1,openml-scan,conference_attendance,1,246,6,6,0.126016260163,0,0,participation,2,0.580570142536,0.606976744186,0.753155680224,0.0264066016504,1.96435496046,0.32739249341,
41707,FOREX_usddkk-day-High,1,openml-scan,FOREX_usddkk-day-High,0,1832,12,,0.486899563319,,,,,,,,,,,excluded_time_series_or_longitudinal_structure
41713,FOREX_eurnzd-day-High,1,openml-scan,FOREX_eurnzd-day-High,0,1832,12,,0.478711790393,,,,,,,,,,,excluded_time_series_or_longitudinal_structure
41716,FOREX_eurcad-day-Close,1,openml-scan,FOREX_eurcad-day-Close,0,1834,12,,0.482006543075,,,,,,,,,,,excluded_time_series_or_longitudinal_structure
41719,FOREX_eurjpy-day-High,1,openml-scan,FOREX_eurjpy-day-High,0,1832,12,,0.489628820961,,,,,,,,,,,excluded_time_series_or_longitudinal_structure
41720,FOREX_eurusd-day-High,1,openml-scan,FOREX_eurusd-day-High,0,1837,12,,0.479041916168,,,,,,,,,,,excluded_time_series_or_longitudinal_structure
41721,FOREX_audcad-day-High,1,openml-scan,FOREX_audcad-day-High,0,1834,12,,0.492366412214,,,,,,,,,,,excluded_time_series_or_longitudinal_structure
41722,FOREX_usdjpy-day-Close,1,openml-scan,FOREX_usdjpy-day-Close,0,1835,12,,0.491553133515,,,,,,,,,,,excluded_time_series_or_longitudinal_structure
41724,FOREX_chfjpy-day-Close,1,openml-scan,FOREX_chfjpy-day-Close,0,1832,12,,0.497270742358,,,,,,,,,,,excluded_time_series_or_longitudinal_structure
41725,FOREX_eurcad-day-High,1,openml-scan,FOREX_eurcad-day-High,0,1834,12,,0.491275899673,,,,,,,,,,,excluded_time_series_or_longitudinal_structure
41726,FOREX_audusd-day-High,1,openml-scan,FOREX_audusd-day-High,0,1834,12,,0.477644492912,,,,,,,,,,,excluded_time_series_or_longitudinal_structure
41730,FOREX_usdchf-day-High,1,openml-scan,FOREX_usdchf-day-High,0,1835,12,,0.499182561308,,,,,,,,,,,excluded_time_series_or_longitudinal_structure
41731,FOREX_eursek-day-High,1,openml-scan,FOREX_eursek-day-High,0,1837,12,,0.48502994012,,,,,,,,,,,excluded_time_series_or_longitudinal_structure
41733,FOREX_eurhkd-day-High,1,openml-scan,FOREX_eurhkd-day-High,0,1832,12,,0.475982532751,,,,,,,,,,,excluded_time_series_or_longitudinal_structure
41737,FOREX_audusd-day-Close,1,openml-scan,FOREX_audusd-day-Close,0,1834,12,,0.497273718648,,,,,,,,,,,excluded_time_series_or_longitudinal_structure
41740,FOREX_audchf-day-Close,1,openml-scan,FOREX_audchf-day-Close,0,1833,12,,0.495362793235,,,,,,,,,,,excluded_time_series_or_longitudinal_structure
41744,FOREX_eurrub-day-High,1,openml-scan,FOREX_eurrub-day-High,0,1832,12,,0.484716157205,,,,,,,,,,,excluded_time_series_or_longitudinal_structure
41746,FOREX_cadchf-day-High,1,openml-scan,FOREX_cadchf-day-High,0,1831,12,,0.483888585472,,,,,,,,,,,excluded_time_series_or_longitudinal_structure
41750,FOREX_eurhuf-day-Close,1,openml-scan,FOREX_eurhuf-day-Close,0,1834,12,,0.493456924755,,,,,,,,,,,excluded_time_series_or_longitudinal_structure
41753,FOREX_usdcad-day-High,1,openml-scan,FOREX_usdcad-day-High,0,1833,12,,0.497545008183,,,,,,,,,,,excluded_time_series_or_longitudinal_structure
41754,FOREX_eurjpy-day-Close,1,openml-scan,FOREX_eurjpy-day-Close,0,1832,12,,0.489082969432,,,,,,,,,,,excluded_time_series_or_longitudinal_structure
41756,FOREX_audsgd-day-High,1,openml-scan,FOREX_audsgd-day-High,0,1832,12,,0.492358078603,,,,,,,,,,,excluded_time_series_or_longitudinal_structure
41760,FOREX_eurhuf-day-High,1,openml-scan,FOREX_eurhuf-day-High,0,1834,12,,0.480370774264,,,,,,,,,,,excluded_time_series_or_longitudinal_structure
41764,FOREX_gbpusd-day-High,1,openml-scan,FOREX_gbpusd-day-High,0,1834,12,,0.489094874591,,,,,,,,,,,excluded_time_series_or_longitudinal_structure
41765,FOREX_eurtry-day-Close,1,openml-scan,FOREX_eurtry-day-Close,0,1832,12,,0.489628820961,,,,,,,,,,,excluded_time_series_or_longitudinal_structure
41766,FOREX_eurgbp-day-High,1,openml-scan,FOREX_eurgbp-day-High,0,1835,12,,0.488828337875,,,,,,,,,,,excluded_time_series_or_longitudinal_structure
41769,FOREX_audcad-day-Close,1,openml-scan,FOREX_audcad-day-Close,0,1834,12,,0.490185387132,,,,,,,,,,,excluded_time_series_or_longitudinal_structure
41783,FOREX_eurdkk-day-Close,1,openml-scan,FOREX_eurdkk-day-Close,0,1836,12,,0.479302832244,,,,,,,,,,,excluded_time_series_or_longitudinal_structure
41784,FOREX_gbpusd-day-Close,1,openml-scan,FOREX_gbpusd-day-Close,0,1834,12,,0.491821155943,,,,,,,,,,,excluded_time_series_or_longitudinal_structure
41785,FOREX_eurtry-day-High,1,openml-scan,FOREX_eurtry-day-High,0,1832,12,,0.491266375546,,,,,,,,,,,excluded_time_series_or_longitudinal_structure
41788,FOREX_audnzd-day-High,1,openml-scan,FOREX_audnzd-day-High,0,1832,12,,0.452510917031,,,,,,,,,,,excluded_time_series_or_longitudinal_structure
41790,FOREX_cadjpy-day-Close,1,openml-scan,FOREX_cadjpy-day-Close,0,1834,12,,0.496728462377,,,,,,,,,,,excluded_time_series_or_longitudinal_structure
41791,FOREX_eurusd-day-Close,1,openml-scan,FOREX_eurusd-day-Close,0,1837,12,,0.495917256396,,,,,,,,,,,excluded_time_series_or_longitudinal_structure
41797,FOREX_usdjpy-day-High,1,openml-scan,FOREX_usdjpy-day-High,0,1835,12,,0.498092643052,,,,,,,,,,,excluded_time_series_or_longitudinal_structure
41801,FOREX_eursgd-day-High,1,openml-scan,FOREX_eursgd-day-High,0,1832,12,,0.481441048035,,,,,,,,,,,excluded_time_series_or_longitudinal_structure
41803,FOREX_eurchf-day-High,1,openml-scan,FOREX_eurchf-day-High,0,1833,12,,0.466448445172,,,,,,,,,,,excluded_time_series_or_longitudinal_structure
41811,FOREX_cadchf-day-Close,1,openml-scan,FOREX_cadchf-day-Close,0,1831,12,,0.481703986892,,,,,,,,,,,excluded_time_series_or_longitudinal_structure
41812,FOREX_eurnok-day-Close,1,openml-scan,FOREX_eurnok-day-Close,0,1837,12,,0.498639085465,,,,,,,,,,,excluded_time_series_or_longitudinal_structure
41815,FOREX_eurrub-day-Close,1,openml-scan,FOREX_eurrub-day-Close,0,1832,12,,0.498908296943,,,,,,,,,,,excluded_time_series_or_longitudinal_structure
41818,FOREX_euraud-day-Close,1,openml-scan,FOREX_euraud-day-Close,0,1834,12,,0.484187568157,,,,,,,,,,,excluded_time_series_or_longitudinal_structure
41821,FOREX_eurpln-day-Close,1,openml-scan,FOREX_eurpln-day-Close,0,1832,12,,0.489628820961,,,,,,,,,,,excluded_time_series_or_longitudinal_structure
41826,FOREX_eurnzd-day-Close,1,openml-scan,FOREX_eurnzd-day-Close,0,1832,12,,0.478711790393,,,,,,,,,,,excluded_time_series_or_longitudinal_structure
41829,FOREX_nzdusd-day-Close,1,openml-scan,FOREX_nzdusd-day-Close,0,1828,12,,0.486323851204,,,,,,,,,,,excluded_time_series_or_longitudinal_structure
41830,FOREX_nzdusd-day-High,1,openml-scan,FOREX_nzdusd-day-High,0,1828,12,,0.486323851204,,,,,,,,,,,excluded_time_series_or_longitudinal_structure
41834,FOREX_usdcad-day-Close,1,openml-scan,FOREX_usdcad-day-Close,0,1833,12,,0.476268412439,,,,,,,,,,,excluded_time_series_or_longitudinal_structure
41839,FOREX_cadjpy-day-High,1,openml-scan,FOREX_cadjpy-day-High,0,1834,12,,0.498364231189,,,,,,,,,,,excluded_time_series_or_longitudinal_structure
41841,FOREX_chfsgd-day-Close,1,openml-scan,FOREX_chfsgd-day-Close,0,1832,12,,0.490720524017,,,,,,,,,,,excluded_time_series_or_longitudinal_structure
41844,FOREX_eurgbp-day-Close,1,openml-scan,FOREX_eurgbp-day-Close,0,1835,12,,0.490463215259,,,,,,,,,,,excluded_time_series_or_longitudinal_structure
41846,FOREX_eursek-day-Close,1,openml-scan,FOREX_eursek-day-Close,0,1837,12,,0.49646162221,,,,,,,,,,,excluded_time_series_or_longitudinal_structure
41847,FOREX_eurdkk-day-High,1,openml-scan,FOREX_eurdkk-day-High,0,1836,12,,0.488562091503,,,,,,,,,,,excluded_time_series_or_longitudinal_structure
41848,FOREX_chfjpy-day-High,1,openml-scan,FOREX_chfjpy-day-High,0,1832,12,,0.489082969432,,,,,,,,,,,excluded_time_series_or_longitudinal_structure
41849,FOREX_audsgd-day-Close,1,openml-scan,FOREX_audsgd-day-Close,0,1832,12,,0.496179039301,,,,,,,,,,,excluded_time_series_or_longitudinal_structure
41857,FOREX_audjpy-day-Close,1,openml-scan,FOREX_audjpy-day-Close,0,1832,12,,0.477620087336,,,,,,,,,,,excluded_time_series_or_longitudinal_structure
41858,FOREX_usdchf-day-Close,1,openml-scan,FOREX_usdchf-day-Close,0,1835,12,,0.48174386921,,,,,,,,,,,excluded_time_series_or_longitudinal_structure
41863,FOREX_eurnok-day-High,1,openml-scan,FOREX_eurnok-day-High,0,1837,12,,0.482852476864,,,,,,,,,,,excluded_time_series_or_longitudinal_structure
41864,FOREX_chfsgd-day-High,1,openml-scan,FOREX_chfsgd-day-High,0,1832,12,,0.454694323144,,,,,,,,,,,excluded_time_series_or_longitudinal_structure
41866,FOREX_euraud-day-High,1,openml-scan,FOREX_euraud-day-High,0,1834,12,,0.490730643402,,,,,,,,,,,excluded_time_series_or_longitudinal_structure
41867,FOREX_audnzd-day-Close,1,openml-scan,FOREX_audnzd-day-Close,0,1832,12,,0.481441048035,,,,,,,,,,,excluded_time_series_or_longitudinal_structure
41868,FOREX_eurpln-day-High,1,openml-scan,FOREX_eurpln-day-High,0,1832,12,,0.471069868996,,,,,,,,,,,excluded_time_series_or_longitudinal_structure
41872,FOREX_eurhkd-day-Close,1,openml-scan,FOREX_eurhkd-day-Close,0,1832,12,,0.499454148472,,,,,,,,,,,excluded_time_series_or_longitudinal_structure
41874,FOREX_eursgd-day-Close,1,openml-scan,FOREX_eursgd-day-Close,0,1832,12,,0.495633187773,,,,,,,,,,,excluded_time_series_or_longitudinal_structure
41875,FOREX_audchf-day-High,1,openml-scan,FOREX_audchf-day-High,0,1833,12,,0.493180578287,,,,,,,,,,,excluded_time_series_or_longitudinal_structure
41882,FOREX_audjpy-day-High,1,openml-scan,FOREX_audjpy-day-High,0,1832,12,,0.48635371179,,,,,,,,,,,excluded_time_series_or_longitudinal_structure
41894,FOREX_eurchf-day-Close,1,openml-scan,FOREX_eurchf-day-Close,0,1833,12,,0.480632842335,,,,,,,,,,,excluded_time_series_or_longitudinal_structure
41897,FOREX_usddkk-day-Close,1,openml-scan,FOREX_usddkk-day-Close,0,1832,12,,0.5,,,,,,,,,,,excluded_time_series_or_longitudinal_structure
41945,ilpd-numeric,2,openml-scan,ilpd,2,583,10,10,0.286449399657,0,0,V7,3,0.697324101796,0.751180331644,0.78558739255,0.053856229848,8.09703341153,0.809703341153,
41946,Sick_numeric,2,openml-scan,sick,3,3772,29,27,0.0612407211029,0,2,T3,5,0.941031528013,0.940502780661,1.00120032693,-0.000528747351679,7.07310954075,0.261967020028,
42172,regime_alimentaire,1,openml-scan,regime_alimentaire,1,202,19,19,0.20297029703,0,0,Poids,5,0.948492652628,0.955915770338,0.983718225619,0.00742311770944,9.97046761948,0.524761453657,
42178,telco-customer-churn,1,openml-scan,telco-customer-churn,0,7043,19,4,0.265369870794,15,0,,,,,,,,,p_used_outside_5_100
42192,compas-two-years,3,openml-scan,compas-two-years,1,5278,13,13,0.470443349754,0,0,priors_count,5,0.677027399915,0.728196674777,0.775766781389,0.0511692748615,8.70942198317,0.669955537167,
42638,titanic,9,openml-scan,Titanic,2,891,7,6,0.383838383838,1,0,sex,5,0.765746333046,0.852120815092,0.754702141015,0.086374482046,4.07048331805,0.678413886341,
42882,dgf_test,1,openml-scan,dgf_test,0,3415,4,2,0.165153733529,2,0,,,,,,,,,p_used_outside_5_100
43097,students_scores,1,openml-scan,students_scores,0,1000,7,3,0.482,4,0,,,,,,,,,p_used_outside_5_100
43255,1StudentPerfromance,1,openml-scan,1StudentPerfromance,1,1000,7,7,0.482,0,0,writing score,5,0.680375766994,0.966448517278,0.386700268759,0.286072750284,2.92998005663,0.418568579519,
43595,Loan-Predication,1,openml-scan,Loan-Predication,1,614,11,6,0.312703583062,5,0,Credit_History,5,0.70539593207,0.696941646919,1.04292786865,-0.00845428515008,1.59581615891,0.265969359818,
43607,WMO-Hurricane-Survival-Dataset,1,openml-scan,WMO-Hurricane-Survival-Dataset,0,5021,22,1,0.485361481777,21,0,,,,,,,,,p_used_outside_5_100
43786,Zombies-Apocalypse,1,openml-scan,Zombies-Apocalypse,0,200,12,3,0.395,9,0,,,,,,,,,p_used_outside_5_100
43892,national-longitudinal-survey-binary,1,openml-scan,national-longitudinal-survey-binary,1,4908,16,16,0.377546862266,0,0,income96,5,0.999990725881,0.99968503325,1.00061177064,-0.000305692630961,5.25911181567,0.328694488479,
43893,ibm-employee-attrition,1,openml-scan,ibm-employee-attrition,1,1470,34,26,0.161224489796,8,0,MonthlyIncome,2,0.655520992673,0.746393996325,0.631188239134,0.0908730036513,14.405575073,0.554060579729,
43895,ibm-employee-performance,1,openml-scan,ibm-employee-performance,1,1470,33,25,0.153741496599,8,0,PercentSalaryHike,5,1,0.999928862078,1.00014229609,-7.11379222036e-05,2.07999155695,0.083199662278,
43905,ibm-employee-performance,3,openml-scan,ibm-employee-performance,1,1470,32,32,0.153741496599,0,0,RelationshipSatisfaction,1,0.529090074837,0.450591156134,,-0.0784989187036,14.9410841608,0.466908880026,auc_lr_le_0.52_no_usable_signal
43946,eye_movements,2,openml-scan,eye_movements,12,7608,23,23,0.5,0,0,titleNo,3,0.555189049161,0.597646812642,0.565190482594,0.042457763481,11.7513340708,0.510927568297,
43947,KDDCup09_upselling,2,openml-scan,KDDCup09_upselling,7,5032,45,45,0.5,0,0,Var126,5,0.723609835052,0.840071396797,0.657537908683,0.116461561744,24.897562051,0.553279156689,
43949,rl,2,openml-scan,rl,6,4970,12,12,0.5,0,0,V21,5,0.621192264249,0.666294102644,0.728782694771,0.0451018383946,4.52292954884,0.376910795736,
43958,kdd_ipums_la_97-small,2,openml-scan,kdd_ipums_la_97-small,9,5188,20,20,0.5,0,0,occscore,5,0.884274263781,0.895352034141,0.971979983904,0.0110777703603,13.7787844013,0.688939220066,
43973,phoneme,2,openml-scan,phoneme,7,3172,5,5,0.5,0,0,V4,5,0.70612122306,0.809693583038,0.665565043479,0.103572359978,4.28833166816,0.857666333632,
43976,eye_movements,3,openml-scan,eye_movements,12,7608,20,20,0.5,0,0,titleNo,3,0.555189049161,0.586595713627,0.637318486668,0.0314066644663,10.3381040341,0.516905201706,
43980,wine,7,openml-scan,wine,6,2554,11,10,0.5,0,1,alcohol,5,0.763295434128,0.811711204008,0.844677479484,0.0484157698796,5.47287450607,0.547287450607,
44095,spambase_reproduced,1,openml-scan,spambase,2,4601,57,57,0.394044772875,0,0,char_freq_%21,5,0.826539218192,0.970305524979,0.694312953706,0.143766306786,35.0548995748,0.614998238154,
44097,credit-g_copy,1,openml-scan,credit-g,8,1000,20,20,0.3,0,0,checking_status,5,0.674114285714,0.785066666667,0.610784444741,0.110952380952,9.20213562409,0.460106781204,
44098,credit-g_reproduced_1,1,openml-scan,credit-g,8,1000,20,20,0.3,0,0,checking_status,5,0.674114285714,0.785066666667,0.610784444741,0.110952380952,9.20213562409,0.460106781204,
44149,Heart_disease_prediction_20,1,openml-scan,Heart_disease_prediction_20,1,296,13,13,0.462837837838,0,0,thal,4,0.758619106643,0.89771840426,0.650256824609,0.139099297617,10.3438608408,0.795681603136,
44155,credit-approval_reproduced,1,openml-scan,credit-approval,8,690,15,15,0.444927536232,0,0,A9,5,0.860555702027,0.929622983305,0.839237461769,0.0690672812784,8.57080649928,0.571387099952,
44186,KDDCup09_upselling,6,openml-scan,KDDCup09_upselling,7,5128,49,49,0.5,0,0,Var126,5,0.730983849338,0.833493760967,0.692618202717,0.102509911629,26.6806075271,0.544502194431,
44227,South_Asian_Churn_dataset,1,openml-scan,South_Asian_Churn_dataset,1,2000,13,9,0.5,4,0,Aggregate_Total_Rev,5,0.7285635,0.783977,0.804866239167,0.0554135,6.90938418287,0.767709353652,
44232,UCI_churn,1,openml-scan,UCI_churn,1,3333,20,16,0.144914491449,4,0,total day minutes,5,0.639844175657,0.755631106752,0.547054610971,0.115786931096,9.55843572869,0.597402233043,
44345,credit,3,openml-scan,credit,6,2000,10,10,0.5,0,0,RevolvingUtilizationOfUnsecuredLines,5,0.770458,0.72763,1.18814743224,-0.042828,6.98961110113,0.698961110113,
44347,credit_seed_0_nrows_2000_nclasses_10_ncols_100_stratify_True,1,openml-scan,credit,6,2000,10,10,0.5,0,0,RevolvingUtilizationOfUnsecuredLines,5,0.770458,0.72763,1.18814743224,-0.042828,6.98961110113,0.698961110113,
44349,credit_seed_1_nrows_2000_nclasses_10_ncols_100_stratify_True,1,openml-scan,credit,6,2000,10,10,0.5,0,0,RevolvingUtilizationOfUnsecuredLines,5,0.7616665,0.8136915,0.834152343943,0.052025,7.03273778743,0.703273778743,
44350,credit_seed_2_nrows_2000_nclasses_10_ncols_100_stratify_True,1,openml-scan,credit,6,2000,10,10,0.5,0,0,RevolvingUtilizationOfUnsecuredLines,5,0.783618,0.810615,0.913085330715,0.026997,6.64465769892,0.664465769892,
44351,credit_seed_3_nrows_2000_nclasses_10_ncols_100_stratify_True,1,openml-scan,credit,6,2000,10,10,0.5,0,0,RevolvingUtilizationOfUnsecuredLines,5,0.7740105,0.762048,1.04565003358,-0.0119625,6.95907192107,0.695907192107,
44352,credit_seed_4_nrows_2000_nclasses_10_ncols_100_stratify_True,1,openml-scan,credit,6,2000,10,10,0.5,0,0,RevolvingUtilizationOfUnsecuredLines,5,0.762197,0.7661005,0.985330730307,0.0039035,7.08155829128,0.708155829128,
44362,california_seed_0_nrows_2000_nclasses_10_ncols_100_stratify_True,1,openml-scan,california,5,2000,8,8,0.5,0,0,MedInc,5,0.831336,0.921158,0.786726121788,0.089822,3.95920048403,0.494900060504,
44363,california_seed_1_nrows_2000_nclasses_10_ncols_100_stratify_True,1,openml-scan,california,5,2000,8,8,0.5,0,0,MedInc,5,0.8283005,0.920875,0.780042768043,0.0925745,4.3436778919,0.542959736487,
44364,california_seed_2_nrows_2000_nclasses_10_ncols_100_stratify_True,1,openml-scan,california,5,2000,8,8,0.5,0,0,MedInc,5,0.827287,0.90419,0.809735520424,0.076903,4.05096720434,0.506370900543,
44365,california_seed_3_nrows_2000_nclasses_10_ncols_100_stratify_True,1,openml-scan,california,5,2000,8,8,0.5,0,0,MedInc,5,0.8276105,0.904103,0.810710388193,0.0764925,4.70263405735,0.587829257168,
44366,california_seed_4_nrows_2000_nclasses_10_ncols_100_stratify_True,1,openml-scan,california,5,2000,8,8,0.5,0,0,MedInc,5,0.8277395,0.902343,0.814577363096,0.0746035,4.31663182723,0.539578978404,
44367,wine_seed_0_nrows_2000_nclasses_10_ncols_100_stratify_True,1,openml-scan,wine,6,2000,11,10,0.5,0,1,alcohol,5,0.762183,0.803696,0.863307386334,0.041513,5.40155856778,0.540155856778,
44368,wine_seed_1_nrows_2000_nclasses_10_ncols_100_stratify_True,1,openml-scan,wine,6,2000,11,10,0.5,0,1,alcohol,5,0.7643485,0.807167,0.860601887573,0.0428185,5.33919190501,0.533919190501,
44369,wine_seed_2_nrows_2000_nclasses_10_ncols_100_stratify_True,1,openml-scan,wine,6,2000,11,10,0.5,0,1,alcohol,5,0.761201,0.808542,0.846565459484,0.047341,5.4374723793,0.54374723793,
44370,wine_seed_3_nrows_2000_nclasses_10_ncols_100_stratify_True,1,openml-scan,wine,6,2000,11,10,0.5,0,1,alcohol,5,0.761206,0.809613,0.843653205776,0.048407,5.69298294196,0.569298294196,
44371,wine_seed_4_nrows_2000_nclasses_10_ncols_100_stratify_True,1,openml-scan,wine,6,2000,11,10,0.5,0,1,alcohol,5,0.766488,0.81285,0.851807575515,0.046362,5.40793252478,0.540793252478,
44372,electricity_seed_0_nrows_2000_nclasses_10_ncols_100_stratify_True,1,openml-scan,electricity,0,2000,8,,0.5,,,,,,,,,,,excluded_time_series_or_longitudinal_structure
44373,electricity_seed_1_nrows_2000_nclasses_10_ncols_100_stratify_True,1,openml-scan,electricity,0,2000,8,,0.5,,,,,,,,,,,excluded_time_series_or_longitudinal_structure
44374,electricity_seed_2_nrows_2000_nclasses_10_ncols_100_stratify_True,1,openml-scan,electricity,0,2000,8,,0.5,,,,,,,,,,,excluded_time_series_or_longitudinal_structure
44375,electricity_seed_3_nrows_2000_nclasses_10_ncols_100_stratify_True,1,openml-scan,electricity,0,2000,8,,0.5,,,,,,,,,,,excluded_time_series_or_longitudinal_structure
44376,electricity_seed_4_nrows_2000_nclasses_10_ncols_100_stratify_True,1,openml-scan,electricity,0,2000,8,,0.5,,,,,,,,,,,excluded_time_series_or_longitudinal_structure
44377,covertype_seed_0_nrows_2000_nclasses_10_ncols_100_stratify_True,1,openml-scan,covertype,10,2000,10,10,0.5,0,0,X1,5,0.650549,0.643927,1.04600943534,-0.006622,5.40202984552,0.540202984552,
44378,covertype_seed_1_nrows_2000_nclasses_10_ncols_100_stratify_True,1,openml-scan,covertype,10,2000,10,10,0.5,0,0,X1,5,0.63967,0.646668,0.952286797393,0.006998,5.1409424976,0.51409424976,
44379,covertype_seed_2_nrows_2000_nclasses_10_ncols_100_stratify_True,1,openml-scan,covertype,10,2000,10,10,0.5,0,0,X1,5,0.6705295,0.664642,1.03575940526,-0.0058875,3.9983922365,0.39983922365,
44380,covertype_seed_3_nrows_2000_nclasses_10_ncols_100_stratify_True,1,openml-scan,covertype,10,2000,10,10,0.5,0,0,X1,5,0.656977,0.682649,0.859446260313,0.025672,5.80290596877,0.580290596877,
44381,covertype_seed_4_nrows_2000_nclasses_10_ncols_100_stratify_True,1,openml-scan,covertype,10,2000,10,10,0.5,0,0,X1,5,0.6544395,0.647755,1.0452404318,-0.0066845,5.13134784927,0.513134784927,
44382,pol_seed_0_nrows_2000_nclasses_10_ncols_100_stratify_True,1,openml-scan,pol,5,2000,26,26,0.5,0,0,f6,5,0.6938815,0.947839,0.432926788422,0.2539575,10.6867115695,0.411027368056,
44383,pol_seed_1_nrows_2000_nclasses_10_ncols_100_stratify_True,1,openml-scan,pol,5,2000,26,26,0.5,0,0,f6,5,0.6993005,0.938722,0.454275144625,0.2394215,11.4662880056,0.441011077138,
44384,pol_seed_2_nrows_2000_nclasses_10_ncols_100_stratify_True,1,openml-scan,pol,5,2000,26,26,0.5,0,0,f6,5,0.6855845,0.930806,0.43078439019,0.2452215,9.99407978116,0.384387683891,
44385,pol_seed_3_nrows_2000_nclasses_10_ncols_100_stratify_True,1,openml-scan,pol,5,2000,26,26,0.5,0,0,f6,5,0.698399,0.933417,0.457755464137,0.235018,11.1374998429,0.428365378574,
44386,pol_seed_4_nrows_2000_nclasses_10_ncols_100_stratify_True,1,openml-scan,pol,5,2000,26,26,0.5,0,0,f6,5,0.704799,0.939654,0.465818575516,0.234855,10.7993980702,0.415361464237,
44387,house_16H_seed_0_nrows_2000_nclasses_10_ncols_100_stratify_True,1,openml-scan,house-16h,5,2000,16,16,0.5,0,0,P1,5,0.7981505,0.889881,0.764721799729,0.0917305,12.656453681,0.791028355064,
44388,house_16H_seed_1_nrows_2000_nclasses_10_ncols_100_stratify_True,1,openml-scan,house-16h,5,2000,16,16,0.5,0,0,P1,5,0.7777685,0.881882,0.727367354314,0.1041135,12.7032053889,0.793950336807,
44389,house_16H_seed_2_nrows_2000_nclasses_10_ncols_100_stratify_True,1,openml-scan,house-16h,5,2000,16,16,0.5,0,0,P1,5,0.7788395,0.875476,0.742629355804,0.0966365,12.6666285914,0.791664286961,
44390,house_16H_seed_3_nrows_2000_nclasses_10_ncols_100_stratify_True,1,openml-scan,house-16h,5,2000,16,16,0.5,0,0,P1,5,0.7819365,0.8969,0.71034643487,0.1149635,12.9501826366,0.809386414784,
44391,house_16H_seed_4_nrows_2000_nclasses_10_ncols_100_stratify_True,1,openml-scan,house-16h,5,2000,16,16,0.5,0,0,P1,4,0.788101,0.889391,0.739875857429,0.10129,12.0826029032,0.755162681452,
44392,kdd_ipums_la_97-small_seed_0_nrows_2000_nclasses_10_ncols_100_stratify_True,1,openml-scan,kdd_ipums_la_97-small,9,2000,20,20,0.5,0,0,occscore,5,0.8797145,0.889013,0.976097199837,0.0092985,13.7875843211,0.689379216054,
44393,kdd_ipums_la_97-small_seed_1_nrows_2000_nclasses_10_ncols_100_stratify_True,1,openml-scan,kdd_ipums_la_97-small,9,2000,20,20,0.5,0,0,occscore,5,0.8761155,0.890092,0.964171272418,0.0139765,14.4062219011,0.720311095055,
44394,kdd_ipums_la_97-small_seed_2_nrows_2000_nclasses_10_ncols_100_stratify_True,1,openml-scan,kdd_ipums_la_97-small,9,2000,20,20,0.5,0,0,occscore,5,0.888004,0.898388,0.97393495788,0.010384,14.2133336214,0.710666681071,
44395,kdd_ipums_la_97-small_seed_3_nrows_2000_nclasses_10_ncols_100_stratify_True,1,openml-scan,kdd_ipums_la_97-small,9,2000,20,20,0.5,0,0,occscore,5,0.880167,0.901446,0.94699411627,0.021279,14.2230481651,0.711152408257,
44396,kdd_ipums_la_97-small_seed_4_nrows_2000_nclasses_10_ncols_100_stratify_True,1,openml-scan,kdd_ipums_la_97-small,9,2000,20,20,0.5,0,0,occscore,5,0.885473,0.90097,0.961351223284,0.015497,14.1651561029,0.708257805147,
44397,MagicTelescope_seed_0_nrows_2000_nclasses_10_ncols_100_stratify_True,1,openml-scan,magictelescope,5,2000,10,10,0.5,0,0,fAlpha:,5,0.786214,0.833152,0.859109355489,0.046938,3.9918677518,0.39918677518,
44398,MagicTelescope_seed_1_nrows_2000_nclasses_10_ncols_100_stratify_True,1,openml-scan,magictelescope,5,2000,10,10,0.5,0,0,fAlpha:,5,0.789023,0.842785,0.843161165162,0.053762,4.95605421705,0.495605421705,
44399,MagicTelescope_seed_2_nrows_2000_nclasses_10_ncols_100_stratify_True,1,openml-scan,magictelescope,5,2000,10,10,0.5,0,0,fAlpha:,5,0.77233,0.821834,0.846181571866,0.049504,5.00613967734,0.500613967734,
44400,MagicTelescope_seed_3_nrows_2000_nclasses_10_ncols_100_stratify_True,1,openml-scan,magictelescope,5,2000,10,10,0.5,0,0,fAlpha:,5,0.7825185,0.828524,0.85996304684,0.0460055,5.43942603038,0.543942603038,
44401,MagicTelescope_seed_4_nrows_2000_nclasses_10_ncols_100_stratify_True,1,openml-scan,magictelescope,5,2000,10,10,0.5,0,0,fAlpha:,5,0.7770235,0.828465,0.843388184434,0.0514415,4.87285836764,0.487285836764,
44402,bank-marketing_seed_0_nrows_2000_nclasses_10_ncols_100_stratify_True,1,openml-scan,bank-marketing,6,2000,7,7,0.5,0,0,V12,5,0.804235,0.828012,0.927511798349,0.023777,3.72497974041,0.532139962916,
44403,bank-marketing_seed_1_nrows_2000_nclasses_10_ncols_100_stratify_True,1,openml-scan,bank-marketing,6,2000,7,7,0.5,0,0,V12,5,0.807646,0.833023,0.92379805599,0.025377,3.62697469885,0.518139242692,
44404,bank-marketing_seed_2_nrows_2000_nclasses_10_ncols_100_stratify_True,1,openml-scan,bank-marketing,6,2000,7,7,0.5,0,0,V12,5,0.814792,0.83076,0.951723303906,0.015968,3.66773847291,0.523962638987,
44405,bank-marketing_seed_3_nrows_2000_nclasses_10_ncols_100_stratify_True,1,openml-scan,bank-marketing,6,2000,7,7,0.5,0,0,V12,5,0.796111,0.80898,0.95835005502,0.012869,4.10559187695,0.586513125279,
44406,bank-marketing_seed_4_nrows_2000_nclasses_10_ncols_100_stratify_True,1,openml-scan,bank-marketing,6,2000,7,7,0.5,0,0,V12,5,0.802395,0.822596,0.937379880718,0.020201,3.84750731839,0.549643902627,
44407,phoneme_seed_0_nrows_2000_nclasses_10_ncols_100_stratify_True,1,openml-scan,phoneme,7,2000,5,5,0.5,0,0,V4,4,0.7149575,0.810263,0.692823507798,0.0953055,4.25178270813,0.850356541626,
44408,phoneme_seed_1_nrows_2000_nclasses_10_ncols_100_stratify_True,1,openml-scan,phoneme,7,2000,5,5,0.5,0,0,V3,2,0.6961605,0.800331,0.653147693711,0.1041705,4.24048150417,0.848096300834,
44409,phoneme_seed_2_nrows_2000_nclasses_10_ncols_100_stratify_True,1,openml-scan,phoneme,7,2000,5,5,0.5,0,0,V4,5,0.7024065,0.799388,0.676067511056,0.0969815,4.23921879233,0.847843758466,
44410,phoneme_seed_3_nrows_2000_nclasses_10_ncols_100_stratify_True,1,openml-scan,phoneme,7,2000,5,5,0.5,0,0,V4,5,0.7132285,0.807143,0.694232002683,0.0939145,4.16465344816,0.832930689632,
44411,phoneme_seed_4_nrows_2000_nclasses_10_ncols_100_stratify_True,1,openml-scan,phoneme,7,2000,5,5,0.5,0,0,V4,5,0.7116755,0.811081,0.680451393688,0.0994055,4.3045646182,0.860912923641,
44412,MiniBooNE_seed_0_nrows_2000_nclasses_10_ncols_100_stratify_True,1,openml-scan,miniboone,5,2000,50,50,0.5,0,0,ParticleID_0,5,0.873484,0.922358,0.884283001624,0.048874,37.053771413,0.74107542826,
44413,MiniBooNE_seed_1_nrows_2000_nclasses_10_ncols_100_stratify_True,1,openml-scan,miniboone,5,2000,50,50,0.5,0,0,ParticleID_0,5,0.8577665,0.905888,0.881441432119,0.0481215,36.9361592619,0.738723185238,
44414,MiniBooNE_seed_2_nrows_2000_nclasses_10_ncols_100_stratify_True,1,openml-scan,miniboone,5,2000,50,50,0.5,0,0,ParticleID_0,5,0.8737695,0.922332,0.885013449135,0.0485625,37.3986194704,0.747972389408,
44415,MiniBooNE_seed_3_nrows_2000_nclasses_10_ncols_100_stratify_True,1,openml-scan,miniboone,5,2000,50,50,0.5,0,0,ParticleID_0,5,0.867738,0.912136,0.892273424307,0.044398,37.0894036718,0.741788073436,
44416,MiniBooNE_seed_4_nrows_2000_nclasses_10_ncols_100_stratify_True,1,openml-scan,miniboone,5,2000,50,50,0.5,0,0,ParticleID_0,5,0.858543,0.902448,0.890905160418,0.043905,37.9307167961,0.758614335922,
44417,Higgs_seed_0_nrows_2000_nclasses_10_ncols_100_stratify_True,1,openml-scan,higgs,5,2000,24,24,0.5,0,0,m_wwbb,5,0.586338,0.685081,0.46648764595,0.098743,7.07857787125,0.294940744636,
44418,Higgs_seed_1_nrows_2000_nclasses_10_ncols_100_stratify_True,1,openml-scan,higgs,5,2000,24,24,0.5,0,0,missing_energy_magnitude,3,0.5648205,0.676172,0.367938718979,0.1113515,14.068413389,0.586183891209,
44419,Higgs_seed_2_nrows_2000_nclasses_10_ncols_100_stratify_True,1,openml-scan,higgs,5,2000,24,24,0.5,0,0,m_bb,2,0.5590745,0.658763,0.37209236409,0.0996885,12.703825354,0.529326056417,
44420,Higgs_seed_3_nrows_2000_nclasses_10_ncols_100_stratify_True,1,openml-scan,higgs,5,2000,24,24,0.5,0,0,m_wwbb,5,0.5710115,0.665945,0.427921901835,0.0949335,9.80660221362,0.408608425567,
44421,Higgs_seed_4_nrows_2000_nclasses_10_ncols_100_stratify_True,1,openml-scan,higgs,5,2000,24,24,0.5,0,0,m_wwbb,5,0.583016,0.665495,0.501622405511,0.082479,10.6865507125,0.445272946355,
44423,eye_movements_seed_0_nrows_2000_nclasses_10_ncols_100_stratify_True,1,openml-scan,eye_movements,12,2000,20,20,0.5,0,0,prevFixPos,4,0.551596,0.568138,0.757227978514,0.016542,12.2552198371,0.612760991853,
44424,eye_movements_seed_1_nrows_2000_nclasses_10_ncols_100_stratify_True,1,openml-scan,eye_movements,12,2000,20,20,0.5,0,0,titleNo,5,0.5593695,0.57678,0.773241729617,0.0174105,11.2551123526,0.56275561763,
44425,eye_movements_seed_2_nrows_2000_nclasses_10_ncols_100_stratify_True,1,openml-scan,eye_movements,12,2000,20,20,0.5,0,0,wordNo,4,0.5522715,0.553053,0.985269447534,0.0007815,10.919108162,0.545955408099,
44426,eye_movements_seed_3_nrows_2000_nclasses_10_ncols_100_stratify_True,1,openml-scan,eye_movements,12,2000,20,20,0.5,0,0,titleNo,5,0.5687375,0.571528,0.960987305671,0.0027905,8.53161635787,0.426580817894,
44427,eye_movements_seed_4_nrows_2000_nclasses_10_ncols_100_stratify_True,1,openml-scan,eye_movements,12,2000,20,20,0.5,0,0,titleNo,5,0.567531,0.57405,0.911964888589,0.006519,11.9627034105,0.598135170525,
44428,jannis_seed_0_nrows_2000_nclasses_10_ncols_100_stratify_True,1,openml-scan,jannis,5,2000,54,54,0.5,0,0,V2,5,0.7162185,0.807972,0.702071941605,0.0917535,23.7882121251,0.440522446761,
44429,jannis_seed_1_nrows_2000_nclasses_10_ncols_100_stratify_True,1,openml-scan,jannis,5,2000,54,54,0.5,0,0,V22,5,0.7250165,0.803725,0.740856037534,0.0787085,24.8227668133,0.459680866912,
44430,jannis_seed_2_nrows_2000_nclasses_10_ncols_100_stratify_True,1,openml-scan,jannis,5,2000,54,54,0.5,0,0,V20,2,0.705772,0.794934,0.697688296365,0.089162,22.3250272914,0.413426431322,
44431,jannis_seed_3_nrows_2000_nclasses_10_ncols_100_stratify_True,1,openml-scan,jannis,5,2000,54,54,0.5,0,0,V2,3,0.7106895,0.793298,0.718346187154,0.0826085,23.1458469496,0.428626795363,
44432,jannis_seed_4_nrows_2000_nclasses_10_ncols_100_stratify_True,1,openml-scan,jannis,5,2000,54,54,0.5,0,0,V22,3,0.7161125,0.794162,0.734671711506,0.0780495,22.1756500011,0.410660185205,
44433,electricity_seed_0_nrows_2000_nclasses_10_ncols_100_stratify_True,2,openml-scan,electricity,0,2000,9,,0.5,,,,,,,,,,,excluded_time_series_or_longitudinal_structure
44434,electricity_seed_1_nrows_2000_nclasses_10_ncols_100_stratify_True,2,openml-scan,electricity,0,2000,9,,0.5,,,,,,,,,,,excluded_time_series_or_longitudinal_structure
44435,electricity_seed_2_nrows_2000_nclasses_10_ncols_100_stratify_True,2,openml-scan,electricity,0,2000,9,,0.5,,,,,,,,,,,excluded_time_series_or_longitudinal_structure
44436,electricity_seed_3_nrows_2000_nclasses_10_ncols_100_stratify_True,2,openml-scan,electricity,0,2000,9,,0.5,,,,,,,,,,,excluded_time_series_or_longitudinal_structure
44437,electricity_seed_4_nrows_2000_nclasses_10_ncols_100_stratify_True,2,openml-scan,electricity,0,2000,9,,0.5,,,,,,,,,,,excluded_time_series_or_longitudinal_structure
44438,eye_movements_seed_0_nrows_2000_nclasses_10_ncols_100_stratify_True,2,openml-scan,eye_movements,12,2000,23,23,0.5,0,0,prevFixPos,4,0.551596,0.578548,0.656872230993,0.026952,14.4062236885,0.626357551675,
44439,eye_movements_seed_1_nrows_2000_nclasses_10_ncols_100_stratify_True,2,openml-scan,eye_movements,12,2000,23,23,0.5,0,0,titleNo,4,0.5593695,0.605366,0.563459749824,0.0459965,13.7296430082,0.596941000356,
44440,eye_movements_seed_2_nrows_2000_nclasses_10_ncols_100_stratify_True,2,openml-scan,eye_movements,12,2000,23,23,0.5,0,0,wordNo,4,0.5522715,0.565338,0.800016835532,0.0130665,13.5109760682,0.587433742096,
44441,eye_movements_seed_3_nrows_2000_nclasses_10_ncols_100_stratify_True,2,openml-scan,eye_movements,12,2000,23,23,0.5,0,0,titleNo,5,0.5687375,0.599833,0.688524836477,0.0310955,10.5222279974,0.457488173802,
44442,eye_movements_seed_4_nrows_2000_nclasses_10_ncols_100_stratify_True,2,openml-scan,eye_movements,12,2000,23,23,0.5,0,0,titleNo,5,0.567531,0.57983,0.845935112113,0.012299,13.808733388,0.60037971252,
44443,covertype_seed_0_nrows_2000_nclasses_10_ncols_100_stratify_True,2,openml-scan,covertype,10,2000,54,54,0.5,0,0,Elevation,5,0.8112305,0.855893,0.87450582057,0.0446625,7.54207375366,0.139668032475,
44444,covertype_seed_1_nrows_2000_nclasses_10_ncols_100_stratify_True,2,openml-scan,covertype,10,2000,54,54,0.5,0,0,Elevation,5,0.8076105,0.853792,0.869467088007,0.0461815,7.15817216522,0.1325587438,
44445,covertype_seed_2_nrows_2000_nclasses_10_ncols_100_stratify_True,2,openml-scan,covertype,10,2000,54,54,0.5,0,0,Elevation,5,0.8168805,0.855438,0.891521165435,0.0385575,6.54231367401,0.121153956926,
44446,covertype_seed_3_nrows_2000_nclasses_10_ncols_100_stratify_True,2,openml-scan,covertype,10,2000,54,54,0.5,0,0,Elevation,5,0.8085555,0.834505,0.922424179011,0.0259495,6.37499483682,0.118055459941,
44447,covertype_seed_4_nrows_2000_nclasses_10_ncols_100_stratify_True,2,openml-scan,covertype,10,2000,54,54,0.5,0,0,Elevation,5,0.8057285,0.849583,0.8745519662,0.0438545,7.50126083659,0.138912237715,
44448,rl_seed_0_nrows_2000_nclasses_10_ncols_100_stratify_True,1,openml-scan,rl,6,2000,12,12,0.5,0,0,V21,5,0.640388,0.661118,0.871336535955,0.02073,3.82847880592,0.319039900493,
44449,rl_seed_1_nrows_2000_nclasses_10_ncols_100_stratify_True,1,openml-scan,rl,6,2000,12,12,0.5,0,0,V21,5,0.6276395,0.662668,0.784662625716,0.0350285,4.64341667827,0.386951389856,
44450,rl_seed_2_nrows_2000_nclasses_10_ncols_100_stratify_True,1,openml-scan,rl,6,2000,12,12,0.5,0,0,V21,5,0.6208695,0.664042,0.736820448422,0.0431725,4.96196263575,0.413496886313,
44451,rl_seed_3_nrows_2000_nclasses_10_ncols_100_stratify_True,1,openml-scan,rl,6,2000,12,12,0.5,0,0,V21,5,0.6293995,0.657907,0.819466521434,0.0285075,4.9361166827,0.411343056892,
44452,rl_seed_4_nrows_2000_nclasses_10_ncols_100_stratify_True,1,openml-scan,rl,6,2000,12,12,0.5,0,0,V21,5,0.6171105,0.651178,0.774653057985,0.0340675,4.05060246753,0.337550205627,
44453,road-safety_seed_0_nrows_2000_nclasses_10_ncols_100_stratify_True,1,openml-scan,road-safety,5,2000,32,32,0.5,0,0,Sex_of_Casualty,5,0.698205,0.737779,0.83356814521,0.039574,8.27171141106,0.258490981596,
44454,road-safety_seed_1_nrows_2000_nclasses_10_ncols_100_stratify_True,1,openml-scan,road-safety,5,2000,32,32,0.5,0,0,Sex_of_Casualty,5,0.674683,0.743252,0.718115370069,0.068569,8.00407573928,0.250127366852,
44455,road-safety_seed_2_nrows_2000_nclasses_10_ncols_100_stratify_True,1,openml-scan,road-safety,5,2000,32,32,0.5,0,0,Sex_of_Casualty,5,0.6753145,0.742696,0.722362544088,0.0673815,8.00737352638,0.250230422699,
44456,road-safety_seed_3_nrows_2000_nclasses_10_ncols_100_stratify_True,1,openml-scan,road-safety,5,2000,32,32,0.5,0,0,Sex_of_Casualty,5,0.673072,0.716562,0.799179911526,0.04349,10.7338001414,0.335431254417,
44457,road-safety_seed_4_nrows_2000_nclasses_10_ncols_100_stratify_True,1,openml-scan,road-safety,5,2000,32,32,0.5,0,0,Sex_of_Casualty,5,0.6733815,0.742304,0.715553602087,0.0689225,11.2220260798,0.350688314994,
44458,compass_seed_0_nrows_2000_nclasses_10_ncols_100_stratify_True,1,openml-scan,compass,5,2000,17,17,0.5,0,0,decile_score.1,4,0.688952,0.762396,0.720102440586,0.073444,8.98623558629,0.528602093311,
44459,compass_seed_1_nrows_2000_nclasses_10_ncols_100_stratify_True,1,openml-scan,compass,5,2000,17,17,0.5,0,0,decile_score.1,5,0.7020975,0.740825,0.839188207204,0.0387275,9.33614718642,0.549185128613,
44460,compass_seed_2_nrows_2000_nclasses_10_ncols_100_stratify_True,1,openml-scan,compass,5,2000,17,17,0.5,0,0,decile_score.1,5,0.6677625,0.730104,0.729072506345,0.0623415,9.05916755247,0.532892208969,
44461,compass_seed_3_nrows_2000_nclasses_10_ncols_100_stratify_True,1,openml-scan,compass,5,2000,17,17,0.5,0,0,decile_score.1,4,0.674565,0.732822,0.749778800972,0.058257,9.6724842839,0.568969663759,
44462,compass_seed_4_nrows_2000_nclasses_10_ncols_100_stratify_True,1,openml-scan,compass,5,2000,17,17,0.5,0,0,end,3,0.68522,0.762942,0.704413901165,0.077722,9.08791184407,0.534583049651,
44463,KDDCup09_upselling_seed_0_nrows_2000_nclasses_10_ncols_100_stratify_True,1,openml-scan,KDDCup09_upselling,7,2000,49,49,0.5,0,0,Var126,5,0.73159,0.824583,0.713500090886,0.092993,26.5472579314,0.54178077411,
44464,KDDCup09_upselling_seed_1_nrows_2000_nclasses_10_ncols_100_stratify_True,1,openml-scan,KDDCup09_upselling,7,2000,49,49,0.5,0,0,Var126,5,0.7325505,0.816188,0.735481738712,0.0836375,25.110211891,0.512453303899,
44465,KDDCup09_upselling_seed_2_nrows_2000_nclasses_10_ncols_100_stratify_True,1,openml-scan,KDDCup09_upselling,7,2000,49,49,0.5,0,0,Var126,5,0.7168795,0.815037,0.68842548653,0.0981575,30.0697819731,0.61366901986,
44466,KDDCup09_upselling_seed_3_nrows_2000_nclasses_10_ncols_100_stratify_True,1,openml-scan,KDDCup09_upselling,7,2000,49,49,0.5,0,0,Var126,5,0.737812,0.835161,0.709545561685,0.097349,26.9038208094,0.549057567539,
44467,KDDCup09_upselling_seed_4_nrows_2000_nclasses_10_ncols_100_stratify_True,1,openml-scan,KDDCup09_upselling,7,2000,49,49,0.5,0,0,Var126,5,0.7538385,0.840172,0.746206330915,0.0863335,23.5287365027,0.480178295973,
44483,Australian_seed_0_nrows_2000_nclasses_10_ncols_100_stratify_True,1,openml-scan,credit-approval,8,690,14,14,0.444927536232,0,0,A8,5,0.861440198672,0.92942737347,0.841679457345,0.0679871747986,8.3287494577,0.59491067555,
44484,Australian_seed_1_nrows_2000_nclasses_10_ncols_100_stratify_True,1,openml-scan,credit-approval,8,690,14,14,0.444927536232,0,0,A8,5,0.861440198672,0.92942737347,0.841679457345,0.0679871747986,8.3287494577,0.59491067555,
44485,Australian_seed_2_nrows_2000_nclasses_10_ncols_100_stratify_True,1,openml-scan,credit-approval,8,690,14,14,0.444927536232,0,0,A8,5,0.861440198672,0.92942737347,0.841679457345,0.0679871747986,8.3287494577,0.59491067555,
44486,Australian_seed_3_nrows_2000_nclasses_10_ncols_100_stratify_True,1,openml-scan,credit-approval,8,690,14,14,0.444927536232,0,0,A8,5,0.861440198672,0.92942737347,0.841679457345,0.0679871747986,8.3287494577,0.59491067555,
44487,Australian_seed_4_nrows_2000_nclasses_10_ncols_100_stratify_True,1,openml-scan,credit-approval,8,690,14,14,0.444927536232,0,0,A8,5,0.861440198672,0.92942737347,0.841679457345,0.0679871747986,8.3287494577,0.59491067555,
44488,wilt_seed_0_nrows_2000_nclasses_10_ncols_100_stratify_True,1,openml-scan,wilt,6,2000,5,5,0.054,0,0,Mean_G,5,0.715901750059,0.96834135933,0.460992277871,0.252439609271,4.09685935302,0.819371870605,
44489,wilt_seed_1_nrows_2000_nclasses_10_ncols_100_stratify_True,1,openml-scan,wilt,6,2000,5,5,0.054,0,0,Mean_G,3,0.691476293947,0.967827499804,0.409288239848,0.276351205857,4.3303476983,0.866069539659,
44490,wilt_seed_2_nrows_2000_nclasses_10_ncols_100_stratify_True,1,openml-scan,wilt,6,2000,5,5,0.054,0,0,Mean_G,5,0.721108859917,0.981970871506,0.458759798546,0.260862011589,3.90657775279,0.781315550558,
44491,wilt_seed_3_nrows_2000_nclasses_10_ncols_100_stratify_True,1,openml-scan,wilt,6,2000,5,5,0.054,0,0,Mean_G,5,0.703057708872,0.978863244852,0.42404112459,0.27580553598,3.88839813817,0.777679627634,
44492,wilt_seed_4_nrows_2000_nclasses_10_ncols_100_stratify_True,1,openml-scan,wilt,6,2000,5,5,0.054,0,0,Mean_G,5,0.714543692741,0.962781888654,0.463595698106,0.248238195913,3.88796912538,0.777593825077,
44493,numerai28.6_seed_0_nrows_2000_nclasses_10_ncols_100_stratify_True,1,openml-scan,numerai28-6,4,2000,21,21,0.495,0,0,attribute_12,3,0.538189818982,0.52898589859,1.31753096643,-0.00920392039204,9.35772374084,0.445605892421,
44494,numerai28.6_seed_1_nrows_2000_nclasses_10_ncols_100_stratify_True,1,openml-scan,numerai28-6,4,2000,21,21,0.495,0,0,attribute_18,2,0.525918591859,0.527170717072,0.953916372203,0.00125212521252,11.5350699457,0.549289045035,
44495,numerai28.6_seed_2_nrows_2000_nclasses_10_ncols_100_stratify_True,1,openml-scan,numerai28-6,4,2000,21,21,0.495,0,0,attribute_14,1,0.533284828483,0.541830183018,0.795713192751,0.00854535453545,15.5337438658,0.739702088846,
44496,numerai28.6_seed_3_nrows_2000_nclasses_10_ncols_100_stratify_True,1,openml-scan,numerai28-6,4,2000,21,21,0.495,0,0,attribute_1,3,0.530817081708,0.517485748575,,-0.0133313331333,6.33647157993,0.301736741901,auc_lr_le_0.52_no_usable_signal
44497,numerai28.6_seed_4_nrows_2000_nclasses_10_ncols_100_stratify_True,1,openml-scan,numerai28-6,4,2000,21,21,0.495,0,0,attribute_7,4,0.539920492049,0.535409540954,1.12739366209,-0.00451095109511,11.3705991196,0.541457100935,
44498,credit-g_seed_0_nrows_2000_nclasses_10_ncols_100_stratify_True,1,openml-scan,credit-g,8,1000,20,20,0.3,0,0,checking_status,5,0.674114285714,0.785066666667,0.610784444741,0.110952380952,9.20213562409,0.460106781204,
44499,credit-g_seed_1_nrows_2000_nclasses_10_ncols_100_stratify_True,1,openml-scan,credit-g,8,1000,20,20,0.3,0,0,checking_status,5,0.674114285714,0.785066666667,0.610784444741,0.110952380952,9.20213562409,0.460106781204,
44500,credit-g_seed_2_nrows_2000_nclasses_10_ncols_100_stratify_True,1,openml-scan,credit-g,8,1000,20,20,0.3,0,0,checking_status,5,0.674114285714,0.785066666667,0.610784444741,0.110952380952,9.20213562409,0.460106781204,
44501,credit-g_seed_3_nrows_2000_nclasses_10_ncols_100_stratify_True,1,openml-scan,credit-g,8,1000,20,20,0.3,0,0,checking_status,5,0.674114285714,0.785066666667,0.610784444741,0.110952380952,9.20213562409,0.460106781204,
44502,credit-g_seed_4_nrows_2000_nclasses_10_ncols_100_stratify_True,1,openml-scan,credit-g,8,1000,20,20,0.3,0,0,checking_status,5,0.674114285714,0.785066666667,0.610784444741,0.110952380952,9.20213562409,0.460106781204,
44528,airlines_seed_0_nrows_2000_nclasses_10_ncols_100_stratify_True,1,openml-scan,airlines,0,2000,8,,0.4455,,,,,,,,,,,excluded_time_series_or_longitudinal_structure
44529,airlines_seed_1_nrows_2000_nclasses_10_ncols_100_stratify_True,1,openml-scan,airlines,0,2000,8,,0.4455,,,,,,,,,,,excluded_time_series_or_longitudinal_structure
44530,airlines_seed_2_nrows_2000_nclasses_10_ncols_100_stratify_True,1,openml-scan,airlines,0,2000,8,,0.4455,,,,,,,,,,,excluded_time_series_or_longitudinal_structure
44531,airlines_seed_3_nrows_2000_nclasses_10_ncols_100_stratify_True,1,openml-scan,airlines,0,2000,8,,0.4455,,,,,,,,,,,excluded_time_series_or_longitudinal_structure
44532,airlines_seed_4_nrows_2000_nclasses_10_ncols_100_stratify_True,1,openml-scan,airlines,0,2000,8,,0.4455,,,,,,,,,,,excluded_time_series_or_longitudinal_structure
44538,albert_seed_0_nrows_2000_nclasses_10_ncols_100_stratify_True,1,openml-scan,albert,5,2000,78,70,0.5,8,0,V6,5,0.652932,0.670402,0.897477729135,0.01747,19.9680228544,0.285257469348,
44539,albert_seed_1_nrows_2000_nclasses_10_ncols_100_stratify_True,1,openml-scan,albert,5,2000,78,70,0.5,8,0,V7,3,0.653294,0.686568,0.821652158998,0.033274,19.5124732139,0.278749617341,
44540,albert_seed_2_nrows_2000_nclasses_10_ncols_100_stratify_True,1,openml-scan,albert,5,2000,78,70,0.5,8,0,V11,1,0.640378,0.660516,0.874542101722,0.020138,15.0715527409,0.215307896299,
44541,albert_seed_3_nrows_2000_nclasses_10_ncols_100_stratify_True,1,openml-scan,albert,5,2000,78,70,0.5,8,0,V11,3,0.6563565,0.674544,0.895799912916,0.0181875,17.4181073584,0.248830105119,
44542,albert_seed_4_nrows_2000_nclasses_10_ncols_100_stratify_True,1,openml-scan,albert,5,2000,78,70,0.5,8,0,V11,3,0.6530855,0.677411,0.862886179549,0.0243255,14.9684726051,0.21383532293,
44548,ozone-level-8hr_seed_0_nrows_2000_nclasses_10_ncols_100_stratify_True,1,openml-scan,ozone-level-8hr,0,2000,73,,0.063,,,,,,,,,,,excluded_time_series_or_longitudinal_structure
44549,ozone-level-8hr_seed_1_nrows_2000_nclasses_10_ncols_100_stratify_True,1,openml-scan,ozone-level-8hr,0,2000,73,,0.063,,,,,,,,,,,excluded_time_series_or_longitudinal_structure
44550,ozone-level-8hr_seed_2_nrows_2000_nclasses_10_ncols_100_stratify_True,1,openml-scan,ozone-level-8hr,0,2000,73,,0.063,,,,,,,,,,,excluded_time_series_or_longitudinal_structure
44551,ozone-level-8hr_seed_3_nrows_2000_nclasses_10_ncols_100_stratify_True,1,openml-scan,ozone-level-8hr,0,2000,73,,0.063,,,,,,,,,,,excluded_time_series_or_longitudinal_structure
44552,ozone-level-8hr_seed_4_nrows_2000_nclasses_10_ncols_100_stratify_True,1,openml-scan,ozone-level-8hr,0,2000,73,,0.063,,,,,,,,,,,excluded_time_series_or_longitudinal_structure
44568,ada_seed_0_nrows_2000_nclasses_10_ncols_100_stratify_True,1,openml-scan,ada,6,2000,48,48,0.248,0,0,V44,5,0.772990439473,0.90193891558,0.679183898079,0.128948476107,16.8250962792,0.350522839151,
44569,ada_seed_1_nrows_2000_nclasses_10_ncols_100_stratify_True,1,openml-scan,ada,6,2000,48,48,0.248,0,0,V44,5,0.768911263512,0.895915998198,0.679212925813,0.127004734686,15.5951032159,0.324897983664,
44570,ada_seed_2_nrows_2000_nclasses_10_ncols_100_stratify_True,1,openml-scan,ada,6,2000,48,48,0.248,0,0,V44,5,0.786282279513,0.901909424331,0.712305465316,0.115627144818,16.3992228479,0.341650475997,
44571,ada_seed_3_nrows_2000_nclasses_10_ncols_100_stratify_True,1,openml-scan,ada,6,2000,48,48,0.248,0,0,V44,5,0.768492353723,0.909075797872,0.656338886631,0.140583444149,17.1303844167,0.35688300868,
44572,ada_seed_4_nrows_2000_nclasses_10_ncols_100_stratify_True,1,openml-scan,ada,6,2000,48,48,0.248,0,0,V44,5,0.770876453114,0.904449693291,0.669740780145,0.133573240177,16.7151771223,0.348232856714,
44593,blood-transfusion-service-center_seed_0_nrows_2000_nclasses_10_ncols_100_stratify_True,1,openml-scan,blood-transfusion-service-center,0,748,4,4,0.237967914439,0,0,,,,,,,,,p_used_outside_5_100
44594,blood-transfusion-service-center_seed_1_nrows_2000_nclasses_10_ncols_100_stratify_True,1,openml-scan,blood-transfusion-service-center,0,748,4,4,0.237967914439,0,0,,,,,,,,,p_used_outside_5_100
44595,blood-transfusion-service-center_seed_2_nrows_2000_nclasses_10_ncols_100_stratify_True,1,openml-scan,blood-transfusion-service-center,0,748,4,4,0.237967914439,0,0,,,,,,,,,p_used_outside_5_100
44596,blood-transfusion-service-center_seed_3_nrows_2000_nclasses_10_ncols_100_stratify_True,1,openml-scan,blood-transfusion-service-center,0,748,4,4,0.237967914439,0,0,,,,,,,,,p_used_outside_5_100
44597,blood-transfusion-service-center_seed_4_nrows_2000_nclasses_10_ncols_100_stratify_True,1,openml-scan,blood-transfusion-service-center,0,748,4,4,0.237967914439,0,0,,,,,,,,,p_used_outside_5_100
