openml_id,name,version,source_suite,family,family_size,n,p_raw,p_used,minority_rate,n_dropped_missing_cols,n_dropped_id_cols,best_feature_name,best_feature_fold_consistency,auc_best_feature,auc_lr,SCR,gap,N_eff,N_eff_norm,excluded_reason
44598,qsar-biodeg_seed_0_nrows_2000_nclasses_10_ncols_100_stratify_True,1,openml-scan-ext,qsar-biodeg,6,1055,41,41,0.33744075829383885,0,0,V36,5.0,0.7982571410200768,0.9274445033836459,0.6977681047693365,0.1291873623635691,25.426973648791932,0.6201700889949252,
44599,qsar-biodeg_seed_1_nrows_2000_nclasses_10_ncols_100_stratify_True,1,openml-scan-ext,qsar-biodeg,6,1055,41,41,0.33744075829383885,0,0,V36,5.0,0.7982571410200768,0.9274445033836459,0.6977681047693365,0.1291873623635691,25.426973648791932,0.6201700889949252,
44600,qsar-biodeg_seed_2_nrows_2000_nclasses_10_ncols_100_stratify_True,1,openml-scan-ext,qsar-biodeg,6,1055,41,41,0.33744075829383885,0,0,V36,5.0,0.7982571410200768,0.9274445033836459,0.6977681047693365,0.1291873623635691,25.426973648791932,0.6201700889949252,
44601,qsar-biodeg_seed_3_nrows_2000_nclasses_10_ncols_100_stratify_True,1,openml-scan-ext,qsar-biodeg,6,1055,41,41,0.33744075829383885,0,0,V36,5.0,0.7982571410200768,0.9274445033836459,0.6977681047693365,0.1291873623635691,25.426973648791932,0.6201700889949252,
44602,qsar-biodeg_seed_4_nrows_2000_nclasses_10_ncols_100_stratify_True,1,openml-scan-ext,qsar-biodeg,6,1055,41,41,0.33744075829383885,0,0,V36,5.0,0.7982571410200768,0.9274445033836459,0.6977681047693365,0.1291873623635691,25.426973648791932,0.6201700889949252,
44608,pc4_seed_0_nrows_2000_nclasses_10_ncols_100_stratify_True,1,openml-scan-ext,pc4,5,1458,37,37,0.12208504801097393,0,0,LOC_CODE_AND_COMMENT,5.0,0.8688882549157303,0.9037745786516854,0.9135995043262749,0.03488632373595513,30.861796636680133,0.8341026118021657,
44609,pc4_seed_1_nrows_2000_nclasses_10_ncols_100_stratify_True,1,openml-scan-ext,pc4,5,1458,37,37,0.12208504801097393,0,0,LOC_CODE_AND_COMMENT,5.0,0.8688882549157303,0.9037745786516854,0.9135995043262749,0.03488632373595513,30.861796636680133,0.8341026118021657,
44610,pc4_seed_2_nrows_2000_nclasses_10_ncols_100_stratify_True,1,openml-scan-ext,pc4,5,1458,37,37,0.12208504801097393,0,0,LOC_CODE_AND_COMMENT,5.0,0.8688882549157303,0.9037745786516854,0.9135995043262749,0.03488632373595513,30.861796636680133,0.8341026118021657,
44611,pc4_seed_3_nrows_2000_nclasses_10_ncols_100_stratify_True,1,openml-scan-ext,pc4,5,1458,37,37,0.12208504801097393,0,0,LOC_CODE_AND_COMMENT,5.0,0.8688882549157303,0.9037745786516854,0.9135995043262749,0.03488632373595513,30.861796636680133,0.8341026118021657,
44612,pc4_seed_4_nrows_2000_nclasses_10_ncols_100_stratify_True,1,openml-scan-ext,pc4,5,1458,37,37,0.12208504801097393,0,0,LOC_CODE_AND_COMMENT,5.0,0.8688882549157303,0.9037745786516854,0.9135995043262749,0.03488632373595513,30.861796636680133,0.8341026118021657,
44628,kc1_seed_0_nrows_2000_nclasses_10_ncols_100_stratify_True,1,openml-scan-ext,kc1,5,2000,21,21,0.1545,0,0,b,4.0,0.7957710628704411,0.7977920420118694,0.9932134548399123,0.002020979141428292,19.18914425378563,0.913768773989792,
44629,kc1_seed_1_nrows_2000_nclasses_10_ncols_100_stratify_True,1,openml-scan-ext,kc1,5,2000,21,21,0.1545,0,0,total_Opnd,1.0,0.798187242951931,0.8026617213919494,0.9852162393729867,0.004474478440018359,19.15193973554241,0.9119971302639243,
44630,kc1_seed_2_nrows_2000_nclasses_10_ncols_100_stratify_True,1,openml-scan-ext,kc1,5,2000,21,21,0.1545,0,0,b,4.0,0.7892574241319456,0.7978685942520751,0.9710907081636063,0.008611170120129574,19.192007469019444,0.9139051175723545,
44631,kc1_seed_3_nrows_2000_nclasses_10_ncols_100_stratify_True,1,openml-scan-ext,kc1,5,2000,21,21,0.1545,0,0,b,4.0,0.7965337145634896,0.7968332252032941,0.9989909800710505,0.00029951063980449,19.21453881025457,0.914978038583551,
44632,kc1_seed_4_nrows_2000_nclasses_10_ncols_100_stratify_True,1,openml-scan-ext,kc1,5,2000,21,21,0.1545,0,0,b,4.0,0.7999307202226139,0.8063850309749503,0.9789339879569244,0.0064543107523363785,19.1669549352506,0.9127121397738381,
44643,kr-vs-kp_seed_0_nrows_2000_nclasses_10_ncols_100_stratify_True,1,openml-scan-ext,kr-vs-kp,5,2000,36,36,0.478,0,0,wknck,3.0,0.6825228642652175,0.9931757883261995,0.3700969686380712,0.310652924060982,14.219085833891043,0.3949746064969734,
44644,kr-vs-kp_seed_1_nrows_2000_nclasses_10_ncols_100_stratify_True,1,openml-scan-ext,kr-vs-kp,5,2000,36,36,0.478,0,0,wknck,1.0,0.6725961461389249,0.9919023228971289,0.35087483450453194,0.31930617675820394,15.049032865994645,0.4180286907220735,
44645,kr-vs-kp_seed_2_nrows_2000_nclasses_10_ncols_100_stratify_True,1,openml-scan-ext,kr-vs-kp,5,2000,36,36,0.478,0,0,bxqsq,4.0,0.6797885706728226,0.993280992000513,0.3644749617123614,0.3134924213276904,14.32518059944268,0.3979216833178522,
44646,kr-vs-kp_seed_3_nrows_2000_nclasses_10_ncols_100_stratify_True,1,openml-scan-ext,kr-vs-kp,5,2000,36,36,0.478,0,0,rimmx,4.0,0.6780271605828885,0.9926076884849067,0.36139744617149466,0.3145805279020182,14.239478143108075,0.39554105953077984,
44647,kr-vs-kp_seed_4_nrows_2000_nclasses_10_ncols_100_stratify_True,1,openml-scan-ext,kr-vs-kp,5,2000,36,36,0.478,0,0,wknck,2.0,0.6788457453630228,0.9928451482069286,0.36288425687804815,0.3139994028439058,14.506556639866043,0.4029599066629456,
44658,churn_seed_0_nrows_2000_nclasses_10_ncols_100_stratify_True,1,openml-scan-ext,churn,6,2000,20,20,0.1415,0,0,total_day_minutes,5.0,0.6423995340710542,0.8691097752469074,0.3857918256860019,0.22671024117585314,12.307220293029054,0.6153610146514528,
44659,churn_seed_1_nrows_2000_nclasses_10_ncols_100_stratify_True,1,openml-scan-ext,churn,6,2000,20,20,0.1415,0,0,total_day_minutes,5.0,0.6481372103121765,0.8346240360889134,0.4426974584480081,0.18648682577673692,12.286818491053737,0.6143409245526869,
44660,churn_seed_2_nrows_2000_nclasses_10_ncols_100_stratify_True,1,openml-scan-ext,churn,6,2000,20,20,0.1415,0,0,total_day_minutes,5.0,0.6457653767871071,0.8528228420430903,0.4131404189791792,0.20705746525598323,11.867757770178946,0.5933878885089473,
44661,churn_seed_3_nrows_2000_nclasses_10_ncols_100_stratify_True,1,openml-scan-ext,churn,6,2000,20,20,0.1415,0,0,total_day_minutes,3.0,0.6308634708825278,0.849606203605187,0.37431678709658406,0.2187427327226592,11.594733731576541,0.579736686578827,
44662,churn_seed_4_nrows_2000_nclasses_10_ncols_100_stratify_True,1,openml-scan-ext,churn,6,2000,20,20,0.1415,0,0,total_day_minutes,3.0,0.6277651668721227,0.8355810014591148,0.38072824837102354,0.20781583458699215,12.801543556846692,0.6400771778423346,
44673,PhishingWebsites_seed_0_nrows_2000_nclasses_10_ncols_100_stratify_True,1,openml-scan-ext,phishingwebsites,5,2000,30,29,0.443,0,1,SSLfinal_State,5.0,0.8996842971254423,0.9834235727514782,0.8267786671025966,0.08373927562603589,9.552293220620166,0.3293894214006954,
44674,PhishingWebsites_seed_1_nrows_2000_nclasses_10_ncols_100_stratify_True,1,openml-scan-ext,phishingwebsites,5,2000,30,29,0.443,0,1,SSLfinal_State,4.0,0.8688353846590288,0.9829438381202102,0.7637231403441603,0.11410845346118148,10.425423755856343,0.35949737089159806,
44675,PhishingWebsites_seed_2_nrows_2000_nclasses_10_ncols_100_stratify_True,1,openml-scan-ext,phishingwebsites,5,2000,30,29,0.443,0,1,URL_of_Anchor,5.0,0.8797537801265243,0.9805578295528691,0.7902353406245882,0.1008040494263448,9.861648097384563,0.3400568309442953,
44676,PhishingWebsites_seed_3_nrows_2000_nclasses_10_ncols_100_stratify_True,1,openml-scan-ext,phishingwebsites,5,2000,30,29,0.443,0,1,SSLfinal_State,5.0,0.8845105997544083,0.9851287330142533,0.7925949827076335,0.10061813325984503,10.269536786485165,0.35412195815466085,
44677,PhishingWebsites_seed_4_nrows_2000_nclasses_10_ncols_100_stratify_True,1,openml-scan-ext,phishingwebsites,5,2000,30,29,0.443,0,1,SSLfinal_State,1.0,0.8783231881532395,0.9839220509744643,0.7817853875255686,0.10559886282122477,10.471021450931786,0.36106970520454434,
44678,sylvine_seed_0_nrows_2000_nclasses_10_ncols_100_stratify_True,1,openml-scan-ext,sylvine,5,2000,20,20,0.5,0,0,V7,5.0,0.959214,0.9600329999999999,0.9982196929350723,0.0008189999999999031,3.6100923733395507,0.18050461866697753,
44679,sylvine_seed_1_nrows_2000_nclasses_10_ncols_100_stratify_True,1,openml-scan-ext,sylvine,5,2000,20,20,0.5,0,0,V7,5.0,0.9639614999999999,0.965598,0.9964851653142839,0.0016365000000000407,3.6343920776411456,0.18171960388205727,
44680,sylvine_seed_2_nrows_2000_nclasses_10_ncols_100_stratify_True,1,openml-scan-ext,sylvine,5,2000,20,20,0.5,0,0,V7,5.0,0.9644505,0.9669149999999999,0.9947217373611902,0.0024644999999998696,3.5009300325771218,0.1750465016288561,
44681,sylvine_seed_3_nrows_2000_nclasses_10_ncols_100_stratify_True,1,openml-scan-ext,sylvine,5,2000,20,20,0.5,0,0,V7,5.0,0.9628305,0.9652769999999999,0.9947418419565122,0.002446499999999907,4.228784872665617,0.21143924363328087,
44682,sylvine_seed_4_nrows_2000_nclasses_10_ncols_100_stratify_True,1,openml-scan-ext,sylvine,5,2000,20,20,0.5,0,0,V7,5.0,0.963387,0.964438,0.9977370499399273,0.0010510000000000241,3.8396094366921942,0.1919804718346097,
44708,Amazon_employee_access_seed_0_nrows_2000_nclasses_10_ncols_100_stratify_True,1,openml-scan-ext,amazon-employee-access,5,2000,9,8,0.058,0,1,ROLE_ROLLUP_1,2.0,0.5842164506918516,0.6799820631085731,0.46791579803732164,0.09576561241672155,5.219014664863033,0.6523768331078791,
44709,Amazon_employee_access_seed_1_nrows_2000_nclasses_10_ncols_100_stratify_True,1,openml-scan-ext,amazon-employee-access,5,2000,9,8,0.058,0,1,ROLE_DEPTNAME,4.0,0.5633304963760158,0.6981248627278718,0.31964941453613255,0.13479436635185593,3.880456808198797,0.4850571010248496,
44710,Amazon_employee_access_seed_2_nrows_2000_nclasses_10_ncols_100_stratify_True,1,openml-scan-ext,amazon-employee-access,5,2000,9,8,0.058,0,1,ROLE_DEPTNAME,0.0,0.5764422724943261,0.6378875649754739,0.5543811909937122,0.06144529248114783,5.731332588030861,0.7164165735038577,
44711,Amazon_employee_access_seed_3_nrows_2000_nclasses_10_ncols_100_stratify_True,1,openml-scan-ext,amazon-employee-access,5,2000,9,8,0.058,0,1,ROLE_FAMILY,5.0,0.6427149681528662,0.7458177758254629,0.5805722050556571,0.10310280767259672,3.6190994779166035,0.45238743473957543,
44712,Amazon_employee_access_seed_4_nrows_2000_nclasses_10_ncols_100_stratify_True,1,openml-scan-ext,amazon-employee-access,5,2000,9,8,0.058,0,1,ROLE_DEPTNAME,4.0,0.5886434768284646,0.6966995204626985,0.4506542599592902,0.10805604363423382,4.759798456674329,0.5949748070842912,
44723,adult_seed_0_nrows_2000_nclasses_10_ncols_100_stratify_True,1,openml-scan-ext,adult,5,2000,14,14,0.2395,0,0,relationship,5.0,0.7203466019910535,0.8920375700526657,0.5620548101077467,0.17169096806161221,8.061122437079778,0.5757944597914127,
44724,adult_seed_1_nrows_2000_nclasses_10_ncols_100_stratify_True,1,openml-scan-ext,adult,5,2000,14,14,0.2395,0,0,education-num,5.0,0.7365786435964691,0.8968209849854302,0.5961848101484738,0.1602423413889611,8.288653753769978,0.5920466966978556,
44725,adult_seed_2_nrows_2000_nclasses_10_ncols_100_stratify_True,1,openml-scan-ext,adult,5,2000,14,14,0.2395,0,0,relationship,5.0,0.7307870742108739,0.9086347159255461,0.5647759850460763,0.17784764171467227,8.281498630386926,0.591535616456209,
44726,adult_seed_3_nrows_2000_nclasses_10_ncols_100_stratify_True,1,openml-scan-ext,adult,5,2000,14,14,0.2395,0,0,education-num,4.0,0.7234925380099622,0.8946591834017561,0.5662925060645319,0.17116664539179394,7.3778718647281165,0.5269908474805798,
44727,adult_seed_4_nrows_2000_nclasses_10_ncols_100_stratify_True,1,openml-scan-ext,adult,5,2000,14,14,0.2395,0,0,education-num,3.0,0.7255870835443663,0.9140193175844371,0.5448709129335709,0.1884322340400708,8.318207923014478,0.5941577087867485,
44758,kick_seed_0_nrows_2000_nclasses_10_ncols_100_stratify_True,1,openml-scan-ext,kick,5,2000,32,29,0.123,2,1,VehicleAge,5.0,0.670022526907139,0.6592944350196067,1.0673475623063158,-0.01072809188753232,14.750447433545597,0.5086361183981241,
44759,kick_seed_1_nrows_2000_nclasses_10_ncols_100_stratify_True,1,openml-scan-ext,kick,5,2000,32,29,0.123,2,1,VehicleAge,4.0,0.6021555839845741,0.5956257937721909,1.0682848210174245,-0.006529790212383202,18.57759349765373,0.6406066723328873,
44760,kick_seed_2_nrows_2000_nclasses_10_ncols_100_stratify_True,1,openml-scan-ext,kick,5,2000,32,29,0.123,2,1,VehicleAge,5.0,0.677466603628408,0.6675936998822668,1.0589097546809747,-0.009872903746141248,18.510174506553817,0.6382818795363385,
44761,kick_seed_3_nrows_2000_nclasses_10_ncols_100_stratify_True,1,openml-scan-ext,kick,5,2000,32,29,0.123,2,1,VehicleAge,4.0,0.6137597222608486,0.5478974886670189,2.3750665311849817,-0.0658622335938297,16.835687639119445,0.5805409530730843,
44762,kick_seed_4_nrows_2000_nclasses_10_ncols_100_stratify_True,1,openml-scan-ext,kick,5,2000,32,29,0.123,2,1,VehicleAge,5.0,0.6554066894716838,0.65277275634786,1.0172408562023085,-0.0026339331238237618,15.05686879358438,0.5192023721925648,
44763,Click_prediction_small_seed_0_nrows_2000_nclasses_10_ncols_100_stratify_True,1,openml-scan-ext,click-prediction-small,0,2000,11,4,0.1685,0,7,,,,,,,,,p_used_outside_5_100
44764,Click_prediction_small_seed_1_nrows_2000_nclasses_10_ncols_100_stratify_True,1,openml-scan-ext,click-prediction-small,0,2000,11,4,0.1685,0,7,,,,,,,,,p_used_outside_5_100
44765,Click_prediction_small_seed_2_nrows_2000_nclasses_10_ncols_100_stratify_True,1,openml-scan-ext,click-prediction-small,0,2000,11,4,0.1685,0,7,,,,,,,,,p_used_outside_5_100
44766,Click_prediction_small_seed_3_nrows_2000_nclasses_10_ncols_100_stratify_True,1,openml-scan-ext,click-prediction-small,0,2000,11,4,0.1685,0,7,,,,,,,,,p_used_outside_5_100
44767,Click_prediction_small_seed_4_nrows_2000_nclasses_10_ncols_100_stratify_True,1,openml-scan-ext,click-prediction-small,0,2000,11,4,0.1685,0,7,,,,,,,,,p_used_outside_5_100
44773,sf-police-incidents_seed_0_nrows_2000_nclasses_10_ncols_100_stratify_True,1,openml-scan-ext,sf-police-incidents,5,2000,8,8,0.1215,0,0,Y,2.0,0.546411649111959,0.548765549208223,0.9517302658437612,0.0023539000962639056,5.419016112279833,0.6773770140349791,
44774,sf-police-incidents_seed_1_nrows_2000_nclasses_10_ncols_100_stratify_True,1,openml-scan-ext,sf-police-incidents,5,2000,8,8,0.1215,0,0,Y,5.0,0.5436232729282751,0.5232005546303908,1.8802685376810833,-0.020422718297884224,2.5539483763527455,0.3192435470440932,
44775,sf-police-incidents_seed_2_nrows_2000_nclasses_10_ncols_100_stratify_True,1,openml-scan-ext,sf-police-incidents,5,2000,8,8,0.1215,0,0,X,2.0,0.533537806446173,0.5705643036320327,0.47528005974607945,0.03702649718585971,4.732480940027521,0.5915601175034402,
44776,sf-police-incidents_seed_3_nrows_2000_nclasses_10_ncols_100_stratify_True,1,openml-scan-ext,sf-police-incidents,5,2000,8,8,0.1215,0,0,Hour,1.0,0.5243306608955126,0.533803644914756,0.7197644205785572,0.009472984019243347,2.4701848773645176,0.3087731096705647,
44777,sf-police-incidents_seed_4_nrows_2000_nclasses_10_ncols_100_stratify_True,1,openml-scan-ext,sf-police-incidents,5,2000,8,8,0.1215,0,0,X,3.0,0.5515773472834119,0.5254560827823334,2.026130560794956,-0.026121264501078545,4.38898867665786,0.5486235845822325,
45023,heloc,1,openml-scan-ext,heloc,1,10000,22,22,0.5,0,0,ExternalRiskEstimate,5.0,0.74153702,0.77939336,0.864505226609537,0.037856340000000044,16.577865508373065,0.7535393412896848,
45039,compas-two-years,5,openml-scan-ext,compas-two-years,1,4966,11,11,0.5,0,0,priors_count,5.0,0.6752398792660004,0.7283418506415514,0.7674452964870204,0.05310197137555106,7.72728593286797,0.7024805393516336,
45059,sick,2,openml-scan-ext,sick,1,3103,22,20,0.06928778601353529,0,2,T4U,5.0,0.7807269857630612,0.8635814597693745,0.7721157892405481,0.0828544740063133,6.296186592468358,0.3148093296234179,
45063,credit-approval,2,openml-scan-ext,dataset_credit-approval,2,653,15,15,0.45329249617151607,0,0,A9,5.0,0.8695870239987887,0.9285146491028843,0.8624839892230911,0.05892762510409555,8.590421749881553,0.5726947833254369,
45077,qsar,1,openml-scan-ext,qsar,1,1055,40,40,0.33744075829383885,0,0,35,5.0,0.7979778495764415,0.9253347478741702,0.7005725515390864,0.12735689829772878,25.056810227682096,0.6264202556920524,
45545,Tour-and-Travels-Customer-Churn-Prediction,1,openml-scan-ext,Tour-and-Travels-Customer-Churn-Prediction,1,954,6,6,0.2348008385744235,0,0,AnnualIncomeClass,5.0,0.7589285714285714,0.8337481653620353,0.7758202090720021,0.07481959393346393,3.760596025420842,0.626766004236807,
45553,FICO-HELOC-cleaned,1,openml-scan-ext,FICO-HELOC-cleaned,1,9871,23,23,0.4796879748758991,0,0,ExternalRiskEstimate,5.0,0.7694097527196886,0.7968183261126299,0.9076587562772626,0.027408573392941338,17.720396810490982,0.7704520352387384,
45557,Mammographic-Mass-Data-Set,2,openml-scan-ext,Mammographic-Mass-Data-Set,0,961,4,4,0.4630593132154006,0,0,,,,,,,,,p_used_outside_5_100
45562,seismic-bumps,3,openml-scan-ext,seismic-bumps,2,2584,18,18,0.06578947368421052,0,0,nbumps,4.0,0.7278095911106779,0.7531726692333933,0.8998190515606806,0.025363078122715432,9.356576465520517,0.5198098036400287,
45604,dummy,1,openml-scan-ext,dummy,1,1000,6,6,0.273,0,0,X5,5.0,0.7675403459447475,0.999838767376594,0.5352532924745598,0.23229842143184654,5.061796846203057,0.8436328077005095,
45686,cylinder-bands,3,openml-scan-ext,cylinder-bands,1,540,38,38,0.4222222222222222,0,0,ink_type,0.0,0.5975877192982455,0.8565705128205128,0.27368421052631553,0.2589827935222673,19.057234406193313,0.5015061685840345,
45711,doa_bwin,3,openml-scan-ext,doa_bwin,1,530,13,12,0.3320754716981132,0,1,p2intvday,5.0,0.6246549178222907,0.6120955315870571,1.112041809851087,-0.01255938623523356,3.9570716995653243,0.329755974963777,
45712,doa_bwin_balanced,1,openml-scan-ext,doa_bwin_balanced,1,708,13,12,0.5,0,1,p2intvday,5.0,0.6303385042612276,0.6363832232117208,0.955678427242408,0.006044718950493189,4.933212483066402,0.4111010402555335,
45717,bwin_amlb,1,openml-scan-ext,bwin_amlb,1,530,13,12,0.3320754716981132,0,1,p2intvday,5.0,0.6246549178222907,0.6120955315870571,1.112041809851087,-0.01255938623523356,3.9570716995653243,0.329755974963777,
45748,StudentsPerformance,2,openml-scan-ext,StudentsPerformance,0,1000,7,3,0.482,4,0,,,,,,,,,p_used_outside_5_100
46116,German-Credit-Risk-with-Target,1,openml-scan-ext,German-Credit-Risk-with-Target,1,1000,9,7,0.3,2,0,Duration,5.0,0.6302285714285712,0.6586571428571428,0.8208175760849981,0.02842857142857158,4.24840614391746,0.6069151634167801,
46279,algerian_forest_fires,1,openml-scan-ext,algerian_forest_fires,1,243,13,13,0.43621399176954734,0,0,ISI,4.0,0.9986227792315108,0.9927695909654317,1.0118781442146452,-0.005853188266079057,9.104694439946513,0.7003611107651164,
46280,blastchar,1,openml-scan-ext,blastchar,1,7043,19,19,0.2653698707936959,0,0,tenure,3.0,0.7396311412600725,0.8449119387942717,0.6947603556367595,0.10528079753419928,12.041236467320546,0.633749287753713,
46281,insurance_company,1,openml-scan-ext,insurance_company,1,9822,85,85,0.059661983302789656,0,0,46,5.0,0.662997090329132,0.7175315245138107,0.7493033053183221,0.05453443418467874,38.5967640126801,0.45407957661976583,
46298,electrical_grid_stability_simulated_classification,1,openml-scan-ext,electrical_grid_stability_simulated_classification,1,10000,12,12,0.362,0,0,tau2,4.0,0.6478794878678189,0.8902127245016366,0.3789714650045931,0.24233323663381767,8.289906885551211,0.6908255737959342,
46358,Fraud-Detection-Updated),1,openml-scan-ext,Fraud-Detection-Updated),2,4156,28,21,0.1003368623676612,7,0,score_1,5.0,0.6923432636613363,0.7666151646748929,0.7214265696247142,0.07427190101355663,8.509693882836043,0.40522351823028774,
46359,Fraud-Detection-Updated,1,openml-scan-ext,Fraud-Detection-Updated),2,4156,28,21,0.1003368623676612,7,0,score_1,5.0,0.6923432636613363,0.7666151646748929,0.7214265696247142,0.07427190101355663,8.509693882836043,0.40522351823028774,
46365,Credit_Approval_Classification,1,openml-scan-ext,Credit_Approval_Classification,2,1000,20,7,0.3,13,0,duration,5.0,0.6302285714285712,0.6281142857142856,1.0165031222123098,-0.002114285714285624,3.7240878223137064,0.5320125460448152,
46416,Creditability-German-Credit-Data,1,openml-scan-ext,Creditability-German-Credit-Data,1,1000,20,20,0.3,0,0,account_balance,5.0,0.70275,0.7733047619047618,0.7418458375439942,0.07055476190476184,9.735653875087312,0.4867826937543656,
46421,German-Credit-Data-Creditability,1,openml-scan-ext,German-Credit-Data-Creditability,1,1000,71,71,0.3,0,0,account_balance_4,5.0,0.6586166666666666,0.7689666666666666,0.5897261122815715,0.11034999999999995,29.025919486024016,0.40881576740878894,
46422,Credit-Risk-Classification-Dataset,1,openml-scan-ext,Credit-Risk-Classification-Dataset,1,1125,42,41,0.2,0,1,fea_4,5.0,0.6406567901234568,0.5847604938271606,1.6594616639477964,-0.05589629629629622,8.169611995661644,0.1992588291624791,
46431,HMEQ_Data,3,openml-scan-ext,HMEQ_Data,1,5960,20,20,0.199496644295302,0,0,delinq,5.0,0.6554293452575387,0.802970674204028,0.5130177884902112,0.1475413289464893,11.10681652532958,0.555340826266479,
46482,German-Credit-Data-Creditability-2,1,openml-scan-ext,German-Credit-Data-Creditability-2,1,1000,20,20,0.3,0,0,account_balance,5.0,0.70275,0.7733047619047618,0.7418458375439942,0.07055476190476184,9.735653875087312,0.4867826937543656,
46483,HMEQ_Data_New,1,openml-scan-ext,HMEQ_Data_New,1,5960,12,10,0.199496644295302,2,0,delinq,5.0,0.6554293452575387,0.7952354065131728,0.5264590283841981,0.1398060612556341,7.802279549860193,0.7802279549860194,
46502,Credit_Approval_Classification,3,openml-scan-ext,Credit_Approval_Classification,2,1000,50,46,0.3,0,4,checking_status,5.0,0.6741142857142858,0.7562523809523809,0.6794640700202557,0.08213809523809512,18.499515036630495,0.4021633703615325,
46517,HMEQ_Data_Preprocessed,1,openml-scan-ext,HMEQ_Data_Preprocessed,1,5960,20,20,0.199496644295302,0,0,delinq,5.0,0.6554293452575387,0.802970674204028,0.5130177884902112,0.1475413289464893,11.106816525329576,0.5553408262664787,
46532,dataset_credit-g,1,openml-scan-ext,dataset_credit-g,1,1000,20,20,0.3,0,0,checking_status,5.0,0.6741142857142858,0.7348809523809524,0.7412873796249368,0.060766666666666636,9.2021356240866,0.46010678120432996,
46535,dataset_credit-approval,1,openml-scan-ext,dataset_credit-approval,2,690,15,15,0.4449275362318841,0,0,a9,5.0,0.860555702026688,0.9240948792747127,0.8501769760656166,0.06353917724802471,8.63100610894895,0.5754004072632634,
46562,German-Credit-Data-Creditability-Preprocessed-Dataset,1,openml-scan-ext,German-Credit-Data-Creditability-Preprocessed-Dataset,1,1000,33,33,0.3,0,0,account_balance,5.0,0.70275,0.7756619047619049,0.7355024270586809,0.0729119047619049,13.96333339464791,0.4231313149893306,
46590,heart-statlog-uci,1,openml-scan-ext,heart-statlog-uci,1,270,13,13,0.4444444444444444,0,0,chest,1.0,0.7539999999999999,0.8930555555555555,0.6462190812720846,0.1390555555555556,10.530894661262078,0.8100688200970829,
46595,Thoracic_Surgery_Data,1,openml-scan-ext,Thoracic_Surgery_Data,0,470,16,3,0.14893617021276595,13,0,,,,,,,,,p_used_outside_5_100
46602,Predicting_Risk_Factors_of_Chronic_Kidney_Disease,1,openml-scan-ext,Predicting_Risk_Factors_of_Chronic_Kidney_Disease,1,200,28,13,0.36,15,0,affected,5.0,1.0,1.0,1.0,0.0,7.997643574679322,0.6152033518984094,
46605,differentiated_thyroid_cancer_recurrence,1,openml-scan-ext,differentiated_thyroid_cancer_recurrence,0,383,16,1,0.2819843342036554,15,0,,,,,,,,,p_used_outside_5_100
46630,Skin_Cancer_PAD-UFES-20,1,openml-scan-ext,Skin_Cancer_PAD-UFES-20,0,2298,25,1,0.41601392515230634,23,1,,,,,,,,,p_used_outside_5_100
46667,imdb_genre_prediction,1,openml-scan-ext,imdb_genre_prediction,1,800,11,7,0.4875,4,0,Revenue (Millions),5.0,0.6906597873671045,0.8164040025015635,0.6025833613345721,0.125744215134459,5.380348484054459,0.7686212120077799,
46719,mental-health-in-tech-survey,3,openml-scan-ext,mental-health-in-tech-survey,0,1259,26,1,0.18109610802223988,25,0,,,,,,,,,p_used_outside_5_100
46733,diabetes_risk_prediction_dataset,1,openml-scan-ext,diabetes_risk_prediction_dataset,0,520,16,1,0.38461538461538464,15,0,,,,,,,,,p_used_outside_5_100
46758,PostPartum_Depression,1,openml-scan-ext,PostPartum_Depression,0,1503,10,0,0.3479707252162342,10,0,,,,,,,,,p_used_outside_5_100
46800,AVIDa-SARS-CoV-2,2,openml-scan-ext,AVIDa-SARS-CoV-2,0,3733,5,0,0.1984998660594696,5,0,,,,,,,,,p_used_outside_5_100
46846,glioma_grading_clinical_and_mutation_features,2,openml-scan-ext,glioma_grading_clinical_and_mutation_features,1,839,23,22,0.4195470798569726,1,0,IDH1,5.0,0.8499247479932798,0.9171819581855515,0.8387820736908342,0.06725721019227171,7.676104207427242,0.3489138276103292,
46860,Support2,2,openml-scan-ext,Support2,1,9105,46,31,0.3189456342668863,15,0,d.time,5.0,0.9371131655651382,0.9440472255652359,0.9843844086824973,0.006934060000097664,11.729011048979128,0.37835519512835897,
46864,Skin_Cancer_PAD-UFES-20,2,openml-scan-ext,Skin_Cancer_PAD-UFES-20,0,2298,23,1,0.41601392515230634,22,0,,,,,,,,,p_used_outside_5_100
46865,mental-health-in-tech-survey,4,openml-scan-ext,mental-health-in-tech-survey,0,1259,25,1,0.18109610802223988,24,0,,,,,,,,,p_used_outside_5_100
46868,Phishing_Legitimate_full,2,openml-scan-ext,Phishing_Legitimate_full,1,10000,48,48,0.5,0,0,PctExtNullSelfRedirectHyperlinksRT,5.0,0.75635664,0.9842001199999999,0.5294435697372402,0.22784347999999988,24.29547829406103,0.5061557977929382,
46876,depression_2020,2,openml-scan-ext,depression_2020,1,1429,20,20,0.16655003498950316,0,0,Age,3.0,0.5703949085931602,0.5460844287337101,1.5275204776850657,-0.024310479859450118,8.1538849481296,0.40769424740647997,
46877,PostPartum_Depression,2,openml-scan-ext,PostPartum_Depression,0,1503,9,0,0.3479707252162342,9,0,,,,,,,,,p_used_outside_5_100
46911,Bank_Customer_Churn,1,openml-scan-ext,Bank_Customer_Churn,1,10000,10,10,0.2037,0,0,age,5.0,0.7320717362968184,0.7660658207439649,0.8722343052102924,0.033994084447146466,4.786910970374858,0.47869109703748575,
46915,churn,4,openml-scan-ext,churn,6,5000,19,19,0.1414,0,0,total_day_minutes,5.0,0.6400852873547312,0.8194877289465994,0.4384684438949007,0.17940244159186813,11.628186970533426,0.6120098405543908,
46916,coil2000_insurance_policies,1,openml-scan-ext,coil2000_insurance_policies,1,9822,85,83,0.059661983302789656,2,0,contributionCarPolicies,5.0,0.661660781302427,0.7302349132419956,0.702155806980101,0.06857413193956863,38.379684121784834,0.46240583279258834,
46925,Employee,2,openml-scan-ext,Employee,1,4653,8,8,0.3438641736514077,0,0,Gender,3.0,0.6145061210284966,0.736949721585326,0.4832507093166712,0.12244360055682946,6.134824410113855,0.7668530512642319,
46927,Fitness_Club,1,openml-scan-ext,Fitness_Club,1,1500,6,6,0.30266666666666664,0,0,months_as_member,5.0,0.821726990170231,0.819128460845175,1.0081425809474156,-0.002598529325055998,2.1966670983753898,0.36611118306256496,
46930,hazelnut-spread-contaminant-detection,1,openml-scan-ext,hazelnut-spread-contaminant-detection,1,2400,30,30,0.5,0,0,s52,5.0,0.8217663194444444,0.9515395833333333,0.7125982556592645,0.12977326388888888,20.668740566307633,0.6889580188769211,
46938,Is-this-a-good-customer,2,openml-scan-ext,Is-this-a-good-customer,1,1723,13,13,0.11375507835171213,0,0,product_type,5.0,0.6366792296486373,0.7304238001683974,0.5931645496200912,0.09374457051976004,8.699834731068409,0.6692180562360315,
46940,Marketing_Campaign,1,openml-scan-ext,Marketing_Campaign,1,2240,25,24,0.14910714285714285,1,0,NumCatalogPurchases,5.0,0.6850255417810758,0.8778754139150868,0.48964694438324385,0.19284987213401106,16.755023865273895,0.6981259943864123,
46950,polish_companies_bankruptcy,1,openml-scan-ext,polish_companies_bankruptcy,1,5910,64,63,0.06937394247038917,1,0,net_profit_plus_depreciation_to_total_liabilities,4.0,0.7939942350332595,0.7955949002217295,0.9945849363866922,0.0016006651884700185,52.723163259398305,0.8368756072920366,
46951,Pumpkin_Seeds,1,openml-scan-ext,Pumpkin_Seeds,1,2500,12,12,0.48,0,0,Compactness,5.0,0.9323176282051282,0.9396564102564103,0.9833079152718321,0.007338782051282133,8.837869265850333,0.7364891054875278,
46952,qsar-biodeg,2,openml-scan-ext,qsar-biodeg,6,1054,41,37,0.3368121442125237,0,4,Weighted_LeadingEigenvalue_Burden_Matrix,5.0,0.7980656471014931,0.9241129178504504,0.7027978506577728,0.12604727074895727,22.463308456828763,0.6071164447791557,
46956,seismic-bumps,4,openml-scan-ext,seismic-bumps,2,2584,15,14,0.06578947368421052,1,0,nbumps,4.0,0.7367427749890345,0.7593474340854818,0.912840243913897,0.022604659096447266,9.37469740279644,0.6696212430568885,
46969,NATICUSdroid,3,openml-scan-ext,NATICUSdroid,1,7491,86,85,0.35028701107996263,0,1,android.permission.READ_PHONE_STATE,5.0,0.7934066363438187,0.9809430860899939,0.6100651923893475,0.18753644974617523,29.72484185887546,0.3497040218691231,
47044,Accidents_Prediction_Dataset,1,openml-scan-ext,Accidents_Prediction_Dataset,1,500,6,6,0.126,0,0,Operator_Experience,2.0,0.5926773455377574,0.6269296429479495,0.7301473744455576,0.03425229741019209,3.9369930471406036,0.6561655078567673,
47050,Accidents_Prediction_Dataset_Pipeline,1,openml-scan-ext,Accidents_Prediction_Dataset_Pipeline,1,500,6,6,0.126,0,0,Operator_Experience,2.0,0.5926773455377574,0.6269296429479495,0.7301473744455576,0.03425229741019209,3.9369930471406036,0.6561655078567673,
47052,Accidents_Prediction_Balanced_v3,1,openml-scan-ext,Accidents_Prediction_Balanced_v3,1,500,6,6,0.126,0,0,Operator_Experience,2.0,0.5926773455377574,0.6269296429479495,0.7301473744455576,0.03425229741019209,3.9369930471406036,0.6561655078567673,
47150,CanadaFiresD,1,openml-scan-ext,CanadaFiresD,1,1491,46,46,0.39436619718309857,0,0,dnbr,5.0,0.9183984224919204,0.9773167295711197,0.876563498764984,0.05891830707919932,26.377758301796266,0.5734295282999188,
47151,aztrees3,1,openml-scan-ext,aztrees3,1,5956,21,21,0.11316319677635997,0,0,SAMPLE_11,5.0,0.9408776742466717,0.9794273592526883,0.9195922296422417,0.03854968500601663,14.490184149829528,0.6900087690395014,
47152,aztrees4,1,openml-scan-ext,aztrees4,1,5956,21,21,0.11316319677635997,0,0,SAMPLE_11,5.0,0.9408776742466717,0.9794273592526883,0.9195922296422417,0.03854968500601663,14.490184149829528,0.6900087690395014,
47153,spam,1,openml-scan-ext,spam,1,4601,57,57,0.39404477287546186,0,0,x52,5.0,0.8265392181922209,0.9703055249786138,0.6943129537061458,0.1437663067863929,35.05489957477795,0.6149982381539991,
