gen,rho,auc,p,k,n,rep,log_k,log_neff_raw,log_neff_dn,log_neff_cond
linear,0.0,0.7,12,1,300,0,0.0,1.1012173889580248,0.006017188352819265,1.878204684708436
linear,0.0,0.7,12,1,300,1,0.0,1.342717310571626,0.41251290044564837,1.8809259171246937
linear,0.0,0.7,12,1,300,2,0.0,1.4252018466812313,0.0715971964392608,1.835140096937597
linear,0.0,0.7,12,1,300,3,0.0,1.6665983038436798,1.111379628030211,2.141488533624074
linear,0.0,0.7,12,1,1000,0,0.0,0.7817096923237777,0.0,1.19020784025709
linear,0.0,0.7,12,1,1000,1,0.0,1.0879190697903236,0.059338717033670905,1.3777926506536455
linear,0.0,0.7,12,1,1000,2,0.0,1.1884275417130579,0.26965967225369714,1.3900400597592746
linear,0.0,0.7,12,1,1000,3,0.0,0.8176084196923306,0.17302872456939888,1.3189395168939897
linear,0.0,0.7,12,1,3000,0,0.0,0.6430888561725446,0.025402665943045036,0.7360329155939995
linear,0.0,0.7,12,1,3000,1,0.0,0.4308334482895916,0.0,0.8799716732692207
linear,0.0,0.7,12,1,3000,2,0.0,0.702822162253415,0.16510487383407993,0.8825140412117822
linear,0.0,0.7,12,1,3000,3,0.0,0.6066941807348447,0.0,0.827161490737295
linear,0.0,0.7,12,2,300,0,0.6931471805599453,1.5570440812761412,0.6528392220780173,2.044831557513855
linear,0.0,0.7,12,2,300,1,0.6931471805599453,1.6465036526907322,0.899429240873941,1.9102799144426386
linear,0.0,0.7,12,2,300,2,0.6931471805599453,1.5666516544348383,0.46973310466288215,1.7209137467241966
linear,0.0,0.7,12,2,300,3,0.6931471805599453,1.6046190338144668,0.6568891755268463,1.8665385146533375
linear,0.0,0.7,12,2,1000,0,0.6931471805599453,1.0773762545659122,0.6744103882387924,1.4681230203880584
linear,0.0,0.7,12,2,1000,1,0.6931471805599453,1.095222846698144,0.7531272857765267,1.5630521313898154
linear,0.0,0.7,12,2,1000,2,0.6931471805599453,1.1195925409225669,0.6863577599274308,1.5285167285538543
linear,0.0,0.7,12,2,1000,3,0.6931471805599453,1.230965224042632,0.6560882169291582,1.529731631065546
linear,0.0,0.7,12,2,3000,0,0.6931471805599453,1.2123056817999345,0.6928350885360866,1.2413765475188077
linear,0.0,0.7,12,2,3000,1,0.6931471805599453,1.200970573494345,0.7080274356055963,1.260626632780318
linear,0.0,0.7,12,2,3000,2,0.6931471805599453,1.0737788847690448,0.6940453505613098,1.1677675359250677
linear,0.0,0.7,12,2,3000,3,0.6931471805599453,0.9662487786698667,0.732201344410535,1.2685193143101479
linear,0.0,0.7,12,4,300,0,1.3862943611198906,1.941370669049324,1.045589976693974,2.1756662848192048
linear,0.0,0.7,12,4,300,1,1.3862943611198906,1.5385218731682582,0.3231190691744314,2.12226728547277
linear,0.0,0.7,12,4,300,2,1.3862943611198906,1.8455318879027167,0.9087791737675645,2.113392754329601
linear,0.0,0.7,12,4,300,3,1.3862943611198906,1.7451147176858075,1.3455550423589646,1.9856579143395672
linear,0.0,0.7,12,4,1000,0,1.3862943611198906,1.6122572573873732,1.4078816873565245,1.9025177985940431
linear,0.0,0.7,12,4,1000,1,1.3862943611198906,1.4624202594678348,1.2963977447485275,1.8421058364243514
linear,0.0,0.7,12,4,1000,2,1.3862943611198906,1.7543045229212586,1.3870182195087404,1.901593732202351
linear,0.0,0.7,12,4,1000,3,1.3862943611198906,1.5252717285888364,1.3547776846307389,1.7906179901793637
linear,0.0,0.7,12,4,3000,0,1.3862943611198906,1.6136988411125899,1.3880648825982058,1.699198506866195
linear,0.0,0.7,12,4,3000,1,1.3862943611198906,1.5729099508760827,1.3717497381231514,1.716294793190958
linear,0.0,0.7,12,4,3000,2,1.3862943611198906,1.5685323468062349,1.3658573370918734,1.7456706128271475
linear,0.0,0.7,12,4,3000,3,1.3862943611198906,1.6152056389945066,1.3722533885163815,1.7060854737823146
linear,0.0,0.7,12,8,300,0,2.0794415416798357,1.9769014883234755,0.9940122153792189,2.215569275599271
linear,0.0,0.7,12,8,300,1,2.0794415416798357,2.190136484966397,1.8252533453283668,2.3051901983786633
linear,0.0,0.7,12,8,300,2,2.0794415416798357,2.035377935263249,1.367720920332912,2.260348422363182
linear,0.0,0.7,12,8,300,3,2.0794415416798357,2.1301237620841182,1.4867874687826323,2.3103974304516206
linear,0.0,0.7,12,8,1000,0,2.0794415416798357,2.1642706685631836,1.9142333801371347,2.2547850081948244
linear,0.0,0.7,12,8,1000,1,2.0794415416798357,2.133701227830587,1.947101325161423,2.210625054797534
linear,0.0,0.7,12,8,1000,2,2.0794415416798357,2.2441388452673205,1.9723598184942155,2.2539352846417424
linear,0.0,0.7,12,8,1000,3,2.0794415416798357,2.068550340980069,1.9116127716967737,2.2125268543878773
linear,0.0,0.7,12,8,3000,0,2.0794415416798357,2.0676038185618797,2.0574815521316796,2.160937911488748
linear,0.0,0.7,12,8,3000,1,2.0794415416798357,2.1612143652910847,2.055829266726615,2.18670020104562
linear,0.0,0.7,12,8,3000,2,2.0794415416798357,2.1312001916220242,2.0559902758324937,2.197581591598939
linear,0.0,0.7,12,8,3000,3,2.0794415416798357,2.155195344330664,2.01032171969497,2.172689862385262
linear,0.0,0.7,32,1,300,0,0.0,2.3205169678899193,0.6693108915656494,3.0054140290272886
linear,0.0,0.7,32,1,300,1,0.0,2.5349525451651225,0.7590540441772512,2.9882769036987313
linear,0.0,0.7,32,1,300,2,0.0,2.119632645506303,0.46332471821163546,2.919719938281362
linear,0.0,0.7,32,1,300,3,0.0,2.6831598977264517,1.2880406036271643,3.231731929672536
linear,0.0,0.7,32,1,1000,0,0.0,1.514326385917181,0.0,2.2786681648762634
linear,0.0,0.7,32,1,1000,1,0.0,1.792053793632783,0.059338717033670905,2.4539759047291887
linear,0.0,0.7,32,1,1000,2,0.0,2.0036362147586484,0.2696596722536966,2.4880186706938785
linear,0.0,0.7,32,1,1000,3,0.0,1.8524586637732219,0.3588692658827532,2.399533541351654
linear,0.0,0.7,32,1,3000,0,0.0,1.371840252849164,0.08316787591532876,1.7799697013201692
linear,0.0,0.7,32,1,3000,1,0.0,1.437300866681323,0.2569282701804269,2.026157796656141
linear,0.0,0.7,32,1,3000,2,0.0,1.4594687142446519,0.21513515033517802,1.85516254321911
linear,0.0,0.7,32,1,3000,3,0.0,1.1449449806337346,0.1408868725018536,1.7801359386504496
linear,0.0,0.7,32,2,300,0,0.6931471805599453,2.304595348129793,0.8134345106967763,3.0533390887766463
linear,0.0,0.7,32,2,300,1,0.6931471805599453,2.453759363024666,1.27927340298493,3.0166980270952477
linear,0.0,0.7,32,2,300,2,0.6931471805599453,2.7619702061131406,1.347353393660754,3.0582211157537187
linear,0.0,0.7,32,2,300,3,0.6931471805599453,2.563450704710639,0.9428614966030447,3.0074328081845434
linear,0.0,0.7,32,2,1000,0,0.6931471805599453,1.5360050617584518,0.8991166193029156,2.4765709596993677
linear,0.0,0.7,32,2,1000,1,0.6931471805599453,1.676595589758902,0.7531272857765267,2.5207051727839733
linear,0.0,0.7,32,2,1000,2,0.6931471805599453,1.9963755379598307,0.7061618356252302,2.491623236662928
linear,0.0,0.7,32,2,1000,3,0.6931471805599453,2.10726478957201,1.1361803047047405,2.713601582413332
linear,0.0,0.7,32,2,3000,0,0.6931471805599453,1.9323816615719047,0.7276526780138962,2.1773668914352258
linear,0.0,0.7,32,2,3000,1,0.6931471805599453,1.8775968365848417,0.7804432144761323,2.027608052131982
linear,0.0,0.7,32,2,3000,2,0.6931471805599453,1.417952647028924,0.7303212037295933,1.914320534439607
linear,0.0,0.7,32,2,3000,3,0.6931471805599453,1.6437322709835773,0.7415106924404027,2.0407063411116977
linear,0.0,0.7,32,4,300,0,1.3862943611198906,2.770321152143957,1.046183249033909,3.283138155427864
linear,0.0,0.7,32,4,300,1,1.3862943611198906,2.45151070114656,0.3300757500003416,3.171238754857301
linear,0.0,0.7,32,4,300,2,1.3862943611198906,2.5298010646479576,0.9746645482061521,3.1980182775176758
linear,0.0,0.7,32,4,300,3,1.3862943611198906,2.4239476661501036,1.6034496616384204,2.9459083705012814
linear,0.0,0.7,32,4,1000,0,1.3862943611198906,2.287663741517976,1.4766038914477715,2.7145476335409153
linear,0.0,0.7,32,4,1000,1,1.3862943611198906,2.424600561737591,1.6159783915349322,2.800931425095668
linear,0.0,0.7,32,4,1000,2,1.3862943611198906,2.3520665334424504,1.5883101343492139,2.7725858004349675
linear,0.0,0.7,32,4,1000,3,1.3862943611198906,2.4787119713766543,1.5517782438633594,2.725833324306506
linear,0.0,0.7,32,4,3000,0,1.3862943611198906,2.141889584640801,1.4383485111246077,2.3706330494397485
linear,0.0,0.7,32,4,3000,1,1.3862943611198906,2.2837940040702693,1.4769542223079308,2.461860595014668
linear,0.0,0.7,32,4,3000,2,1.3862943611198906,2.1989929010526406,1.3658573370918734,2.375027222464737
linear,0.0,0.7,32,4,3000,3,1.3862943611198906,2.1419948846969357,1.517377375379714,2.4265344811839045
linear,0.0,0.7,32,8,300,0,2.0794415416798357,2.7176147043291166,1.52279034684287,3.203522562914414
linear,0.0,0.7,32,8,300,1,2.0794415416798357,2.631063361326238,1.9705687844728568,3.1048486164944125
linear,0.0,0.7,32,8,300,2,2.0794415416798357,2.800646422141876,1.7143943199919727,3.218987628147701
linear,0.0,0.7,32,8,300,3,2.0794415416798357,2.863218187395779,1.8538953108690164,3.2033183204218227
linear,0.0,0.7,32,8,1000,0,2.0794415416798357,2.5056796828915844,1.9142333801371347,2.9407427483640594
linear,0.0,0.7,32,8,1000,1,2.0794415416798357,2.8109457977585603,2.20536393637532,2.9816568894533906
linear,0.0,0.7,32,8,1000,2,2.0794415416798357,2.9095739576880204,2.220889108139066,3.0788045409344478
linear,0.0,0.7,32,8,1000,3,2.0794415416798357,2.692461197643471,2.1088849004104535,3.041469375487251
linear,0.0,0.7,32,8,3000,0,2.0794415416798357,2.479459803987147,2.1182462333750447,2.6935990084450365
linear,0.0,0.7,32,8,3000,1,2.0794415416798357,2.6043906344099033,2.086163433518301,2.7686123153161626
linear,0.0,0.7,32,8,3000,2,2.0794415416798357,2.489105832634163,2.170519220659124,2.7148448402263323
linear,0.0,0.7,32,8,3000,3,2.0794415416798357,2.6422281312930065,2.0362312513668286,2.732707062697091
linear,0.0,0.7,32,16,300,0,2.772588722239781,3.0263069345448765,1.4424277097903224,3.2215320225544803
linear,0.0,0.7,32,16,300,1,2.772588722239781,2.983477222548649,1.510367876649526,3.2247193741546365
linear,0.0,0.7,32,16,300,2,2.772588722239781,2.9307817737751045,1.5324153420203548,3.2205988227112385
linear,0.0,0.7,32,16,300,3,2.772588722239781,2.6954832143624214,1.420559838954107,3.220063731347969
linear,0.0,0.7,32,16,1000,0,2.772588722239781,2.944315702905218,2.194063010309861,3.0927368801165356
linear,0.0,0.7,32,16,1000,1,2.772588722239781,2.925334731944645,2.2194985753098266,3.1455066256577937
linear,0.0,0.7,32,16,1000,2,2.772588722239781,3.0019294975296833,2.3417829073606073,3.2149334970319288
linear,0.0,0.7,32,16,1000,3,2.772588722239781,2.8036315151903386,2.383717633166356,3.0694514927158516
linear,0.0,0.7,32,16,3000,0,2.772588722239781,2.9680890438129457,2.7487354054947093,3.0739135531460926
linear,0.0,0.7,32,16,3000,1,2.772588722239781,2.86540404736167,2.625060546514076,3.0210707511674046
linear,0.0,0.7,32,16,3000,2,2.772588722239781,3.0152542879580135,2.697576866857282,3.0961811825665193
linear,0.0,0.7,32,16,3000,3,2.772588722239781,2.8403990873034988,2.5650732899505586,2.9819248381211994
linear,0.0,0.7,32,32,300,0,3.4657359027997265,2.937298620829467,2.149487137291748,3.231334266354831
linear,0.0,0.7,32,32,300,1,3.4657359027997265,3.0770482862560824,2.0727345984571603,3.252460277137757
linear,0.0,0.7,32,32,300,2,3.4657359027997265,2.8221277674827308,1.4627962968753583,3.2306713217385967
linear,0.0,0.7,32,32,300,3,3.4657359027997265,3.025541953575587,2.0548507948497567,3.2472315905756015
linear,0.0,0.7,32,32,1000,0,3.4657359027997265,3.1716166498748812,2.326855869554536,3.291267272924608
linear,0.0,0.7,32,32,1000,1,3.4657359027997265,3.1730777550758877,2.4785260394234445,3.259798029789654
linear,0.0,0.7,32,32,1000,2,3.4657359027997265,3.167432821255943,2.7304506652957805,3.301407397341447
linear,0.0,0.7,32,32,1000,3,3.4657359027997265,3.198810152941657,2.1242359056597238,3.273776937975714
linear,0.0,0.7,32,32,3000,0,3.4657359027997265,3.328172224753524,3.1766274314578786,3.390286540540528
linear,0.0,0.7,32,32,3000,1,3.4657359027997265,3.391587074595558,3.188864765825099,3.4073049251754286
linear,0.0,0.7,32,32,3000,2,3.4657359027997265,3.39832514533342,3.1483994603047787,3.404429022368936
linear,0.0,0.7,32,32,3000,3,3.4657359027997265,3.360991463703457,3.0553339044249275,3.3765602340346157
linear,0.0,0.8,12,1,300,0,0.0,1.2121622959796114,0.16393767239535575,1.4213891677328716
linear,0.0,0.8,12,1,300,1,0.0,1.1270709128015193,0.2020965223978923,1.4074038819746564
linear,0.0,0.8,12,1,300,2,0.0,1.4199568036552004,0.2041663005929945,1.6870724446990117
linear,0.0,0.8,12,1,300,3,0.0,1.3789582738539343,0.06788122192805475,1.6850475460054053
linear,0.0,0.8,12,1,1000,0,0.0,0.5966388457330586,0.09252070030350383,0.9457808921449996
linear,0.0,0.8,12,1,1000,1,0.0,0.5536145605889724,0.063947943588663,0.9357166298748334
linear,0.0,0.8,12,1,1000,2,0.0,0.7362853693731357,0.0355446886681843,0.743882132882342
linear,0.0,0.8,12,1,1000,3,0.0,0.6318044783608767,0.001218731415820413,0.9379939900172002
linear,0.0,0.8,12,1,3000,0,0.0,0.6795278900223523,0.13205966831742152,0.7692296876944755
linear,0.0,0.8,12,1,3000,1,0.0,0.5288378607317336,0.06540619772381664,0.5408721277308274
linear,0.0,0.8,12,1,3000,2,0.0,0.5267193931553296,0.10353671951145457,0.6827816537960821
linear,0.0,0.8,12,1,3000,3,0.0,0.6864652820596606,0.17767438627668794,0.6241869382837042
linear,0.0,0.8,12,2,300,0,0.6931471805599453,1.4167505780206051,0.9796717500737082,1.7729915880033331
linear,0.0,0.8,12,2,300,1,0.6931471805599453,1.3377708302596043,0.7318771667482584,1.7018867684100571
linear,0.0,0.8,12,2,300,2,0.6931471805599453,1.7934698317483875,0.8168714621435779,2.022663765180621
linear,0.0,0.8,12,2,300,3,0.6931471805599453,1.4154461792486868,0.6859629707873338,1.6953626115673321
linear,0.0,0.8,12,2,1000,0,0.6931471805599453,0.9444875435277821,0.6882100954910123,1.1655422464509106
linear,0.0,0.8,12,2,1000,1,0.6931471805599453,1.2611579651703706,0.7917314761119085,1.4860943826786592
linear,0.0,0.8,12,2,1000,2,0.6931471805599453,1.06733451983003,0.7283021766149317,1.2053189621904445
linear,0.0,0.8,12,2,1000,3,0.6931471805599453,1.2141752615246364,0.6930616225001626,1.4188895587315031
linear,0.0,0.8,12,2,3000,0,0.6931471805599453,0.9273558834013547,0.6845442762870071,1.040361781974905
linear,0.0,0.8,12,2,3000,1,0.6931471805599453,1.0009086892038042,0.6951445540819329,1.0320247908735247
linear,0.0,0.8,12,2,3000,2,0.6931471805599453,1.094008346414031,0.735199048548378,1.1428071630013452
linear,0.0,0.8,12,2,3000,3,0.6931471805599453,1.00156395199999,0.7289168684309437,1.0896350066545644
linear,0.0,0.8,12,4,300,0,1.3862943611198906,2.014302727667873,1.5816383723134833,2.1087938686438323
linear,0.0,0.8,12,4,300,1,1.3862943611198906,1.6940216321835366,1.3746974670969574,1.9784609083279974
linear,0.0,0.8,12,4,300,2,1.3862943611198906,1.8696499085365637,1.3548465517864277,1.909571478250843
linear,0.0,0.8,12,4,300,3,1.3862943611198906,1.659401789748759,1.3728767702898483,1.9330531924133247
linear,0.0,0.8,12,4,1000,0,1.3862943611198906,1.8042353093352343,1.4837488115565312,1.7853471646364494
linear,0.0,0.8,12,4,1000,1,1.3862943611198906,1.6666890307413575,1.3725441480322493,1.733121097331971
linear,0.0,0.8,12,4,1000,2,1.3862943611198906,1.7963546373186907,1.3670374020496308,1.6949537956723193
linear,0.0,0.8,12,4,1000,3,1.3862943611198906,1.5053259594436528,1.3610645244711053,1.716687185306258
linear,0.0,0.8,12,4,3000,0,1.3862943611198906,1.6691482537283147,1.4424679674928813,1.6592957267539605
linear,0.0,0.8,12,4,3000,1,1.3862943611198906,1.6850179516328507,1.3976083144160696,1.6140742525173741
linear,0.0,0.8,12,4,3000,2,1.3862943611198906,1.4560242092060975,1.380107436625068,1.6482859026318943
linear,0.0,0.8,12,4,3000,3,1.3862943611198906,1.612289344356523,1.385474586588932,1.6400056891749621
linear,0.0,0.8,12,8,300,0,2.0794415416798357,2.1492152052427027,1.7472008947833269,2.263023691085338
linear,0.0,0.8,12,8,300,1,2.0794415416798357,2.0117048731290885,1.7113496101547498,2.237554685623661
linear,0.0,0.8,12,8,300,2,2.0794415416798357,2.0752041372368684,1.74876222379872,2.1738566101947874
linear,0.0,0.8,12,8,300,3,2.0794415416798357,2.1003774580560375,1.660412462363382,2.207918644356467
linear,0.0,0.8,12,8,1000,0,2.0794415416798357,2.149662969840212,2.0690987549129924,2.193093112021578
linear,0.0,0.8,12,8,1000,1,2.0794415416798357,2.2598884447167795,2.0646552530224147,2.2276551798075017
linear,0.0,0.8,12,8,1000,2,2.0794415416798357,2.070131716085234,1.959384731396129,2.1702268170092633
linear,0.0,0.8,12,8,1000,3,2.0794415416798357,2.183585901897948,1.9964337980674227,2.2017525605261783
linear,0.0,0.8,12,8,3000,0,2.0794415416798357,2.161408790379014,2.0677516584579667,2.1717950621079867
linear,0.0,0.8,12,8,3000,1,2.0794415416798357,2.135868920591995,2.0663467304946246,2.160245559888312
linear,0.0,0.8,12,8,3000,2,2.0794415416798357,2.1378699208585155,2.089754648259213,2.1501117557020186
linear,0.0,0.8,12,8,3000,3,2.0794415416798357,2.0718568559771278,2.067990609083764,2.139704849695552
linear,0.0,0.8,32,1,300,0,0.0,1.944828653384797,0.46153005846594164,2.5337647630916793
linear,0.0,0.8,32,1,300,1,0.0,2.02916115406574,0.23090586492011067,2.427717999857073
linear,0.0,0.8,32,1,300,2,0.0,2.2714346944182506,0.23265239221074874,2.705480990806908
linear,0.0,0.8,32,1,300,3,0.0,2.1718034093698466,0.294326150060631,2.7537484734842113
linear,0.0,0.8,32,1,1000,0,0.0,1.5145658823854582,0.24872719078645555,1.9861188511974737
linear,0.0,0.8,32,1,1000,1,0.0,1.3022200030387943,0.21349393865273433,1.777290179785125
linear,0.0,0.8,32,1,1000,2,0.0,1.6245321115294284,0.17617356776322604,1.6781499661467567
linear,0.0,0.8,32,1,1000,3,0.0,1.6911370775269987,0.19666740852773598,2.038908937258386
linear,0.0,0.8,32,1,3000,0,0.0,1.2510264383581458,0.20857137716754956,1.4795109745007056
linear,0.0,0.8,32,1,3000,1,0.0,1.13886459998614,0.13445670363798112,1.3302736264482742
linear,0.0,0.8,32,1,3000,2,0.0,1.3707443563167134,0.1978056799571838,1.548269903348222
linear,0.0,0.8,32,1,3000,3,0.0,1.2751703536056094,0.2014353136471551,1.3523409717920074
linear,0.0,0.8,32,2,300,0,0.6931471805599453,2.254084959902005,1.2648766267224385,2.761839777170981
linear,0.0,0.8,32,2,300,1,0.6931471805599453,2.1673883038564816,0.814853137582636,2.6924439135510836
linear,0.0,0.8,32,2,300,2,0.6931471805599453,2.2737406924337282,0.8204785059511159,2.9313916405563414
linear,0.0,0.8,32,2,300,3,0.6931471805599453,2.3002561970132462,0.699192243601601,2.7338475195586254
linear,0.0,0.8,32,2,1000,0,0.6931471805599453,1.8120696284100564,0.8644138906580053,2.13898012537682
linear,0.0,0.8,32,2,1000,1,0.6931471805599453,1.9641062930715802,0.8393986720839209,2.2531003361410136
linear,0.0,0.8,32,2,1000,2,0.6931471805599453,1.6681646872136393,0.7711190884362163,2.1378777031719265
linear,0.0,0.8,32,2,1000,3,0.6931471805599453,1.9632243395999507,0.7676293264176256,2.2976656307546026
linear,0.0,0.8,32,2,3000,0,0.6931471805599453,1.5985308171949981,0.7474469558877183,1.696799602685887
linear,0.0,0.8,32,2,3000,1,0.6931471805599453,1.5111441246845123,0.7042275841173018,1.6281822490278388
linear,0.0,0.8,32,2,3000,2,0.6931471805599453,1.8166077968698622,0.7585168356511603,1.802669557301185
linear,0.0,0.8,32,2,3000,3,0.6931471805599453,1.5914417931147302,0.8313819106075555,1.7789472757376634
linear,0.0,0.8,32,4,300,0,1.3862943611198906,2.5347731030259553,1.6325072342466629,2.9266562494538197
linear,0.0,0.8,32,4,300,1,1.3862943611198906,2.399419789201106,1.466214580464547,2.909934647818554
linear,0.0,0.8,32,4,300,2,1.3862943611198906,2.655499680123174,1.4647604336931375,2.9447696812761857
linear,0.0,0.8,32,4,300,3,1.3862943611198906,2.65937475940664,1.4605745132210475,2.8753545748929965
linear,0.0,0.8,32,4,1000,0,1.3862943611198906,2.1845064584203815,1.4981998463883404,2.3891692262973234
linear,0.0,0.8,32,4,1000,1,1.3862943611198906,2.1971263290392895,1.3725441480322493,2.42433092248326
linear,0.0,0.8,32,4,1000,2,1.3862943611198906,2.5372295990726714,1.5026532819423881,2.619736296470311
linear,0.0,0.8,32,4,1000,3,1.3862943611198906,2.0350500691113367,1.4556662813019432,2.451605219289181
linear,0.0,0.8,32,4,3000,0,1.3862943611198906,1.9511602400861692,1.4458681953656451,2.1123903489427973
linear,0.0,0.8,32,4,3000,1,1.3862943611198906,1.9599059810073718,1.4328226806648372,2.0367836910731536
linear,0.0,0.8,32,4,3000,2,1.3862943611198906,1.9074449101774402,1.4097320604412962,2.184754415598953
linear,0.0,0.8,32,4,3000,3,1.3862943611198906,1.9786317625490148,1.411355352181216,2.1215593754157314
linear,0.0,0.8,32,8,300,0,2.0794415416798357,2.9067899224151827,2.0253827482340343,3.034347832138211
linear,0.0,0.8,32,8,300,1,2.0794415416798357,2.6636550462516557,1.777724278620022,2.9984045402669066
linear,0.0,0.8,32,8,300,2,2.0794415416798357,2.6768259611634955,1.8533180769460793,2.9747790531874925
linear,0.0,0.8,32,8,300,3,2.0794415416798357,2.6725533401457477,1.6913137537747884,3.1198500968094485
linear,0.0,0.8,32,8,1000,0,2.0794415416798357,2.6237864851642714,2.1162772389788653,2.757233504107086
linear,0.0,0.8,32,8,1000,1,2.0794415416798357,2.6042928838396486,2.089425338674423,2.6895875158852323
linear,0.0,0.8,32,8,1000,2,2.0794415416798357,2.42187925342164,1.9746078003940604,2.740062298414873
linear,0.0,0.8,32,8,1000,3,2.0794415416798357,2.5720892957930928,2.048603855181713,2.7556431532997707
linear,0.0,0.8,32,8,3000,0,2.0794415416798357,2.3855704596231986,2.077852077521562,2.5878970405509656
linear,0.0,0.8,32,8,3000,1,2.0794415416798357,2.449536994832454,2.107135779322654,2.5807037213207584
linear,0.0,0.8,32,8,3000,2,2.0794415416798357,2.4062260648856326,2.103706699282784,2.463477994515672
linear,0.0,0.8,32,8,3000,3,2.0794415416798357,2.401228488740822,2.0867342946318432,2.519336262369331
linear,0.0,0.8,32,16,300,0,2.772588722239781,2.858966728042102,2.3258579411061113,3.0675447095711608
linear,0.0,0.8,32,16,300,1,2.772588722239781,2.8736801105704615,2.144145336104196,3.0846117806212616
linear,0.0,0.8,32,16,300,2,2.772588722239781,3.082329294730809,2.269012256057382,3.1675401712141813
linear,0.0,0.8,32,16,300,3,2.772588722239781,2.8166152805980773,1.7334342671184018,3.2180458413021116
linear,0.0,0.8,32,16,1000,0,2.772588722239781,2.838574567392132,2.5307888344006764,3.0427185257386324
linear,0.0,0.8,32,16,1000,1,2.772588722239781,2.8609644118748427,2.556916266773441,3.03652110824428
linear,0.0,0.8,32,16,1000,2,2.772588722239781,2.996445150106776,2.640269376254926,3.0703133458310563
linear,0.0,0.8,32,16,1000,3,2.772588722239781,2.9884954570132667,2.6613540470269093,3.0278634210963844
linear,0.0,0.8,32,16,3000,0,2.772588722239781,2.9149173927868146,2.7762498858305173,2.9730007865062436
linear,0.0,0.8,32,16,3000,1,2.772588722239781,2.9110667456972856,2.7623661449545356,3.0332737558209755
linear,0.0,0.8,32,16,3000,2,2.772588722239781,2.97484785526134,2.77767684646829,2.9767783588021683
linear,0.0,0.8,32,16,3000,3,2.772588722239781,2.8591296400523785,2.738629844690892,2.9601913087179255
linear,0.0,0.8,32,32,300,0,3.4657359027997265,3.0422556500627067,2.2841321657451874,3.2656776365383617
linear,0.0,0.8,32,32,300,1,3.4657359027997265,2.9478189289448484,2.338852049515455,3.235254203789705
linear,0.0,0.8,32,32,300,2,3.4657359027997265,3.179416597620442,2.380734849218054,3.3125197404216276
linear,0.0,0.8,32,32,300,3,3.4657359027997265,3.1760654835742828,2.147429080082951,3.290514944354479
linear,0.0,0.8,32,32,1000,0,3.4657359027997265,3.307419805467698,2.833811827398302,3.361536887508121
linear,0.0,0.8,32,32,1000,1,3.4657359027997265,3.343859761476201,2.9624580835637198,3.380474951493005
linear,0.0,0.8,32,32,1000,2,3.4657359027997265,3.323599017129466,2.988884286315957,3.3749185282070986
linear,0.0,0.8,32,32,1000,3,3.4657359027997265,3.2785796992719645,2.673563601855707,3.328068624427508
linear,0.0,0.8,32,32,3000,0,3.4657359027997265,3.422238387310967,3.3585193221018272,3.435269149068753
linear,0.0,0.8,32,32,3000,1,3.4657359027997265,3.410227111098068,3.333087683277044,3.427853887191025
linear,0.0,0.8,32,32,3000,2,3.4657359027997265,3.4305114969145865,3.3755231740641864,3.4364275974327727
linear,0.0,0.8,32,32,3000,3,3.4657359027997265,3.436033910526187,3.394390499112528,3.437028089007493
linear,0.3,0.7,12,1,300,0,0.0,1.84965569934209,0.43382828880789587,1.5980634405210143
linear,0.3,0.7,12,1,300,1,0.0,2.0973575287993476,1.3924614927827086,1.8050827542427919
linear,0.3,0.7,12,1,300,2,0.0,2.119981613844133,1.1898347401956804,1.7027786403023562
linear,0.3,0.7,12,1,300,3,0.0,2.1089046025436184,0.8969711369216316,1.6793016265417935
linear,0.3,0.7,12,1,1000,0,0.0,2.0448753999485394,1.279161136677638,1.3768076839268764
linear,0.3,0.7,12,1,1000,1,0.0,2.100707884819735,1.633202877500852,1.5607380844661414
linear,0.3,0.7,12,1,1000,2,0.0,2.018110329750878,1.351606101148808,1.5087451272496857
linear,0.3,0.7,12,1,1000,3,0.0,1.9729650396443679,0.9465970386151205,1.5395747830276194
linear,0.3,0.7,12,1,3000,0,0.0,2.246763680652179,2.098747585927906,0.9378210031711867
linear,0.3,0.7,12,1,3000,1,0.0,2.1849905391185196,1.9964638553078877,0.8533388929932249
linear,0.3,0.7,12,1,3000,2,0.0,2.1316078212984206,1.8835482536870165,1.0168228143984843
linear,0.3,0.7,12,1,3000,3,0.0,2.2209928405134836,2.0509621817858417,1.05134939621445
linear,0.3,0.7,12,2,300,0,0.6931471805599453,2.1592034814100547,1.2423118262914872,1.904965129615701
linear,0.3,0.7,12,2,300,1,0.6931471805599453,2.258651058314864,1.4684474389179365,2.108383897482498
linear,0.3,0.7,12,2,300,2,0.6931471805599453,2.2537428826792403,1.833313357966716,2.111797766607692
linear,0.3,0.7,12,2,300,3,0.6931471805599453,2.2321966082643714,1.284045083599921,2.021871046608064
linear,0.3,0.7,12,2,1000,0,0.6931471805599453,2.4099830982867427,2.3263199591144756,1.8426681805162926
linear,0.3,0.7,12,2,1000,1,0.6931471805599453,2.3204275636548943,2.045538532083038,1.6591973434885605
linear,0.3,0.7,12,2,1000,2,0.6931471805599453,2.140042865080024,1.5345325040973756,1.8022706678468396
linear,0.3,0.7,12,2,1000,3,0.6931471805599453,2.265702049828865,1.9317407545545822,1.6296470831791248
linear,0.3,0.7,12,2,3000,0,0.6931471805599453,2.370083678749536,2.3094080177377516,1.5866583952673368
linear,0.3,0.7,12,2,3000,1,0.6931471805599453,2.3053275432658125,2.195273235697979,1.4373027418815292
linear,0.3,0.7,12,2,3000,2,0.6931471805599453,2.3477541211410267,2.2814117238635965,1.2439641863321353
linear,0.3,0.7,12,2,3000,3,0.6931471805599453,2.4183080552990104,2.3841546032942755,1.5137111953551234
linear,0.3,0.7,12,4,300,0,1.3862943611198906,2.36222597271081,1.9538414553381473,2.2275512414215863
linear,0.3,0.7,12,4,300,1,1.3862943611198906,2.36470366772241,1.8809083823862855,2.137226797921242
linear,0.3,0.7,12,4,300,2,1.3862943611198906,2.3204623216284146,1.895588528642246,2.207377593437174
linear,0.3,0.7,12,4,300,3,1.3862943611198906,2.3812372507977595,2.05752674769593,2.260715826107525
linear,0.3,0.7,12,4,1000,0,1.3862943611198906,2.405002948669057,2.323588342858632,1.9743035851863626
linear,0.3,0.7,12,4,1000,1,1.3862943611198906,2.4286327813808506,2.3763556904569687,2.027428094152352
linear,0.3,0.7,12,4,1000,2,1.3862943611198906,2.439680168953317,2.3932689371326834,2.057763965350466
linear,0.3,0.7,12,4,1000,3,1.3862943611198906,2.4276208795043184,2.361229119647322,2.151712520794236
linear,0.3,0.7,12,4,3000,0,1.3862943611198906,2.4018185810341555,2.3633949101453124,1.9697429298651947
linear,0.3,0.7,12,4,3000,1,1.3862943611198906,2.4209199910338475,2.391046345861767,1.8247402981741319
linear,0.3,0.7,12,4,3000,2,1.3862943611198906,2.4260737820786202,2.398788831928702,1.7858087510833003
linear,0.3,0.7,12,4,3000,3,1.3862943611198906,2.4356062465711092,2.4117469992191936,1.880148752302454
linear,0.3,0.7,12,8,300,0,2.0794415416798357,2.4218365016474466,2.194453875866654,2.334720655989681
linear,0.3,0.7,12,8,300,1,2.0794415416798357,2.4467197632961137,2.346286952868666,2.3385300418181125
linear,0.3,0.7,12,8,300,2,2.0794415416798357,2.3902751694632105,2.2046809577191055,2.2752938380646173
linear,0.3,0.7,12,8,300,3,2.0794415416798357,2.3009725904560008,1.8984192959413007,2.0763384668648803
linear,0.3,0.7,12,8,1000,0,2.0794415416798357,2.4574890037922015,2.435673176040037,2.1678461639802595
linear,0.3,0.7,12,8,1000,1,2.0794415416798357,2.456441171846631,2.430180996431568,2.2055332531045706
linear,0.3,0.7,12,8,1000,2,2.0794415416798357,2.4247966453924295,2.360597341464953,2.1363218399760937
linear,0.3,0.7,12,8,1000,3,2.0794415416798357,2.453524074658996,2.430962568465986,2.225400485061328
linear,0.3,0.7,12,8,3000,0,2.0794415416798357,2.462123225751375,2.453638261324737,2.2827671881428913
linear,0.3,0.7,12,8,3000,1,2.0794415416798357,2.4701441843357,2.4641142475611746,2.2691302903094206
linear,0.3,0.7,12,8,3000,2,2.0794415416798357,2.466778234152134,2.459480149450107,2.268888019830505
linear,0.3,0.7,12,8,3000,3,2.0794415416798357,2.4717520258023886,2.465829937911543,2.291932549626164
linear,0.3,0.7,32,1,300,0,0.0,3.006845939121342,1.5479627821692852,2.8881581966871868
linear,0.3,0.7,32,1,300,1,0.0,3.21464401368803,2.177268533996621,2.9936502045228313
linear,0.3,0.7,32,1,300,2,0.0,3.11327681218768,1.8982963734673455,2.871545097481907
linear,0.3,0.7,32,1,300,3,0.0,3.138476938888303,1.8078921408912418,2.9798454710291082
linear,0.3,0.7,32,1,1000,0,0.0,3.1712824959608263,2.4498447420614196,2.4678452871857437
linear,0.3,0.7,32,1,1000,1,0.0,3.226830335107295,2.7939593150274953,2.7263471711998344
linear,0.3,0.7,32,1,1000,2,0.0,3.2597660334142162,2.8622504846847843,2.654460026101063
linear,0.3,0.7,32,1,1000,3,0.0,3.1021642111483465,1.9155837818924328,2.6399960169149046
linear,0.3,0.7,32,1,3000,0,0.0,3.351862259289527,3.269013657790553,2.004023885387536
linear,0.3,0.7,32,1,3000,1,0.0,3.316628748137713,3.1995288025565594,1.8300088901168081
linear,0.3,0.7,32,1,3000,2,0.0,3.247936372199847,3.035358025731251,1.9471271828454262
linear,0.3,0.7,32,1,3000,3,0.0,3.3081811619679455,3.1740166443069375,2.026077129115834
linear,0.3,0.7,32,2,300,0,0.6931471805599453,3.19274207517721,2.478077148711208,3.0934679855708116
linear,0.3,0.7,32,2,300,1,0.6931471805599453,3.184706757632343,2.3644133155082114,3.1922611591843886
linear,0.3,0.7,32,2,300,2,0.6931471805599453,3.263519288480827,2.541348648360056,3.1459208114927906
linear,0.3,0.7,32,2,300,3,0.6931471805599453,3.2041886482171966,2.3223330512324343,3.059681602667627
linear,0.3,0.7,32,2,1000,0,0.6931471805599453,3.4205483341891143,3.3621952893587554,2.9708869405673086
linear,0.3,0.7,32,2,1000,1,0.6931471805599453,3.3551229899788564,3.1096482108734538,2.7383696101553805
linear,0.3,0.7,32,2,1000,2,0.6931471805599453,3.2329341348904026,2.711755663431653,2.8555302923916135
linear,0.3,0.7,32,2,1000,3,0.6931471805599453,3.304941804759758,2.937087225194598,2.680319596038333
linear,0.3,0.7,32,2,3000,0,0.6931471805599453,3.3913814535672846,3.3434452902172405,2.492487740538359
linear,0.3,0.7,32,2,3000,1,0.6931471805599453,3.3613971468153876,3.280885377550571,2.243195747693787
linear,0.3,0.7,32,2,3000,2,0.6931471805599453,3.387797484587821,3.342652397106335,2.1224459050070474
linear,0.3,0.7,32,2,3000,3,0.6931471805599453,3.4210848098408295,3.3934033500630116,2.2662834019162563
linear,0.3,0.7,32,4,300,0,1.3862943611198906,3.3062148999000014,2.7799013798871837,3.144359728825688
linear,0.3,0.7,32,4,300,1,1.3862943611198906,3.3460342624009374,2.929228451740332,3.2649931219508312
linear,0.3,0.7,32,4,300,2,1.3862943611198906,3.259212880807068,2.746330852207973,3.107414440521967
linear,0.3,0.7,32,4,300,3,1.3862943611198906,3.392898354362797,3.1300486500690776,3.2447121221166375
linear,0.3,0.7,32,4,1000,0,1.3862943611198906,3.399291275027378,3.316484351191948,3.007669334877018
linear,0.3,0.7,32,4,1000,1,1.3862943611198906,3.4181581690934997,3.3648284550980128,2.978473502647636
linear,0.3,0.7,32,4,1000,2,1.3862943611198906,3.425639887717158,3.378131554934107,3.0980284524285713
linear,0.3,0.7,32,4,1000,3,1.3862943611198906,3.3854384886888393,3.2564965660922516,3.0850987690292646
linear,0.3,0.7,32,4,3000,0,1.3862943611198906,3.3973822189257046,3.358985754666312,2.8386691129750514
linear,0.3,0.7,32,4,3000,1,1.3862943611198906,3.4063752007939576,3.371358572489441,2.683768532548937
linear,0.3,0.7,32,4,3000,2,1.3862943611198906,3.4231135480507096,3.4003797391442405,2.7631674392565966
linear,0.3,0.7,32,4,3000,3,1.3862943611198906,3.4300312895573173,3.410065194092577,2.814194384122299
linear,0.3,0.7,32,8,300,0,2.0794415416798357,3.397630618198855,3.12862440580207,3.2609302717397477
linear,0.3,0.7,32,8,300,1,2.0794415416798357,3.411590740585297,3.2677960815729428,3.2729889080048027
linear,0.3,0.7,32,8,300,2,2.0794415416798357,3.3915632364614177,3.22212530067285,3.260730066407274
linear,0.3,0.7,32,8,300,3,2.0794415416798357,3.334169222221392,2.8607758150031914,3.231012371507336
linear,0.3,0.7,32,8,1000,0,2.0794415416798357,3.429917820570276,3.394714791893122,3.102075040656217
linear,0.3,0.7,32,8,1000,1,2.0794415416798357,3.4198357141671067,3.3648150124176675,3.1049632472739055
linear,0.3,0.7,32,8,1000,2,2.0794415416798357,3.4096619864706295,3.3327053053915825,3.0488801351063697
linear,0.3,0.7,32,8,1000,3,2.0794415416798357,3.4341908592367143,3.4079836979866642,3.1335591297007133
linear,0.3,0.7,32,8,3000,0,2.0794415416798357,3.438601343237103,3.4265710786270875,2.940665452309943
linear,0.3,0.7,32,8,3000,1,2.0794415416798357,3.442488901614222,3.431436185190542,3.0491622838997885
linear,0.3,0.7,32,8,3000,2,2.0794415416798357,3.4473885264658173,3.4389371717611055,3.024762884296062
linear,0.3,0.7,32,8,3000,3,2.0794415416798357,3.447523627514689,3.43807428741187,3.0816584295619833
linear,0.3,0.7,32,16,300,0,2.772588722239781,3.398701150910918,3.2041333247872057,3.1914029616565456
linear,0.3,0.7,32,16,300,1,2.772588722239781,3.428479321516461,3.3592101101405,3.2744337007219713
linear,0.3,0.7,32,16,300,2,2.772588722239781,3.3155000023369685,3.0446102232002503,3.068645258533495
linear,0.3,0.7,32,16,300,3,2.772588722239781,3.421456670142273,3.2993281938548966,3.2265830956202524
linear,0.3,0.7,32,16,1000,0,2.772588722239781,3.4481667532738673,3.430021712731856,3.232073827452246
linear,0.3,0.7,32,16,1000,1,2.772588722239781,3.438311773216286,3.4143456356206423,3.095362391054133
linear,0.3,0.7,32,16,1000,2,2.772588722239781,3.431312122411195,3.3889595537753827,3.15474086446387
linear,0.3,0.7,32,16,1000,3,2.772588722239781,3.4407988791735726,3.4220562750485186,3.046368066298811
linear,0.3,0.7,32,16,3000,0,2.772588722239781,3.450583017350599,3.4443988492920066,3.155733541839887
linear,0.3,0.7,32,16,3000,1,2.772588722239781,3.4539631308034533,3.448579945301199,3.219719233180853
linear,0.3,0.7,32,16,3000,2,2.772588722239781,3.453696404917342,3.448582992167658,3.0537000750437175
linear,0.3,0.7,32,16,3000,3,2.772588722239781,3.452081148119748,3.445952896565789,3.0932451895426945
linear,0.3,0.7,32,32,300,0,3.4657359027997265,3.4175263665239077,3.3180769961223806,3.316421801637687
linear,0.3,0.7,32,32,300,1,3.4657359027997265,3.3467913735408845,3.1032813699033346,3.1757828880795334
linear,0.3,0.7,32,32,300,2,3.4657359027997265,3.38217964126205,3.1813581814466745,3.192521788222564
linear,0.3,0.7,32,32,300,3,3.4657359027997265,3.357173296458351,2.879646025084701,3.128333754770309
linear,0.3,0.7,32,32,1000,0,3.4657359027997265,3.4468333906539406,3.4295432687838407,3.195636096273001
linear,0.3,0.7,32,32,1000,1,3.4657359027997265,3.4409817973327583,3.4160181299934207,3.229824800851208
linear,0.3,0.7,32,32,1000,2,3.4657359027997265,3.4381978766522607,3.4086542624149003,3.148775032364212
linear,0.3,0.7,32,32,1000,3,3.4657359027997265,3.458031797257149,3.451378587526462,3.2559513365856523
linear,0.3,0.7,32,32,3000,0,3.4657359027997265,3.4545687389860094,3.4489727018803227,3.1856269020057613
linear,0.3,0.7,32,32,3000,1,3.4657359027997265,3.458808816460362,3.455871825603113,3.330218770074976
linear,0.3,0.7,32,32,3000,2,3.4657359027997265,3.4569106114961454,3.452336866436489,3.1514273939041004
linear,0.3,0.7,32,32,3000,3,3.4657359027997265,3.456288402589796,3.4519650589680246,3.2190416841283502
linear,0.3,0.8,12,1,300,0,0.0,2.250455269730814,1.6500227191802634,1.592726132527324
linear,0.3,0.8,12,1,300,1,0.0,2.0600858596766938,1.045608978136158,1.4080359663453803
linear,0.3,0.8,12,1,300,2,0.0,2.0886872559283014,0.8577535874159032,1.4035251942768665
linear,0.3,0.8,12,1,300,3,0.0,2.2437276908016193,1.8640118747437133,1.4789496686498538
linear,0.3,0.8,12,1,1000,0,0.0,2.225308502962041,2.0032452208198346,0.9360061725867503
linear,0.3,0.8,12,1,1000,1,0.0,2.118142273348104,1.8030513142454208,0.8313681567102745
linear,0.3,0.8,12,1,1000,2,0.0,2.1281879361774956,1.804147313989103,1.104550973974957
linear,0.3,0.8,12,1,1000,3,0.0,2.255857386561109,2.078525152078343,1.0496825844294244
linear,0.3,0.8,12,1,3000,0,0.0,2.171396995297188,2.044143888918667,0.8335662083952612
linear,0.3,0.8,12,1,3000,1,0.0,2.1942720612740163,2.0721016051427186,0.48353228142847277
linear,0.3,0.8,12,1,3000,2,0.0,2.2182861568866645,2.118299859664462,0.7784427387697784
linear,0.3,0.8,12,1,3000,3,0.0,2.2128145295126878,2.1033118519593463,0.6468523073270368
linear,0.3,0.8,12,2,300,0,0.6931471805599453,2.1792889371862136,1.7229453732850715,1.8235472166765632
linear,0.3,0.8,12,2,300,1,0.6931471805599453,2.3363298276167237,2.104427703683256,1.7525928748293491
linear,0.3,0.8,12,2,300,2,0.6931471805599453,2.38524703056002,2.197322796263423,1.8899935948179154
linear,0.3,0.8,12,2,300,3,0.6931471805599453,2.3170454796239226,2.064049578892038,1.7138764490262461
linear,0.3,0.8,12,2,1000,0,0.6931471805599453,2.3826133844455337,2.315056946940065,1.4545237857510867
linear,0.3,0.8,12,2,1000,1,0.6931471805599453,2.3755728240597933,2.308197164793071,1.3321228954799735
linear,0.3,0.8,12,2,1000,2,0.6931471805599453,2.394348626556965,2.337443503895371,1.4516199635048077
linear,0.3,0.8,12,2,1000,3,0.6931471805599453,2.237133700121408,2.050284013566411,1.4924050204098904
linear,0.3,0.8,12,2,3000,0,0.6931471805599453,2.3361883135874146,2.285023737028083,1.330888640191791
linear,0.3,0.8,12,2,3000,1,0.6931471805599453,2.349453462840522,2.3070044629734627,1.1288939751019187
linear,0.3,0.8,12,2,3000,2,0.6931471805599453,2.3758815106847355,2.340201707878782,1.342283279930493
linear,0.3,0.8,12,2,3000,3,0.6931471805599453,2.366102738141997,2.3285982282475803,1.071727403925004
linear,0.3,0.8,12,4,300,0,1.3862943611198906,2.3879215707844677,2.2448123405297,2.136321686020664
linear,0.3,0.8,12,4,300,1,1.3862943611198906,2.3386752453182633,2.062084038185294,2.2312821230345934
linear,0.3,0.8,12,4,300,2,1.3862943611198906,2.3852612586812083,2.2323374524799804,1.953387527578628
linear,0.3,0.8,12,4,300,3,1.3862943611198906,2.4167888066566463,2.301082785074245,2.0260676469333556
linear,0.3,0.8,12,4,1000,0,1.3862943611198906,2.4090953152562395,2.359466129345173,1.8729423406087
linear,0.3,0.8,12,4,1000,1,1.3862943611198906,2.4335986818800657,2.4057910093565518,1.8147891292209914
linear,0.3,0.8,12,4,1000,2,1.3862943611198906,2.4202418975217737,2.3776642072449277,1.9128492800297705
linear,0.3,0.8,12,4,1000,3,1.3862943611198906,2.4451110436382777,2.42416406415537,1.9738949774069756
linear,0.3,0.8,12,4,3000,0,1.3862943611198906,2.394400677926772,2.363397636053114,1.7903670052530358
linear,0.3,0.8,12,4,3000,1,1.3862943611198906,2.428475406999858,2.41238660728637,1.7923235488644802
linear,0.3,0.8,12,4,3000,2,1.3862943611198906,2.4315988328662708,2.4152729331440415,1.721839830641366
linear,0.3,0.8,12,4,3000,3,1.3862943611198906,2.4329431176652423,2.418130962014701,1.6879626958765097
linear,0.3,0.8,12,8,300,0,2.0794415416798357,2.469502308683462,2.448404019665819,2.2956998118766747
linear,0.3,0.8,12,8,300,1,2.0794415416798357,2.4406250274521866,2.39143342096348,2.1116252023808975
linear,0.3,0.8,12,8,300,2,2.0794415416798357,2.461596650301518,2.4324398489766414,2.154434178725991
linear,0.3,0.8,12,8,300,3,2.0794415416798357,2.441511240506404,2.370579338750075,2.2365401827856446
linear,0.3,0.8,12,8,1000,0,2.0794415416798357,2.465593633834556,2.4557775559765034,2.266606140450918
linear,0.3,0.8,12,8,1000,1,2.0794415416798357,2.464777440753101,2.4529990582144077,2.292699900239611
linear,0.3,0.8,12,8,1000,2,2.0794415416798357,2.459447473610373,2.445998322399275,2.313314104790087
linear,0.3,0.8,12,8,1000,3,2.0794415416798357,2.4690677543126007,2.460216489517959,2.1915152876928965
linear,0.3,0.8,12,8,3000,0,2.0794415416798357,2.472312456377911,2.469117800999127,2.220339385793264
linear,0.3,0.8,12,8,3000,1,2.0794415416798357,2.471251277267162,2.4676422767833626,2.2269067498256567
linear,0.3,0.8,12,8,3000,2,2.0794415416798357,2.4698681727879617,2.466171581921355,2.1742925275437437
linear,0.3,0.8,12,8,3000,3,2.0794415416798357,2.4659897106100708,2.4608427255548553,2.1935715272559997
linear,0.3,0.8,32,1,300,0,0.0,3.2155607598135423,2.637241858884415,2.8505065036472588
linear,0.3,0.8,32,1,300,1,0.0,3.1504538523543646,2.1212274703000467,2.7046634361144215
linear,0.3,0.8,32,1,300,2,0.0,3.082545169625342,1.6322061128190646,2.726704990104524
linear,0.3,0.8,32,1,300,3,0.0,3.2165608887320483,2.8138595265428727,2.6961882747045607
linear,0.3,0.8,32,1,1000,0,0.0,3.3393207486843743,3.204527487347916,2.0477045279617174
linear,0.3,0.8,32,1,1000,1,0.0,3.2684026496471383,3.042918604710656,2.056040240276758
linear,0.3,0.8,32,1,1000,2,0.0,3.2604175960788817,3.0026549903065978,2.1616130136057783
linear,0.3,0.8,32,1,1000,3,0.0,3.3266580517356346,3.186135705395505,2.145379954111576
linear,0.3,0.8,32,1,3000,0,0.0,3.2951330166384403,3.206947676694065,1.642599447914846
linear,0.3,0.8,32,1,3000,1,0.0,3.3031443446831124,3.21576840767307,1.3069430717772013
linear,0.3,0.8,32,1,3000,2,0.0,3.3287162095560276,3.2661392869500907,1.5727421232817667
linear,0.3,0.8,32,1,3000,3,0.0,3.3176150291850655,3.2428650063010855,1.597560721453583
linear,0.3,0.8,32,2,300,0,0.6931471805599453,3.2308271018340804,2.588072176499328,2.888387810653712
linear,0.3,0.8,32,2,300,1,0.6931471805599453,3.3504165958520784,3.116922377190751,2.9034979300620294
linear,0.3,0.8,32,2,300,2,0.6931471805599453,3.3889111402918837,3.1890373902140814,2.9263348145536496
linear,0.3,0.8,32,2,300,3,0.6931471805599453,3.3530036824266354,3.136010788625515,2.822854435475321
linear,0.3,0.8,32,2,1000,0,0.6931471805599453,3.408050866601148,3.3649169098879357,2.4151270546152435
linear,0.3,0.8,32,2,1000,1,0.6931471805599453,3.391102887679992,3.3330436620233628,2.1821374454049502
linear,0.3,0.8,32,2,1000,2,0.6931471805599453,3.406361790076899,3.3611593837413976,2.351014075991501
linear,0.3,0.8,32,2,1000,3,0.6931471805599453,3.32727065918575,3.1911775413346164,2.312670740682013
linear,0.3,0.8,32,2,3000,0,0.6931471805599453,3.377967042100198,3.3413309253749373,2.0556304376661294
linear,0.3,0.8,32,2,3000,1,0.6931471805599453,3.389135140280026,3.3603962022955223,1.8138813159433822
linear,0.3,0.8,32,2,3000,2,0.6931471805599453,3.4078759643486127,3.385948750477209,2.0509302018970894
linear,0.3,0.8,32,2,3000,3,0.6931471805599453,3.3938598695719078,3.3664763315714827,1.7876608684772903
linear,0.3,0.8,32,4,300,0,1.3862943611198906,3.4032363342893115,3.2904920517501455,3.0463496000013377
linear,0.3,0.8,32,4,300,1,1.3862943611198906,3.348194880509242,3.0599994158458816,3.1679717130628413
linear,0.3,0.8,32,4,300,2,1.3862943611198906,3.401659344945086,3.2907876554664814,3.105458955308351
linear,0.3,0.8,32,4,300,3,1.3862943611198906,3.398266374870206,3.2469371818392143,3.0879411289824787
linear,0.3,0.8,32,4,1000,0,1.3862943611198906,3.420170039416518,3.386624583596721,2.805417075143722
linear,0.3,0.8,32,4,1000,1,1.3862943611198906,3.4339857628457757,3.4143490452761376,2.7130711414469384
linear,0.3,0.8,32,4,1000,2,1.3862943611198906,3.4182286579685495,3.380489330536668,2.682307620141689
linear,0.3,0.8,32,4,1000,3,1.3862943611198906,3.4302751935024163,3.40861200484669,2.8640505469910305
linear,0.3,0.8,32,4,3000,0,1.3862943611198906,3.4097098854380206,3.3867845337620257,2.383200186310915
linear,0.3,0.8,32,4,3000,1,1.3862943611198906,3.4340396677740284,3.423959967476726,2.4639456839659166
linear,0.3,0.8,32,4,3000,2,1.3862943611198906,3.4355083772782877,3.4250740210539856,2.2859545545704694
linear,0.3,0.8,32,4,3000,3,1.3862943611198906,3.4265129742671427,3.413289714977602,2.3815988562715678
linear,0.3,0.8,32,8,300,0,2.0794415416798357,3.417435183762609,3.3282714197432193,3.235521621122391
linear,0.3,0.8,32,8,300,1,2.0794415416798357,3.4052208272226316,3.316655869699674,3.1529767636797303
linear,0.3,0.8,32,8,300,2,2.0794415416798357,3.433839669536287,3.3888490230647323,3.1793471461427654
linear,0.3,0.8,32,8,300,3,2.0794415416798357,3.3980789327111784,3.2397211527774794,3.2118475668817466
linear,0.3,0.8,32,8,1000,0,2.0794415416798357,3.443166108865049,3.429817828467009,3.131006632253746
linear,0.3,0.8,32,8,1000,1,2.0794415416798357,3.4425886093008367,3.426647311359422,3.04869544149611
linear,0.3,0.8,32,8,1000,2,2.0794415416798357,3.4452124230930092,3.4330806719419744,3.1555789412031037
linear,0.3,0.8,32,8,1000,3,2.0794415416798357,3.44530520255654,3.4319802798256767,3.0095160807444925
linear,0.3,0.8,32,8,3000,0,2.0794415416798357,3.4516587905571754,3.4476536942226184,2.8789782724226582
linear,0.3,0.8,32,8,3000,1,2.0794415416798357,3.4514427247899078,3.4471784598118256,2.7647690486197085
linear,0.3,0.8,32,8,3000,2,2.0794415416798357,3.4467170748440474,3.4413069218301233,2.7319244811831718
linear,0.3,0.8,32,8,3000,3,2.0794415416798357,3.448730554735644,3.4435531519111318,2.8422087004953425
linear,0.3,0.8,32,16,300,0,2.772588722239781,3.429617102561879,3.368951091916336,3.2301619122146437
linear,0.3,0.8,32,16,300,1,2.772588722239781,3.4422017486184298,3.413344568757193,3.285284539384169
linear,0.3,0.8,32,16,300,2,2.772588722239781,3.442670536204877,3.4119784166061553,3.3232431689566506
linear,0.3,0.8,32,16,300,3,2.772588722239781,3.4169079300508285,3.3425746132198757,3.146835717303878
linear,0.3,0.8,32,16,1000,0,2.772588722239781,3.4516168303583443,3.442672247480878,3.237728374527154
linear,0.3,0.8,32,16,1000,1,2.772588722239781,3.4574539073718413,3.4531329548921734,3.225036296083182
linear,0.3,0.8,32,16,1000,2,2.772588722239781,3.4318513163417887,3.409969100526366,3.2120849022809006
linear,0.3,0.8,32,16,1000,3,2.772588722239781,3.453198656051973,3.4460876118141375,3.1617070394510893
linear,0.3,0.8,32,16,3000,0,2.772588722239781,3.460817236318951,3.459471023753487,3.0968518391400073
linear,0.3,0.8,32,16,3000,1,2.772588722239781,3.4567391091301687,3.454265026734975,3.1473739284739732
linear,0.3,0.8,32,16,3000,2,2.772588722239781,3.4600627200684047,3.4585117881492344,3.184797106712032
linear,0.3,0.8,32,16,3000,3,2.772588722239781,3.455874403335378,3.453175474505763,3.1296057325374407
linear,0.3,0.8,32,32,300,0,3.4657359027997265,3.448634113787974,3.426804136194848,3.227184864344246
linear,0.3,0.8,32,32,300,1,3.4657359027997265,3.429197003496891,3.3783665184700955,3.2262826546752956
linear,0.3,0.8,32,32,300,2,3.4657359027997265,3.4363561447394435,3.3972195402130096,3.2833176712246743
linear,0.3,0.8,32,32,300,3,3.4657359027997265,3.4415158365112024,3.4035552585113753,3.2484382268852685
linear,0.3,0.8,32,32,1000,0,3.4657359027997265,3.4565467578733537,3.4515874704734197,3.187954846852547
linear,0.3,0.8,32,32,1000,1,3.4657359027997265,3.459779690116824,3.456282336891082,3.1894872949875626
linear,0.3,0.8,32,32,1000,2,3.4657359027997265,3.452734381290917,3.4452399591392084,3.1990027445383054
linear,0.3,0.8,32,32,1000,3,3.4657359027997265,3.4542895646863503,3.4476394248840854,3.2359217088476853
linear,0.3,0.8,32,32,3000,0,3.4657359027997265,3.462421359283369,3.4614932370120264,3.1876949663671894
linear,0.3,0.8,32,32,3000,1,3.4657359027997265,3.461949184513632,3.46086192846832,3.257316367699035
linear,0.3,0.8,32,32,3000,2,3.4657359027997265,3.4617825150492325,3.4606612083230086,3.1187973281013632
linear,0.3,0.8,32,32,3000,3,3.4657359027997265,3.4624623762683058,3.461577285975106,3.2358035601089354
threshold,0.0,0.7,12,1,300,0,0.0,1.4866403281229763,0.16512915119431612,1.7168219622865273
threshold,0.0,0.7,12,1,300,1,0.0,1.4671050703066624,0.14217711167532385,2.0557630934457563
threshold,0.0,0.7,12,1,300,2,0.0,0.8027852434079636,0.0,1.481481617250593
threshold,0.0,0.7,12,1,300,3,0.0,1.0100474230761576,0.18179463879058452,1.7988877105418526
threshold,0.0,0.7,12,1,1000,0,0.0,1.2203148035107592,0.1725922030619813,1.36582910811525
threshold,0.0,0.7,12,1,1000,1,0.0,0.541319429955425,0.0,1.3030285108150996
threshold,0.0,0.7,12,1,1000,2,0.0,1.3846626744393131,0.0,1.567617709052856
threshold,0.0,0.7,12,1,1000,3,0.0,0.6206699305207669,0.11073115269357839,1.3552807652009662
threshold,0.0,0.7,12,1,3000,0,0.0,0.5596176102987918,0.06005141733305235,0.9010669684463531
threshold,0.0,0.7,12,1,3000,1,0.0,0.5981755148234303,0.16869405882610808,0.9538187646328852
threshold,0.0,0.7,12,1,3000,2,0.0,0.7731301360207151,0.07886076603385525,0.9836337214324289
threshold,0.0,0.7,12,1,3000,3,0.0,0.9033392439828248,0.10979215532325717,1.030746572952255
threshold,0.0,0.7,12,2,300,0,0.6931471805599453,1.6195075324641774,0.8646218774865877,1.9828962953470624
threshold,0.0,0.7,12,2,300,1,0.6931471805599453,1.147486068948756,0.6497646724662249,1.9469002115902698
threshold,0.0,0.7,12,2,300,2,0.6931471805599453,1.4363877763612032,0.7948431224173552,2.0871434654454575
threshold,0.0,0.7,12,2,300,3,0.6931471805599453,1.560440104540609,0.6321730106261789,2.2217262330038055
threshold,0.0,0.7,12,2,1000,0,0.6931471805599453,1.4584983094543895,0.8218665886210996,1.6657109969248536
threshold,0.0,0.7,12,2,1000,1,0.6931471805599453,1.589909142191237,0.6915684034497926,1.7606675727720698
threshold,0.0,0.7,12,2,1000,2,0.6931471805599453,1.9586170799187141,0.903695592360971,2.055931986004649
threshold,0.0,0.7,12,2,1000,3,0.6931471805599453,1.6360842929983168,0.9768483855460306,1.8125173492293798
threshold,0.0,0.7,12,2,3000,0,0.6931471805599453,0.9587793877436559,0.7174168989958454,1.268350010620049
threshold,0.0,0.7,12,2,3000,1,0.6931471805599453,0.9842851595924356,0.6855023411510374,1.458555408512029
threshold,0.0,0.7,12,2,3000,2,0.6931471805599453,1.1938760399527062,0.7104426068363116,1.4453752075226847
threshold,0.0,0.7,12,2,3000,3,0.6931471805599453,0.9510018269176247,0.6931444393522771,1.2384918960111302
threshold,0.0,0.7,12,4,300,0,1.3862943611198906,2.0407127140764243,0.8467438006933732,2.1893246270340105
threshold,0.0,0.7,12,4,300,1,1.3862943611198906,2.006584270524251,0.7247757622074209,2.1975779176777124
threshold,0.0,0.7,12,4,300,2,1.3862943611198906,1.5691616006398863,1.0299042817452237,2.103637628103495
threshold,0.0,0.7,12,4,300,3,1.3862943611198906,1.7807255114084242,1.1027885201305432,2.0879921683255134
threshold,0.0,0.7,12,4,1000,0,1.3862943611198906,1.5987296362953283,1.2801485451263241,1.8884592979511905
threshold,0.0,0.7,12,4,1000,1,1.3862943611198906,1.4893623232063038,1.325965958480935,1.790308680560851
threshold,0.0,0.7,12,4,1000,2,1.3862943611198906,1.8349792383475816,1.270373673800029,2.028425875828987
threshold,0.0,0.7,12,4,1000,3,1.3862943611198906,1.4928779559719874,1.2576760050497833,1.78147437135705
threshold,0.0,0.7,12,4,3000,0,1.3862943611198906,1.6315383253776714,1.3698761922034008,1.8093901970466018
threshold,0.0,0.7,12,4,3000,1,1.3862943611198906,1.6896960999778023,1.375445435065262,1.7360950283802064
threshold,0.0,0.7,12,4,3000,2,1.3862943611198906,1.7226393314191368,1.4054090011393034,1.9039124053019716
threshold,0.0,0.7,12,4,3000,3,1.3862943611198906,1.7831266023320589,1.4187942271188643,1.917752381333592
threshold,0.0,0.7,12,8,300,0,2.0794415416798357,1.9501104912566254,1.4757546435272735,2.1429494703940923
threshold,0.0,0.7,12,8,300,1,2.0794415416798357,1.9566158660347726,1.3320417318325295,2.226126181923028
threshold,0.0,0.7,12,8,300,2,2.0794415416798357,1.9239274022720494,1.2507182736771991,2.198955694673361
threshold,0.0,0.7,12,8,300,3,2.0794415416798357,2.055068550631055,1.2486193519474376,2.197566451785359
threshold,0.0,0.7,12,8,1000,0,2.0794415416798357,2.2538156924318056,1.9668231791071773,2.31009082262211
threshold,0.0,0.7,12,8,1000,1,2.0794415416798357,2.2681149233644318,1.9151932104710827,2.2596991224089265
threshold,0.0,0.7,12,8,1000,2,2.0794415416798357,2.113618264891836,1.8153321061269614,2.2714001443139598
threshold,0.0,0.7,12,8,1000,3,2.0794415416798357,2.1911469437069484,1.8338555382685278,2.184113505327204
threshold,0.0,0.7,12,8,3000,0,2.0794415416798357,2.083791018013836,1.9494657233676138,2.1243578292385057
threshold,0.0,0.7,12,8,3000,1,2.0794415416798357,2.1654959778055534,2.0110219932672297,2.252104811360963
threshold,0.0,0.7,12,8,3000,2,2.0794415416798357,2.107537920296879,2.0377764460907306,2.194718842213185
threshold,0.0,0.7,12,8,3000,3,2.0794415416798357,2.1842272816467956,2.0746456641437403,2.226901195351463
threshold,0.0,0.7,32,1,300,0,0.0,2.4116724150149342,0.32641682355745955,2.9772920121903814
threshold,0.0,0.7,32,1,300,1,0.0,2.3875173056354613,0.392823420980243,3.101000786735904
threshold,0.0,0.7,32,1,300,2,0.0,2.176008301100937,0.3026540438778661,2.759686523128952
threshold,0.0,0.7,32,1,300,3,0.0,2.182595229369955,0.2668066936695989,3.0242643373162466
threshold,0.0,0.7,32,1,1000,0,0.0,1.849120448588631,0.1725922030619813,2.3366508409084386
threshold,0.0,0.7,32,1,1000,1,0.0,1.8383725391522978,0.054359136598132976,2.5142370048934097
threshold,0.0,0.7,32,1,1000,2,0.0,2.4022150658134067,0.4360094464973627,2.835026773013583
threshold,0.0,0.7,32,1,1000,3,0.0,1.5009008640183648,0.11073115269357839,2.3737374939190996
threshold,0.0,0.7,32,1,3000,0,0.0,1.464833522499634,0.2454578244046442,2.015256973262466
threshold,0.0,0.7,32,1,3000,1,0.0,1.3230020487157346,0.33961051982518853,1.884346635871673
threshold,0.0,0.7,32,1,3000,2,0.0,1.5902972635608505,0.2875027773595338,2.1082555784312693
threshold,0.0,0.7,32,1,3000,3,0.0,1.6437096599054344,0.1880056026233003,2.039391500986287
threshold,0.0,0.7,32,2,300,0,0.6931471805599453,2.7362862489755644,1.2307668941853307,3.076277952555943
threshold,0.0,0.7,32,2,300,1,0.6931471805599453,2.4222271710327763,0.7569999567266956,3.144008860102234
threshold,0.0,0.7,32,2,300,2,0.6931471805599453,2.4801569723962755,1.0270094425727956,3.194652632056603
threshold,0.0,0.7,32,2,300,3,0.6931471805599453,2.5890024240957468,1.315376877015579,3.257664267279173
threshold,0.0,0.7,32,2,1000,0,0.6931471805599453,1.9272498935593638,0.8218665886210995,2.536406074378108
threshold,0.0,0.7,32,2,1000,1,0.6931471805599453,2.5028568329196736,1.1432288367348276,2.7859134270069164
threshold,0.0,0.7,32,2,1000,2,0.6931471805599453,2.890786735289449,1.1057574778343318,3.152055166847445
threshold,0.0,0.7,32,2,1000,3,0.6931471805599453,2.3635282017698853,1.0456539663765576,2.7607811148154875
threshold,0.0,0.7,32,2,3000,0,0.6931471805599453,1.8040718271698162,0.7244026407741245,2.1304147654974956
threshold,0.0,0.7,32,2,3000,1,0.6931471805599453,1.4773681334831172,0.7525293450639151,2.1452900029482143
threshold,0.0,0.7,32,2,3000,2,0.6931471805599453,1.856104223175762,0.7858511859707594,2.296042372177449
threshold,0.0,0.7,32,2,3000,3,0.6931471805599453,1.6820981403080277,0.8887935740872155,2.0862558834716367
threshold,0.0,0.7,32,4,300,0,1.3862943611198906,2.8861338458177825,1.3822446319852082,3.214592158168584
threshold,0.0,0.7,32,4,300,1,1.3862943611198906,2.6087740437950573,1.0328133558748156,3.144986021525054
threshold,0.0,0.7,32,4,300,2,1.3862943611198906,2.737047877618387,1.7277262175124146,3.1725378890676144
threshold,0.0,0.7,32,4,300,3,1.3862943611198906,2.3494170667912355,1.3038267770393344,3.1776847051852797
threshold,0.0,0.7,32,4,1000,0,1.3862943611198906,2.2122889690551757,1.2801485451263241,2.7035979015376905
threshold,0.0,0.7,32,4,1000,1,1.3862943611198906,2.250195796551799,1.4019816995229544,2.73567209624034
threshold,0.0,0.7,32,4,1000,2,1.3862943611198906,2.4769976853424964,1.3249035331642725,3.005034153201334
threshold,0.0,0.7,32,4,1000,3,1.3862943611198906,2.3743251953622866,1.378793205067899,2.746555611832596
threshold,0.0,0.7,32,4,3000,0,1.3862943611198906,2.150990328175659,1.3975281124041288,2.5413644667187536
threshold,0.0,0.7,32,4,3000,1,1.3862943611198906,2.312086008393911,1.3888051896171174,2.492359522519955
threshold,0.0,0.7,32,4,3000,2,1.3862943611198906,2.408281289318899,1.4717954870781653,2.754974553605959
threshold,0.0,0.7,32,4,3000,3,1.3862943611198906,2.310032337993042,1.525811280251868,2.6755960017462392
threshold,0.0,0.7,32,8,300,0,2.0794415416798357,2.7307059979968895,1.613923182798561,3.141190437399857
threshold,0.0,0.7,32,8,300,1,2.0794415416798357,2.675153724119923,1.3320417318325297,3.1865204446384636
threshold,0.0,0.7,32,8,300,2,2.0794415416798357,2.780174611209251,1.478315135142649,3.130193193414606
threshold,0.0,0.7,32,8,300,3,2.0794415416798357,2.6778896816952207,1.4810525954912943,3.109249838784466
threshold,0.0,0.7,32,8,1000,0,2.0794415416798357,2.696682643052707,1.9668231791071773,2.9989145794347465
threshold,0.0,0.7,32,8,1000,1,2.0794415416798357,2.7089302782500475,2.0281700975182337,2.9520895426107066
threshold,0.0,0.7,32,8,1000,2,2.0794415416798357,2.806100468521092,1.8394492014216395,3.170132525846172
threshold,0.0,0.7,32,8,1000,3,2.0794415416798357,2.725186724280622,1.9099019546411111,3.035305624783638
threshold,0.0,0.7,32,8,3000,0,2.0794415416798357,2.552090509420679,2.0066513039883254,2.8346233037663406
threshold,0.0,0.7,32,8,3000,1,2.0794415416798357,2.3800630770554396,2.0901130058444486,2.817302312502004
threshold,0.0,0.7,32,8,3000,2,2.0794415416798357,2.433548515028705,2.067245822069208,2.761794156806782
threshold,0.0,0.7,32,8,3000,3,2.0794415416798357,2.529218570892608,2.101605489007263,2.7741524128849315
threshold,0.0,0.7,32,16,300,0,2.772588722239781,2.744895326099297,1.7248023526784855,3.1831585458641514
threshold,0.0,0.7,32,16,300,1,2.772588722239781,2.799449835357842,1.5636777150980454,3.1872999408572773
threshold,0.0,0.7,32,16,300,2,2.772588722239781,2.75918793785851,1.859581116553118,3.259198079423809
threshold,0.0,0.7,32,16,300,3,2.772588722239781,2.9262262078629155,1.556564602413055,3.245540063238652
threshold,0.0,0.7,32,16,1000,0,2.772588722239781,2.959861159674564,1.9534163633358685,3.188686103949547
threshold,0.0,0.7,32,16,1000,1,2.772588722239781,2.9458933126956888,1.7969580301315333,3.199421540067285
threshold,0.0,0.7,32,16,1000,2,2.772588722239781,2.884573356634377,2.118423969064992,3.232672358793713
threshold,0.0,0.7,32,16,1000,3,2.772588722239781,3.091054161811275,2.3898247525412057,3.200849363154989
threshold,0.0,0.7,32,16,3000,0,2.772588722239781,2.893515592691745,2.6253393138799077,3.1160994670666287
threshold,0.0,0.7,32,16,3000,1,2.772588722239781,2.9742407395704467,2.61892822462422,3.1469766998379938
threshold,0.0,0.7,32,16,3000,2,2.772588722239781,2.9860969752570234,2.654136514118311,3.1135017174164847
threshold,0.0,0.7,32,16,3000,3,2.772588722239781,3.0257509916023113,2.765842466489734,3.1378285135611264
threshold,0.0,0.7,32,32,300,0,3.4657359027997265,2.885239135584095,1.6796216632830234,3.285778153915656
threshold,0.0,0.7,32,32,300,1,3.4657359027997265,2.952059645902658,1.7652856443482365,3.2777140513204195
threshold,0.0,0.7,32,32,300,2,3.4657359027997265,2.866761958513652,1.8563332280189835,3.185465777682475
threshold,0.0,0.7,32,32,300,3,3.4657359027997265,2.880474032064101,1.9267421392075554,3.184269654638813
threshold,0.0,0.7,32,32,1000,0,3.4657359027997265,3.257095739801967,2.3865764089310115,3.329322642016009
threshold,0.0,0.7,32,32,1000,1,3.4657359027997265,3.0703588416162186,2.2184798130198873,3.1723478148248456
threshold,0.0,0.7,32,32,1000,2,3.4657359027997265,3.1405573555390767,2.5199164680391672,3.2696862638771544
threshold,0.0,0.7,32,32,1000,3,3.4657359027997265,3.171929152843563,2.686567412335279,3.27477261869256
threshold,0.0,0.7,32,32,3000,0,3.4657359027997265,3.337517724063194,2.949723664766735,3.33479448949034
threshold,0.0,0.7,32,32,3000,1,3.4657359027997265,3.2265831959256492,2.793079455441408,3.3095281534961916
threshold,0.0,0.7,32,32,3000,2,3.4657359027997265,3.2819127585150127,2.9495244595289045,3.3087621643598037
threshold,0.0,0.7,32,32,3000,3,3.4657359027997265,3.299617836381111,2.943100056739061,3.3212520842855096
threshold,0.0,0.8,12,1,300,0,0.0,0.7332296156324973,0.0,1.3356162149900825
threshold,0.0,0.8,12,1,300,1,0.0,0.9031276942577682,0.0,1.4091877672187452
threshold,0.0,0.8,12,1,300,2,0.0,1.2474012194544162,0.3136655599185795,1.5566415732178323
threshold,0.0,0.8,12,1,300,3,0.0,1.116921292311163,0.0,1.7182268722166298
threshold,0.0,0.8,12,1,1000,0,0.0,0.86076497481337,0.09864034182985613,1.1542829689429581
threshold,0.0,0.8,12,1,1000,1,0.0,0.6164965026592627,0.0,1.1017641876714557
threshold,0.0,0.8,12,1,1000,2,0.0,0.5224211149069375,0.0,0.8550571026958259
threshold,0.0,0.8,12,1,1000,3,0.0,0.842820748487831,0.11159093930805644,1.037352479336657
threshold,0.0,0.8,12,1,3000,0,0.0,0.46239566044366937,0.013264257313672428,0.5202155264270114
threshold,0.0,0.8,12,1,3000,1,0.0,0.581876699183479,0.04330443704408309,0.6616142154804299
threshold,0.0,0.8,12,1,3000,2,0.0,0.4728890281038871,0.03678401321656938,0.6080895335717355
threshold,0.0,0.8,12,1,3000,3,0.0,0.41204221261930607,0.013984959979416546,0.582803875104595
threshold,0.0,0.8,12,2,300,0,0.6931471805599453,1.6095186646725843,0.6920103304206561,1.9415226618661414
threshold,0.0,0.8,12,2,300,1,0.6931471805599453,1.5519655116027196,0.6925021927142883,1.7811659132961446
threshold,0.0,0.8,12,2,300,2,0.6931471805599453,1.6725041906600586,0.8043405008862947,1.9062846389997343
threshold,0.0,0.8,12,2,300,3,0.6931471805599453,1.4243035947303941,0.8957876885144793,1.8028232325243023
threshold,0.0,0.8,12,2,1000,0,0.6931471805599453,1.3685538527585073,0.8020165694874579,1.4914311952064039
threshold,0.0,0.8,12,2,1000,1,0.6931471805599453,1.1016754218068412,0.6911872256745455,1.4675484344308145
threshold,0.0,0.8,12,2,1000,2,0.6931471805599453,1.0461443722838348,0.7012313605633955,1.4083272291200049
threshold,0.0,0.8,12,2,1000,3,0.6931471805599453,1.3075075939731986,0.7180340900044319,1.356343746091907
threshold,0.0,0.8,12,2,3000,0,0.6931471805599453,1.0219454486156234,0.6939621418360911,1.202720304984533
threshold,0.0,0.8,12,2,3000,1,0.6931471805599453,1.0183739109083405,0.72598636769988,1.1648037927692079
threshold,0.0,0.8,12,2,3000,2,0.6931471805599453,1.0428198051610034,0.7036168043837442,1.167678328478545
threshold,0.0,0.8,12,2,3000,3,0.6931471805599453,1.0481331382630052,0.7095519374805508,1.2713554457992375
threshold,0.0,0.8,12,4,300,0,1.3862943611198906,1.6958109616055366,1.2554824786392773,2.0029898636747143
threshold,0.0,0.8,12,4,300,1,1.3862943611198906,1.8270634593681434,1.3384502793062318,1.895741797637436
threshold,0.0,0.8,12,4,300,2,1.3862943611198906,1.7743983363221174,0.9961365476564047,1.9794614451892043
threshold,0.0,0.8,12,4,300,3,1.3862943611198906,2.042376380404405,1.6160153443881575,2.1539013498282626
threshold,0.0,0.8,12,4,1000,0,1.3862943611198906,1.6948424968297569,1.3717728274108891,1.9028166643105504
threshold,0.0,0.8,12,4,1000,1,1.3862943611198906,1.8052247475847898,1.440196741187295,1.937192588700846
threshold,0.0,0.8,12,4,1000,2,1.3862943611198906,1.5750894386107104,1.35076079814588,1.7366640704455323
threshold,0.0,0.8,12,4,1000,3,1.3862943611198906,1.7059528667558124,1.376117449869183,1.925091159177394
threshold,0.0,0.8,12,4,3000,0,1.3862943611198906,1.5353785932472004,1.3765060845166546,1.6854589227058507
threshold,0.0,0.8,12,4,3000,1,1.3862943611198906,1.5592514083605715,1.3853816534584482,1.6522967189993485
threshold,0.0,0.8,12,4,3000,2,1.3862943611198906,1.4964664609044611,1.3780242688481559,1.617938719458019
threshold,0.0,0.8,12,4,3000,3,1.3862943611198906,1.5229514602558236,1.3948905366465383,1.655533397683103
threshold,0.0,0.8,12,8,300,0,2.0794415416798357,2.1957302112622323,1.8499270692114946,2.228594216897598
threshold,0.0,0.8,12,8,300,1,2.0794415416798357,2.3131523197793364,2.017077508487801,2.328098357684324
threshold,0.0,0.8,12,8,300,2,2.0794415416798357,2.156171938601241,1.5837556320777995,2.312948719497885
threshold,0.0,0.8,12,8,300,3,2.0794415416798357,2.2753195498426377,1.7276471013047658,2.353594336854359
threshold,0.0,0.8,12,8,1000,0,2.0794415416798357,2.1034130872953125,2.020249089780201,2.195222099298425
threshold,0.0,0.8,12,8,1000,1,2.0794415416798357,2.1475826364628783,1.945698854797685,2.170486305909411
threshold,0.0,0.8,12,8,1000,2,2.0794415416798357,2.163964837634839,2.0159347822781615,2.1793867773516764
threshold,0.0,0.8,12,8,1000,3,2.0794415416798357,2.2428912060524593,2.0842940445554823,2.202720655784476
threshold,0.0,0.8,12,8,3000,0,2.0794415416798357,2.15858208683391,2.0839448042383704,2.195200166816248
threshold,0.0,0.8,12,8,3000,1,2.0794415416798357,2.17050526289862,2.084069344729042,2.1686814996041113
threshold,0.0,0.8,12,8,3000,2,2.0794415416798357,2.1735964133736987,2.0830911205905926,2.186247293575754
threshold,0.0,0.8,12,8,3000,3,2.0794415416798357,2.1377908223319286,2.0682402811815934,2.2092066155690553
threshold,0.0,0.8,32,1,300,0,0.0,1.903882124943654,0.18707047929618836,2.6083922753418873
threshold,0.0,0.8,32,1,300,1,0.0,1.9390280059510727,0.267980773074969,2.588461023716305
threshold,0.0,0.8,32,1,300,2,0.0,2.1809870617976927,0.6924098797192035,2.7757271513175676
threshold,0.0,0.8,32,1,300,3,0.0,2.0217612701482093,0.280120676226716,2.874706864064351
threshold,0.0,0.8,32,1,1000,0,0.0,1.8024549518208668,0.2771391666607697,2.341445134677378
threshold,0.0,0.8,32,1,1000,1,0.0,1.4759928728456568,0.12629874029123428,2.0410116856430114
threshold,0.0,0.8,32,1,1000,2,0.0,1.262417126072568,0.049633228190953796,1.8663644684247829
threshold,0.0,0.8,32,1,1000,3,0.0,1.4277283907391551,0.25005646508417495,2.0341419560081335
threshold,0.0,0.8,32,1,3000,0,0.0,1.0568074251915076,0.022687838676945505,1.369341529824263
threshold,0.0,0.8,32,1,3000,1,0.0,0.7864050776914506,0.04330443704408309,1.262759427433363
threshold,0.0,0.8,32,1,3000,2,0.0,1.0685099005432688,0.05461383512062007,1.4588900003559775
threshold,0.0,0.8,32,1,3000,3,0.0,0.952998822114105,0.08792351747719719,1.3600940604224316
threshold,0.0,0.8,32,2,300,0,0.6931471805599453,2.504884828761644,0.827236828762527,2.9862995904498857
threshold,0.0,0.8,32,2,300,1,0.6931471805599453,2.294638530476155,0.7543935500813119,2.8757789306903634
threshold,0.0,0.8,32,2,300,2,0.6931471805599453,2.569288768192371,0.8707735017292311,2.9528285253492177
threshold,0.0,0.8,32,2,300,3,0.6931471805599453,2.2257557804863497,1.202617435403116,2.790919548325384
threshold,0.0,0.8,32,2,1000,0,0.6931471805599453,1.9943256067792492,0.8939705249998527,2.5232531528015545
threshold,0.0,0.8,32,2,1000,1,0.6931471805599453,1.9518522142116885,0.7312066628671505,2.3514553097348947
threshold,0.0,0.8,32,2,1000,2,0.6931471805599453,1.9623329675100503,0.8662263056629556,2.392640893767019
threshold,0.0,0.8,32,2,1000,3,0.6931471805599453,1.9393679048839505,0.8361841294822884,2.2175168942127352
threshold,0.0,0.8,32,2,3000,0,0.6931471805599453,1.445998123412073,0.6939621418360911,1.9006281885314347
threshold,0.0,0.8,32,2,3000,1,0.6931471805599453,1.3898452172170381,0.7527348720019891,1.8735213319464075
threshold,0.0,0.8,32,2,3000,2,0.6931471805599453,1.4145708440967553,0.7412039283167172,1.8768552674584127
threshold,0.0,0.8,32,2,3000,3,0.6931471805599453,1.5162751300450859,0.749484690333776,2.011417588757066
threshold,0.0,0.8,32,4,300,0,1.3862943611198906,2.4379918247139356,1.4542929754653262,3.012634435346935
threshold,0.0,0.8,32,4,300,1,1.3862943611198906,2.6396221053319167,1.5839857764057332,2.914710691268655
threshold,0.0,0.8,32,4,300,2,1.3862943611198906,2.601556870244834,1.144708503496796,2.9675808737991995
threshold,0.0,0.8,32,4,300,3,1.3862943611198906,2.5688360952838267,1.7724683729700808,2.9250856474618687
threshold,0.0,0.8,32,4,1000,0,1.3862943611198906,2.422147361622705,1.631532102790776,2.804194744031172
threshold,0.0,0.8,32,4,1000,1,1.3862943611198906,2.2648507584904536,1.4888396297408473,2.568987237944781
threshold,0.0,0.8,32,4,1000,2,1.3862943611198906,2.1497463625007702,1.408488494668556,2.6515407253646885
threshold,0.0,0.8,32,4,1000,3,1.3862943611198906,2.2178677538374867,1.3761174498691826,2.6799043442051786
threshold,0.0,0.8,32,4,3000,0,1.3862943611198906,2.060336024147833,1.463807401842398,2.282839348313427
threshold,0.0,0.8,32,4,3000,1,1.3862943611198906,1.955925633225059,1.4030474202698624,2.210664939606324
threshold,0.0,0.8,32,4,3000,2,1.3862943611198906,2.0601397755416118,1.430819234658697,2.2518678379365267
threshold,0.0,0.8,32,4,3000,3,1.3862943611198906,1.914273471694379,1.417682378592515,2.178072575541871
threshold,0.0,0.8,32,8,300,0,2.0794415416798357,2.602076927689358,1.9237800975465627,3.0472762315159954
threshold,0.0,0.8,32,8,300,1,2.0794415416798357,2.9980189052432045,2.1851156124724467,3.0833144695556114
threshold,0.0,0.8,32,8,300,2,2.0794415416798357,2.9411762441418707,2.032278001568817,3.235507204303874
threshold,0.0,0.8,32,8,300,3,2.0794415416798357,2.6889123821720036,1.7276471013047658,3.1827907704357616
threshold,0.0,0.8,32,8,1000,0,2.0794415416798357,2.606930947526203,2.2157515115625936,2.9365517290529275
threshold,0.0,0.8,32,8,1000,1,2.0794415416798357,2.7593796734486262,2.1337991934867255,2.99936790673033
threshold,0.0,0.8,32,8,1000,2,2.0794415416798357,2.495575526959433,2.0645738875607593,2.7299652926535263
threshold,0.0,0.8,32,8,1000,3,2.0794415416798357,2.570509661588619,2.085313406933512,2.765209817813358
threshold,0.0,0.8,32,8,3000,0,2.0794415416798357,2.5125352883040692,2.1284062767440326,2.7004221826936656
threshold,0.0,0.8,32,8,3000,1,2.0794415416798357,2.4018855512059805,2.112324570452245,2.5806882992116615
threshold,0.0,0.8,32,8,3000,2,2.0794415416798357,2.515699648926949,2.1013032568569914,2.6149907761395257
threshold,0.0,0.8,32,8,3000,3,2.0794415416798357,2.384085564876826,2.068240281181593,2.5554890890749014
threshold,0.0,0.8,32,16,300,0,2.772588722239781,2.9428653986465783,1.9827466718331992,3.194163504937477
threshold,0.0,0.8,32,16,300,1,2.772588722239781,3.036881716054871,2.4253263645324847,3.264218807655255
threshold,0.0,0.8,32,16,300,2,2.772588722239781,2.948008355788876,2.2408649124841515,3.1934923114002727
threshold,0.0,0.8,32,16,300,3,2.772588722239781,2.9756737415066286,1.6416169510220349,3.1105580499358405
threshold,0.0,0.8,32,16,1000,0,2.772588722239781,2.914944620562867,2.5141278339087156,3.104840694535593
threshold,0.0,0.8,32,16,1000,1,2.772588722239781,2.8508354077537237,2.451732761805693,3.0363944186672436
threshold,0.0,0.8,32,16,1000,2,2.772588722239781,2.9615122673106744,2.501510683625016,3.1634452658255547
threshold,0.0,0.8,32,16,1000,3,2.772588722239781,2.9905441519835634,2.6114298044010402,3.1310147523507506
threshold,0.0,0.8,32,16,3000,0,2.772588722239781,2.9160508389488484,2.764269348464074,3.0183931466143594
threshold,0.0,0.8,32,16,3000,1,2.772588722239781,2.989498092363922,2.790383254197316,3.054716924351118
threshold,0.0,0.8,32,16,3000,2,2.772588722239781,2.9715865758224056,2.729399133885278,3.0553141667947377
threshold,0.0,0.8,32,16,3000,3,2.772588722239781,2.885093350479984,2.758242054144314,3.018808886804889
threshold,0.0,0.8,32,32,300,0,3.4657359027997265,3.05083188666551,1.8689087017858133,3.2507830853312254
threshold,0.0,0.8,32,32,300,1,3.4657359027997265,2.9596009112454915,1.580399491427809,3.330865599121852
threshold,0.0,0.8,32,32,300,2,3.4657359027997265,2.9045200358374723,2.125516339722064,3.264680167626066
threshold,0.0,0.8,32,32,300,3,3.4657359027997265,3.0779778441016212,2.2645811470520525,3.305563463082192
threshold,0.0,0.8,32,32,1000,0,3.4657359027997265,3.192169723564606,2.5710340468341957,3.273577515510793
threshold,0.0,0.8,32,32,1000,1,3.4657359027997265,3.3208687717015515,2.923087642828101,3.3529767104610007
threshold,0.0,0.8,32,32,1000,2,3.4657359027997265,3.2634679054221434,2.803724316696,3.315830560893146
threshold,0.0,0.8,32,32,1000,3,3.4657359027997265,3.25418727283121,2.7779333791856717,3.309304453617344
threshold,0.0,0.8,32,32,3000,0,3.4657359027997265,3.38432791659593,3.242823668559715,3.404334307479636
threshold,0.0,0.8,32,32,3000,1,3.4657359027997265,3.408453753315295,3.3033119361872405,3.411731921937233
threshold,0.0,0.8,32,32,3000,2,3.4657359027997265,3.419651131739769,3.338104340102411,3.413849490112697
threshold,0.0,0.8,32,32,3000,3,3.4657359027997265,3.38017989979642,3.2641651430651732,3.3750791037559815
threshold,0.3,0.7,12,1,300,0,0.0,2.0735298659753694,1.5596502318491992,1.832131069251108
threshold,0.3,0.7,12,1,300,1,0.0,2.0922137518831403,0.7002220567797856,1.7287631836960988
threshold,0.3,0.7,12,1,300,2,0.0,0.9085246991919629,0.0,1.736239793402322
threshold,0.3,0.7,12,1,300,3,0.0,1.756803998117077,0.748385270910176,2.0401079816798817
threshold,0.3,0.7,12,1,1000,0,0.0,2.172279708931526,1.659830055942794,1.4882186252203762
threshold,0.3,0.7,12,1,1000,1,0.0,2.1289952358265505,1.6209893133764834,1.4782308331302065
threshold,0.3,0.7,12,1,1000,2,0.0,2.0035833110089345,1.3184982764109798,1.266015884934804
threshold,0.3,0.7,12,1,1000,3,0.0,2.2222008299359564,1.810378397380717,1.3412016858338722
threshold,0.3,0.7,12,1,3000,0,0.0,2.204085120130977,1.9844487175579384,0.9962259322566921
threshold,0.3,0.7,12,1,3000,1,0.0,2.008942182464849,1.6479100038328232,0.8334394193617419
threshold,0.3,0.7,12,1,3000,2,0.0,2.1867993780480908,1.9719609655167114,1.054995883329515
threshold,0.3,0.7,12,1,3000,3,0.0,2.1693469102347667,1.889679539892843,1.0542469625591988
threshold,0.3,0.7,12,2,300,0,0.6931471805599453,2.2973363429915388,1.8235566788677313,2.09948008626122
threshold,0.3,0.7,12,2,300,1,0.6931471805599453,2.3234085959609643,1.8126608546609912,2.1866442584347134
threshold,0.3,0.7,12,2,300,2,0.6931471805599453,2.296464336695232,1.366439833910558,1.9358570413409169
threshold,0.3,0.7,12,2,300,3,0.6931471805599453,2.328564927087811,2.198011292079522,1.9002311168892445
threshold,0.3,0.7,12,2,1000,0,0.6931471805599453,2.40657607421495,2.2079056761514497,1.922298393543777
threshold,0.3,0.7,12,2,1000,1,0.6931471805599453,2.234055540688174,1.8317271019784398,1.726035326669702
threshold,0.3,0.7,12,2,1000,2,0.6931471805599453,2.256583740770266,1.846671631279082,1.7360016549758095
threshold,0.3,0.7,12,2,1000,3,0.6931471805599453,2.297404128409373,1.9990246482983625,1.6192825546076286
threshold,0.3,0.7,12,2,3000,0,0.6931471805599453,2.321671601661096,2.2285228516851503,1.4535571313598314
threshold,0.3,0.7,12,2,3000,1,0.6931471805599453,2.287781816306787,2.1652470632222274,1.3889108813206594
threshold,0.3,0.7,12,2,3000,2,0.6931471805599453,2.305301281006164,2.1939349418518357,1.4102360568896388
threshold,0.3,0.7,12,2,3000,3,0.6931471805599453,2.2999401302038134,2.177056341797927,1.3973269649531865
threshold,0.3,0.7,12,4,300,0,1.3862943611198906,2.3851984524602288,2.0928866348459425,2.2912628932465666
threshold,0.3,0.7,12,4,300,1,1.3862943611198906,2.4141947189709434,2.1347798907386193,2.179796516288761
threshold,0.3,0.7,12,4,300,2,1.3862943611198906,2.3977900405983763,2.0498877346654063,2.283761871899832
threshold,0.3,0.7,12,4,300,3,1.3862943611198906,2.3698049868003195,2.0887465742962497,2.1848643671340837
threshold,0.3,0.7,12,4,1000,0,1.3862943611198906,2.3710137460339014,2.2157089396379317,2.175997199846137
threshold,0.3,0.7,12,4,1000,1,1.3862943611198906,2.432546939620399,2.377628080753685,2.1518196013152338
threshold,0.3,0.7,12,4,1000,2,1.3862943611198906,2.38914769571692,2.2576023851012,2.037132543319561
threshold,0.3,0.7,12,4,1000,3,1.3862943611198906,2.4300134088276213,2.368757993650478,2.1193747517770714
threshold,0.3,0.7,12,4,3000,0,1.3862943611198906,2.401329615671592,2.35491865833966,1.84725050772268
threshold,0.3,0.7,12,4,3000,1,1.3862943611198906,2.423273432302351,2.39185748100399,1.9792947792729803
threshold,0.3,0.7,12,4,3000,2,1.3862943611198906,2.4306359438930505,2.403693729201911,1.9172187973201875
threshold,0.3,0.7,12,4,3000,3,1.3862943611198906,2.415028523788178,2.376008280642807,1.9331907888607003
threshold,0.3,0.7,12,8,300,0,2.0794415416798357,2.403227342884398,2.208058898336286,2.2379693445878077
threshold,0.3,0.7,12,8,300,1,2.0794415416798357,2.4148670791376436,2.2134982386202617,2.2929471741430643
threshold,0.3,0.7,12,8,300,2,2.0794415416798357,2.342532261512509,1.9361384884231594,2.1790770190421833
threshold,0.3,0.7,12,8,300,3,2.0794415416798357,2.389164089308422,2.1587986397253593,2.0600547653432706
threshold,0.3,0.7,12,8,1000,0,2.0794415416798357,2.433053945011217,2.3819114604829785,2.1569930819567986
threshold,0.3,0.7,12,8,1000,1,2.0794415416798357,2.439256569414494,2.39244745839553,2.322858877579231
threshold,0.3,0.7,12,8,1000,2,2.0794415416798357,2.4275071722964245,2.377744346367263,2.204018686436673
threshold,0.3,0.7,12,8,1000,3,2.0794415416798357,2.430852411063716,2.3650684478521065,2.160711186591455
threshold,0.3,0.7,12,8,3000,0,2.0794415416798357,2.454106492741966,2.4417402943882953,2.3162149510451924
threshold,0.3,0.7,12,8,3000,1,2.0794415416798357,2.4597576399266816,2.447735524072889,2.2672613426641868
threshold,0.3,0.7,12,8,3000,2,2.0794415416798357,2.45166416062219,2.436591877624424,2.1447467613912763
threshold,0.3,0.7,12,8,3000,3,2.0794415416798357,2.456489197506222,2.444563491766649,2.143480836924762
threshold,0.3,0.7,32,1,300,0,0.0,3.2130041828867295,2.4337800993985783,2.963320561879527
threshold,0.3,0.7,32,1,300,1,0.0,3.1158201036069886,1.8099560498287148,3.0194195248972746
threshold,0.3,0.7,32,1,300,2,0.0,2.342277865696127,0.31634914930512387,3.024950604592282
threshold,0.3,0.7,32,1,300,3,0.0,3.033432010210879,1.82933440371827,3.214266308517152
threshold,0.3,0.7,32,1,1000,0,0.0,3.2960932746244005,2.93933825412855,2.7666792702436864
threshold,0.3,0.7,32,1,1000,1,0.0,3.237750122743428,2.792537166488281,2.783193632387727
threshold,0.3,0.7,32,1,1000,2,0.0,3.097164229609722,2.2006483123053084,2.560131370033515
threshold,0.3,0.7,32,1,1000,3,0.0,3.3104332163430636,2.9826723549057257,2.5217644007200706
threshold,0.3,0.7,32,1,3000,0,0.0,3.317299779142274,3.16806565468026,2.0247569585711607
threshold,0.3,0.7,32,1,3000,1,0.0,3.189379420129746,2.89002619848727,1.830153536641582
threshold,0.3,0.7,32,1,3000,2,0.0,3.267595495123545,3.0679609534726184,2.213073537004964
threshold,0.3,0.7,32,1,3000,3,0.0,3.313745916022221,3.1498380956602827,2.2202448124579246
threshold,0.3,0.7,32,2,300,0,0.6931471805599453,3.295776737333324,2.756103923092095,3.0960190598431425
threshold,0.3,0.7,32,2,300,1,0.6931471805599453,3.244626845008371,2.6487459397326094,3.1754816693335646
threshold,0.3,0.7,32,2,300,2,0.6931471805599453,3.2406438220650085,2.324740395254928,3.1569830625210766
threshold,0.3,0.7,32,2,300,3,0.6931471805599453,3.300104539624298,3.0447488159720413,3.02719185212528
threshold,0.3,0.7,32,2,1000,0,0.6931471805599453,3.395230370235115,3.1560793765728654,3.1736355353942254
threshold,0.3,0.7,32,2,1000,1,0.6931471805599453,3.3053809134114727,2.9458944306786186,2.834818762332168
threshold,0.3,0.7,32,2,1000,2,0.6931471805599453,3.3241179502634672,2.9751024207612637,2.8037139649589222
threshold,0.3,0.7,32,2,1000,3,0.6931471805599453,3.3397538741978297,3.090268983847832,2.7933446547331977
threshold,0.3,0.7,32,2,3000,0,0.6931471805599453,3.3602691277525363,3.2832440885793917,2.4000546536549576
threshold,0.3,0.7,32,2,3000,1,0.6931471805599453,3.350320997584429,3.2609500432568654,2.429596171690563
threshold,0.3,0.7,32,2,3000,2,0.6931471805599453,3.3593847014357063,3.2769973769291254,2.37384112253401
threshold,0.3,0.7,32,2,3000,3,0.6931471805599453,3.36061555579532,3.2729214719438264,2.439810510728682
threshold,0.3,0.7,32,4,300,0,1.3862943611198906,3.3752959418557507,3.0103288800374832,3.3228284700133233
threshold,0.3,0.7,32,4,300,1,1.3862943611198906,3.387973351328282,3.117530123520555,3.1613519469065094
threshold,0.3,0.7,32,4,300,2,1.3862943611198906,3.383235488601138,2.935342727700951,3.301186328885284
threshold,0.3,0.7,32,4,300,3,1.3862943611198906,3.3836734932215964,3.1718258483515513,3.162444026159081
threshold,0.3,0.7,32,4,1000,0,1.3862943611198906,3.3762841119192872,3.2134073760646835,3.1308857159728105
threshold,0.3,0.7,32,4,1000,1,1.3862943611198906,3.4166699611287434,3.351713509314242,3.2124819257778086
threshold,0.3,0.7,32,4,1000,2,1.3862943611198906,3.3846703294761684,3.2415897561966407,3.1066315408224323
threshold,0.3,0.7,32,4,1000,3,1.3862943611198906,3.4123330008740984,3.3395001810825806,3.087957324458333
threshold,0.3,0.7,32,4,3000,0,1.3862943611198906,3.412729695251392,3.3779604771949217,2.7317043965342362
threshold,0.3,0.7,32,4,3000,1,1.3862943611198906,3.404498509142632,3.3649241669180228,2.780974641965376
threshold,0.3,0.7,32,4,3000,2,1.3862943611198906,3.4082835776127793,3.372364782829161,2.812108990369121
threshold,0.3,0.7,32,4,3000,3,1.3862943611198906,3.408309958585441,3.3696511833815777,2.953973996236064
threshold,0.3,0.7,32,8,300,0,2.0794415416798357,3.395368484869274,3.168326232803718,3.218340610953726
threshold,0.3,0.7,32,8,300,1,2.0794415416798357,3.334421852592076,3.1217069236064026,3.272236119434897
threshold,0.3,0.7,32,8,300,2,2.0794415416798357,3.306303527219884,2.7297820840609854,3.2740357737056027
threshold,0.3,0.7,32,8,300,3,2.0794415416798357,3.349550276387195,3.0073333883452755,3.2145020306914835
threshold,0.3,0.7,32,8,1000,0,2.0794415416798357,3.415400748389593,3.355276055213036,3.2151362370579473
threshold,0.3,0.7,32,8,1000,1,2.0794415416798357,3.4201570713353537,3.3633601820988437,3.199798338752393
threshold,0.3,0.7,32,8,1000,2,2.0794415416798357,3.4063879083404713,3.338714658010756,3.12114336361101
threshold,0.3,0.7,32,8,1000,3,2.0794415416798357,3.4143624481652703,3.3375716461459106,3.143101845244845
threshold,0.3,0.7,32,8,3000,0,2.0794415416798357,3.4342151589912167,3.4192709400122636,3.0102082466801847
threshold,0.3,0.7,32,8,3000,1,2.0794415416798357,3.4368705196284277,3.4203040685095147,3.0227532466759905
threshold,0.3,0.7,32,8,3000,2,2.0794415416798357,3.434093449039241,3.416973883112505,2.951282648798532
threshold,0.3,0.7,32,8,3000,3,2.0794415416798357,3.4345907160867184,3.4190306432698607,2.9091226846446427
threshold,0.3,0.7,32,16,300,0,2.772588722239781,3.3264394243010367,2.682221234816832,3.2106927988625733
threshold,0.3,0.7,32,16,300,1,2.772588722239781,3.33427365049695,2.7959437139124024,3.293909175729003
threshold,0.3,0.7,32,16,300,2,2.772588722239781,3.3977252082848204,3.1794881396715247,3.173430718845883
threshold,0.3,0.7,32,16,300,3,2.772588722239781,3.305036557742389,2.886455845907797,3.1957714794553302
threshold,0.3,0.7,32,16,1000,0,2.772588722239781,3.4350776519121884,3.4039148483432373,3.162044421801491
threshold,0.3,0.7,32,16,1000,1,2.772588722239781,3.423281179869948,3.367135730320611,3.252823642228075
threshold,0.3,0.7,32,16,1000,2,2.772588722239781,3.436325388278642,3.4031230587765897,3.1526610495154657
threshold,0.3,0.7,32,16,1000,3,2.772588722239781,3.4360613323938716,3.405408687490939,3.1946845187214197
threshold,0.3,0.7,32,16,3000,0,2.772588722239781,3.452128388467797,3.4462410282351117,3.167100055960865
threshold,0.3,0.7,32,16,3000,1,2.772588722239781,3.4575751640310295,3.4541197300373883,3.2341372714059293
threshold,0.3,0.7,32,16,3000,2,2.772588722239781,3.4474654888926497,3.4364919892229544,3.13219293138708
threshold,0.3,0.7,32,16,3000,3,2.772588722239781,3.455465119274087,3.450760655702053,3.1009119059015107
threshold,0.3,0.7,32,32,300,0,3.4657359027997265,3.383917750684916,2.9965493315811553,3.346177314259229
threshold,0.3,0.7,32,32,300,1,3.4657359027997265,3.3499658281218863,2.8536522117078773,3.252689730374818
threshold,0.3,0.7,32,32,300,2,3.4657359027997265,3.3705279811891167,3.0895050351150326,3.2173768787931887
threshold,0.3,0.7,32,32,300,3,3.4657359027997265,3.4139240952497456,3.319287833360813,3.2192961114451473
threshold,0.3,0.7,32,32,1000,0,3.4657359027997265,3.443139361504667,3.419438615657829,3.18361852433294
threshold,0.3,0.7,32,32,1000,1,3.4657359027997265,3.433634888955294,3.400014031693724,3.272745278833055
threshold,0.3,0.7,32,32,1000,2,3.4657359027997265,3.4415499623195527,3.414457958205688,3.223934762060955
threshold,0.3,0.7,32,32,1000,3,3.4657359027997265,3.433391469281149,3.389894319544146,3.0932239642119566
threshold,0.3,0.7,32,32,3000,0,3.4657359027997265,3.4572461161645127,3.453559718273331,3.2371311940537573
threshold,0.3,0.7,32,32,3000,1,3.4657359027997265,3.4590489244930147,3.4559890660441948,3.2133777467826454
threshold,0.3,0.7,32,32,3000,2,3.4657359027997265,3.456082679675527,3.451270132376428,3.2000610024167435
threshold,0.3,0.7,32,32,3000,3,3.4657359027997265,3.459316229618576,3.4566216503800757,3.1732680423133046
threshold,0.3,0.8,12,1,300,0,0.0,2.3618723039907934,2.1452994628362907,1.7027931527575944
threshold,0.3,0.8,12,1,300,1,0.0,2.0407890643669298,0.9582798613989092,1.2726975837473116
threshold,0.3,0.8,12,1,300,2,0.0,1.5888104289880318,0.29835269258096164,1.6177715200361233
threshold,0.3,0.8,12,1,300,3,0.0,2.1378090585349585,1.5152671488434062,1.484604529665138
threshold,0.3,0.8,12,1,1000,0,0.0,2.168076983512602,1.9157794486238295,1.0169505981627398
threshold,0.3,0.8,12,1,1000,1,0.0,2.2630827490824985,2.087793028585671,1.0471132846730626
threshold,0.3,0.8,12,1,1000,2,0.0,2.0649160057818468,1.6298262264925063,1.0408290854589752
threshold,0.3,0.8,12,1,1000,3,0.0,2.1590708961741893,1.9005845542960969,1.1118445551823484
threshold,0.3,0.8,12,1,3000,0,0.0,2.179485784686673,2.053068495397604,0.5889426078537502
threshold,0.3,0.8,12,1,3000,1,0.0,2.189955609511016,2.061991031133792,0.7189882305915588
threshold,0.3,0.8,12,1,3000,2,0.0,2.202221544963682,2.09263297579061,0.6968508220779945
threshold,0.3,0.8,12,1,3000,3,0.0,2.1930594203059175,2.0770783839371263,0.7733521009260325
threshold,0.3,0.8,12,2,300,0,0.6931471805599453,2.210591444609998,1.8251324057111604,1.9224061119211908
threshold,0.3,0.8,12,2,300,1,0.6931471805599453,2.130405835963885,1.5139735648621409,1.9954288079407168
threshold,0.3,0.8,12,2,300,2,0.6931471805599453,2.1403113840406283,1.5222284360385292,1.892288501549861
threshold,0.3,0.8,12,2,300,3,0.6931471805599453,2.2322018116301687,1.6643742804038841,1.7292370556999483
threshold,0.3,0.8,12,2,1000,0,0.6931471805599453,2.341369643451537,2.223709093721639,1.463614391632806
threshold,0.3,0.8,12,2,1000,1,0.6931471805599453,2.2431514868169473,2.037691368867942,1.5373435722846451
threshold,0.3,0.8,12,2,1000,2,0.6931471805599453,2.345946462822664,2.243872193183737,1.5489561118167936
threshold,0.3,0.8,12,2,1000,3,0.6931471805599453,2.300201379113671,2.1532537366093116,1.4365122254691554
threshold,0.3,0.8,12,2,3000,0,0.6931471805599453,2.3458085385983614,2.2976555215070436,1.3260128829282367
threshold,0.3,0.8,12,2,3000,1,0.6931471805599453,2.3283581386235697,2.272225445220102,1.2760802160499478
threshold,0.3,0.8,12,2,3000,2,0.6931471805599453,2.31180332952451,2.245736850333207,1.2031561137299494
threshold,0.3,0.8,12,2,3000,3,0.6931471805599453,2.3430465498722026,2.291992197901733,1.2104535670053087
threshold,0.3,0.8,12,4,300,0,1.3862943611198906,2.3864021480082482,2.1701177220780044,2.0813072156676378
threshold,0.3,0.8,12,4,300,1,1.3862943611198906,2.3710101102778074,2.053300902603348,2.2104249003811165
threshold,0.3,0.8,12,4,300,2,1.3862943611198906,2.4287299125224893,2.3615881530423115,2.155727871581905
threshold,0.3,0.8,12,4,300,3,1.3862943611198906,2.392248632272927,2.184367346606721,2.2494854863935148
threshold,0.3,0.8,12,4,1000,0,1.3862943611198906,2.380937850450858,2.3127805148852434,2.023177184420892
threshold,0.3,0.8,12,4,1000,1,1.3862943611198906,2.417243406535579,2.37396354843212,1.9688428337822126
threshold,0.3,0.8,12,4,1000,2,1.3862943611198906,2.4225966472068134,2.384416433853113,2.049365146070753
threshold,0.3,0.8,12,4,1000,3,1.3862943611198906,2.4047905315373397,2.349660364889825,1.7919049765738717
threshold,0.3,0.8,12,4,3000,0,1.3862943611198906,2.4039585278604347,2.376561193864936,1.7211375746107471
threshold,0.3,0.8,12,4,3000,1,1.3862943611198906,2.4156599265288397,2.3938039699843645,1.774828780121667
threshold,0.3,0.8,12,4,3000,2,1.3862943611198906,2.4273622208057652,2.4085388384985618,1.7524532639098194
threshold,0.3,0.8,12,4,3000,3,1.3862943611198906,2.4111245184330516,2.386199512609667,1.775048026883303
threshold,0.3,0.8,12,8,300,0,2.0794415416798357,2.423020507014896,2.3012665452017247,2.231952521165158
threshold,0.3,0.8,12,8,300,1,2.0794415416798357,2.4439108869090047,2.372747311405252,2.351269300161138
threshold,0.3,0.8,12,8,300,2,2.0794415416798357,2.4673675987157853,2.4446999061027266,2.2659427700214336
threshold,0.3,0.8,12,8,300,3,2.0794415416798357,2.4289884567045714,2.352235741565721,1.930678740207894
threshold,0.3,0.8,12,8,1000,0,2.0794415416798357,2.4592478672743963,2.445373295331096,2.2731638054716274
threshold,0.3,0.8,12,8,1000,1,2.0794415416798357,2.4626879830543835,2.4494941339160983,2.3224667889795185
threshold,0.3,0.8,12,8,1000,2,2.0794415416798357,2.456938148164331,2.4411660061166685,2.1507955943228807
threshold,0.3,0.8,12,8,1000,3,2.0794415416798357,2.4561987150902183,2.437948723026076,2.251740178572079
threshold,0.3,0.8,12,8,3000,0,2.0794415416798357,2.4656917143566797,2.460335271646913,2.2044393521783543
threshold,0.3,0.8,12,8,3000,1,2.0794415416798357,2.473938332586695,2.4708933831528657,2.193263506233888
threshold,0.3,0.8,12,8,3000,2,2.0794415416798357,2.4681600476009438,2.463377289180451,2.2503740758221302
threshold,0.3,0.8,12,8,3000,3,2.0794415416798357,2.469152615630827,2.464759863327786,2.220436709656176
threshold,0.3,0.8,32,1,300,0,0.0,3.3750384772761306,3.1604519790415084,2.94406341850619
threshold,0.3,0.8,32,1,300,1,0.0,3.013857673555988,1.7776195285517955,2.6993237330845283
threshold,0.3,0.8,32,1,300,2,0.0,2.957611958099673,1.5326441589395463,2.8413309522148915
threshold,0.3,0.8,32,1,300,3,0.0,3.252865671118582,2.773264592822233,2.656627791417352
threshold,0.3,0.8,32,1,1000,0,0.0,3.265573528016957,3.046472773838786,2.141340356426786
threshold,0.3,0.8,32,1,1000,1,0.0,3.34303854415529,3.2202021743695237,2.2152181294308835
threshold,0.3,0.8,32,1,1000,2,0.0,3.2522714393681316,2.9604039038798433,2.160530502079434
threshold,0.3,0.8,32,1,1000,3,0.0,3.2800034167608247,3.0830713537570285,2.1721390977689836
threshold,0.3,0.8,32,1,3000,0,0.0,3.2862920824917445,3.1897340133455208,1.5984066288848642
threshold,0.3,0.8,32,1,3000,1,0.0,3.2960062843501925,3.2011998735631844,1.7419934173350913
threshold,0.3,0.8,32,1,3000,2,0.0,3.3125193381540528,3.238092989388635,1.6391001126758322
threshold,0.3,0.8,32,1,3000,3,0.0,3.2913533728069964,3.2011865659552172,1.7679324428279835
threshold,0.3,0.8,32,2,300,0,0.6931471805599453,3.2759420620428767,2.9231561313620507,3.1307999769329076
threshold,0.3,0.8,32,2,300,1,0.6931471805599453,3.249893631205078,2.6028460313743658,2.9614559167662526
threshold,0.3,0.8,32,2,300,2,0.6931471805599453,3.1037433492976194,2.4090961592463187,3.0178249662749934
threshold,0.3,0.8,32,2,300,3,0.6931471805599453,3.3229397720718117,2.8360608711620823,2.931724313869243
threshold,0.3,0.8,32,2,1000,0,0.6931471805599453,3.372526379984575,3.275370708372541,2.4283345015254723
threshold,0.3,0.8,32,2,1000,1,0.6931471805599453,3.310312559977465,3.1292164554522524,2.4773221935710072
threshold,0.3,0.8,32,2,1000,2,0.6931471805599453,3.3601628706980566,3.2593975309084264,2.650421914321445
threshold,0.3,0.8,32,2,1000,3,0.6931471805599453,3.342422799375976,3.2098985733439123,2.317929883286116
threshold,0.3,0.8,32,2,3000,0,0.6931471805599453,3.379659211068885,3.3428708922884645,2.058939264119592
threshold,0.3,0.8,32,2,3000,1,0.6931471805599453,3.3811424682028077,3.3452890848965495,2.220305499244902
threshold,0.3,0.8,32,2,3000,2,0.6931471805599453,3.354552009082076,3.3008828542554207,2.0872822393393613
threshold,0.3,0.8,32,2,3000,3,0.6931471805599453,3.379274996001381,3.3414786901164906,2.127384007896818
threshold,0.3,0.8,32,4,300,0,1.3862943611198906,3.34282566163241,3.092504668583804,3.0854324658613206
threshold,0.3,0.8,32,4,300,1,1.3862943611198906,3.3719258708101845,3.0773702546644306,3.2426610186679916
threshold,0.3,0.8,32,4,300,2,1.3862943611198906,3.4044441095156808,3.3141782395663935,3.172594257127217
threshold,0.3,0.8,32,4,300,3,1.3862943611198906,3.401151666881529,3.2330537918107867,3.153406705024538
threshold,0.3,0.8,32,4,1000,0,1.3862943611198906,3.395531567642273,3.338647618916599,2.7860469437178907
threshold,0.3,0.8,32,4,1000,1,1.3862943611198906,3.413878385140557,3.3745701197438795,2.9401359980805792
threshold,0.3,0.8,32,4,1000,2,1.3862943611198906,3.4108013858958572,3.3703472996058492,2.9929867261031866
threshold,0.3,0.8,32,4,1000,3,1.3862943611198906,3.411346419324689,3.3659309965968385,2.8026522590614826
threshold,0.3,0.8,32,4,3000,0,1.3862943611198906,3.405985672383522,3.381314601332665,2.4090524560747433
threshold,0.3,0.8,32,4,3000,1,1.3862943611198906,3.419860472248598,3.402744519840349,2.4498154076578453
threshold,0.3,0.8,32,4,3000,2,1.3862943611198906,3.4269814815715045,3.412116540268961,2.4020756180271015
threshold,0.3,0.8,32,4,3000,3,1.3862943611198906,3.408227757888711,3.384414998030938,2.4814294645277495
threshold,0.3,0.8,32,8,300,0,2.0794415416798357,3.4042127786300944,3.259698237462167,3.2496483323315513
threshold,0.3,0.8,32,8,300,1,2.0794415416798357,3.397602828873623,3.2520018147729335,3.285144615093152
threshold,0.3,0.8,32,8,300,2,2.0794415416798357,3.412448676683106,3.323658037331484,3.204809941828335
threshold,0.3,0.8,32,8,300,3,2.0794415416798357,3.378163638226707,3.2119945570055535,3.0983969220902803
threshold,0.3,0.8,32,8,1000,0,2.0794415416798357,3.437954830998894,3.42014837667088,3.1018992238341356
threshold,0.3,0.8,32,8,1000,1,2.0794415416798357,3.4377522431112895,3.418264162836251,3.109112838182892
threshold,0.3,0.8,32,8,1000,2,2.0794415416798357,3.4377959547606958,3.4190063804495137,2.943784340681645
threshold,0.3,0.8,32,8,1000,3,2.0794415416798357,3.418316679303203,3.380221646625851,3.0413599369483353
threshold,0.3,0.8,32,8,3000,0,2.0794415416798357,3.444949813950517,3.438339098508135,2.9688530671989546
threshold,0.3,0.8,32,8,3000,1,2.0794415416798357,3.446360663253014,3.4400821619059085,2.923617438123735
threshold,0.3,0.8,32,8,3000,2,2.0794415416798357,3.444578091818562,3.4375464022978233,2.887391458659399
threshold,0.3,0.8,32,8,3000,3,2.0794415416798357,3.4439153389072716,3.436801509978677,2.8809584634866217
threshold,0.3,0.8,32,16,300,0,2.772588722239781,3.4062392345737846,3.265317877560698,3.294081010399581
threshold,0.3,0.8,32,16,300,1,2.772588722239781,3.425454425790877,3.36844336500361,3.194703523141831
threshold,0.3,0.8,32,16,300,2,2.772588722239781,3.429326180617706,3.37255530971872,3.3182974226753226
threshold,0.3,0.8,32,16,300,3,2.772588722239781,3.4406435924116616,3.4011309183284553,3.357071930652454
threshold,0.3,0.8,32,16,1000,0,2.772588722239781,3.452558641789228,3.4451857918128517,3.2103039497092096
threshold,0.3,0.8,32,16,1000,1,2.772588722239781,3.4411701332271742,3.4225178472182973,3.16688870646311
threshold,0.3,0.8,32,16,1000,2,2.772588722239781,3.4449302473530232,3.433434458282565,3.0502931244603655
threshold,0.3,0.8,32,16,1000,3,2.772588722239781,3.453802814237607,3.447293322109029,3.213981155929487
threshold,0.3,0.8,32,16,3000,0,2.772588722239781,3.4559272009695814,3.453006498992767,3.059315784548968
threshold,0.3,0.8,32,16,3000,1,2.772588722239781,3.451820829338416,3.4475229115450374,3.1398140360336697
threshold,0.3,0.8,32,16,3000,2,2.772588722239781,3.4572732548138743,3.45459559835249,3.1786969615537997
threshold,0.3,0.8,32,16,3000,3,2.772588722239781,3.4563058798666066,3.453420598477558,3.1190527561318864
threshold,0.3,0.8,32,32,300,0,3.4657359027997265,3.4413460825741,3.4073137133090365,3.192718551578132
threshold,0.3,0.8,32,32,300,1,3.4657359027997265,3.4110884868054487,3.322914110986512,3.3010411587002912
threshold,0.3,0.8,32,32,300,2,3.4657359027997265,3.4439927102356145,3.4132738166951735,3.315876417612468
threshold,0.3,0.8,32,32,300,3,3.4657359027997265,3.428911509068381,3.3707714488354714,3.1988912798813423
threshold,0.3,0.8,32,32,1000,0,3.4657359027997265,3.4482267776509508,3.4362006788578188,3.1974249347679784
threshold,0.3,0.8,32,32,1000,1,3.4657359027997265,3.455303707550338,3.4490702787272776,3.1543664799600646
threshold,0.3,0.8,32,32,1000,2,3.4657359027997265,3.4554317444904226,3.4490367911773254,3.2365763256645086
threshold,0.3,0.8,32,32,1000,3,3.4657359027997265,3.455185406755591,3.4493134028855974,3.196704251240315
threshold,0.3,0.8,32,32,3000,0,3.4657359027997265,3.4626527598715096,3.4617877371098604,3.173711789251677
threshold,0.3,0.8,32,32,3000,1,3.4657359027997265,3.4627765392958794,3.461948292127167,3.262163127918811
threshold,0.3,0.8,32,32,3000,2,3.4657359027997265,3.462321745281984,3.4614631561989384,3.2825360174354166
threshold,0.3,0.8,32,32,3000,3,3.4657359027997265,3.463674302103687,3.463094697658332,3.3339026974392305
