openml_id,host
3,686
13,686
15,686
24,214
25,686
27,214
29,214
31,214
37,686
38,214
40,686
44,214
49,214
50,686
51,686
53,214
56,686
59,686
333,214
334,686
335,686
336,686
337,214
446,214
451,686
466,686
470,214
481,686
715,214
720,686
721,686
723,214
725,214
728,686
730,214
732,686
733,686
735,214
737,686
740,686
743,214
744,214
746,214
749,686
751,214
752,214
757,686
761,686
763,214
766,686
769,214
770,214
773,214
776,214
778,686
779,686
786,686
792,214
793,686
794,686
796,214
797,214
798,686
799,686
805,686
806,686
807,214
810,214
813,686
816,686
818,686
824,214
825,214
826,686
830,214
831,214
832,214
833,214
837,214
838,686
840,214
844,214
845,686
849,214
853,214
855,686
858,214
863,686
866,686
869,214
870,686
873,214
877,686
879,214
880,214
884,214
888,214
896,686
897,686
903,686
904,686
908,686
910,686
911,686
912,214
913,214
915,214
917,214
918,214
920,214
926,686
930,214
933,686
934,214
935,214
936,686
937,686
939,214
943,214
957,686
958,686
961,214
962,686
966,686
967,686
975,686
979,214
983,686
986,686
987,686
989,686
990,214
991,214
993,686
994,214
995,214
996,686
999,214
1000,686
1002,214
1003,214
1005,686
1010,214
1011,214
1016,686
1018,686
1021,686
1023,214
1024,686
1025,686
1037,214
1048,686
1049,214
1050,686
1063,686
1065,214
1067,214
1068,686
1071,686
1073,214
1121,686
1167,214
1412,686
1442,686
1443,214
1444,686
1446,686
1447,686
1449,214
1451,686
1453,214
1467,214
1480,214
1489,214
1494,686
1495,686
1496,214
1498,686
1504,214
1506,214
1507,686
1510,214
1511,214
1524,214
1547,214
1558,214
1600,686
4329,686
6332,686
23381,214
23499,686
40648,214
40680,214
40690,214
40693,214
40701,214
40702,214
40705,686
40710,214
40945,686
40981,214
40983,686
40999,686
41005,214
41007,214
41146,686
41156,214
41430,686
41538,686
41945,214
41946,686
42172,686
42192,686
42638,686
43255,214
43595,686
43892,686
43893,214
43895,214
43946,214
43947,686
43949,686
43958,686
43973,686
43976,214
43980,214
44095,686
44097,686
44098,214
44149,686
44155,214
44186,214
44227,214
44232,686
44345,686
44347,214
44349,686
44350,214
44351,686
44352,214
44362,686
44363,686
44364,214
44365,686
44366,214
44367,686
44368,214
44369,686
44370,214
44371,686
44377,214
44378,686
44379,214
44380,686
44381,214
44382,214
44383,686
44384,214
44385,686
44386,214
44387,686
44388,214
44389,686
44390,214
44391,686
44392,214
44393,686
44394,214
44395,686
44396,214
44397,686
44398,214
44399,686
44400,214
44401,686
44402,214
44403,686
44404,214
44405,686
44406,214
44407,686
44408,214
44409,686
44410,214
44411,686
44412,686
44413,214
44414,686
44415,214
44416,686
44417,686
44418,214
44419,686
44420,214
44421,686
44423,686
44424,214
44425,686
44426,214
44427,686
44428,214
44429,686
44430,214
44431,686
44432,214
44438,214
44439,214
44440,686
44441,214
44442,686
44443,686
44444,214
44445,686
44446,686
44447,214
44448,214
44449,686
44450,214
44451,686
44452,214
44453,214
44454,686
44455,214
44456,686
44457,214
44458,214
44459,686
44460,214
44461,686
44462,214
44463,686
44464,214
44465,686
44466,214
44467,686
44483,686
44484,214
44485,686
44486,214
44487,686
44488,214
44489,686
44490,214
44491,686
44492,214
44493,214
44494,686
44495,214
44497,686
44498,686
44499,214
44500,686
44501,214
44502,686
44538,214
44539,214
44540,686
44541,214
44542,686
44568,686
44569,214
44570,686
44571,214
44572,686
44598,214
44599,686
44600,214
44601,686
44602,214
44608,686
44609,214
44610,686
44611,214
44612,686
44628,686
44629,214
44630,686
44631,214
44632,686
44643,214
44644,686
44645,214
44646,686
44647,214
44658,214
44659,686
44660,686
44661,214
44662,686
44673,686
44674,214
44675,686
44676,214
44677,686
44678,214
44679,686
44680,214
44681,686
44682,214
44708,214
44709,686
44710,214
44711,686
44712,214
44723,214
44724,214
44725,686
44726,214
44727,686
44758,214
44759,214
44760,686
44761,686
44762,214
44773,686
44774,214
44775,686
44776,214
44777,686
45023,686
45039,214
45059,686
45063,214
45077,686
45545,214
45553,214
45562,214
45604,214
45686,686
45711,214
45712,686
45717,214
46116,214
46279,214
46280,214
46281,214
46298,686
46358,686
46359,214
46365,686
46416,214
46421,686
46422,686
46431,686
46482,686
46483,214
46502,214
46517,686
46532,214
46535,686
46562,214
46590,214
46602,214
46667,686
46846,214
46860,686
46868,686
46876,686
46911,214
46915,686
46916,686
46925,686
46927,214
46930,686
46938,686
46940,686
46950,686
46951,214
46952,214
46956,686
46969,214
47044,214
47050,686
47052,214
47150,214
47151,214
47152,686
47153,214
