openml_id,neff_cluster,neff_cond,n_clusters,p_used,note
3,10.471387389425631,9.196895463917896,36,36,
13,3.98025354284492,7.7973339040048675,8,9,
15,4.602120829427275,7.250936158262412,5,9,
24,10.831277777224598,8.760146564313228,19,21,
25,9.31626004125226,10.987260967335452,19,19,
27,6.176893063279677,9.226109826005697,15,15,
29,5.558509431482998,6.628573449752039,13,15,
31,4.908859041073482,15.127717815104472,20,20,
37,4.787507958353867,4.736072632260581,8,8,
38,4.982272186953382,6.532331859302864,23,26,
40,18.244353408265333,46.48567000750585,39,60,
44,28.34119538909693,24.93784699974855,51,57,
49,8.905795572371892,9.688120986633193,13,13,
50,2.506422194003296,8.924649570981076,9,9,
51,5.580941246659697,6.757735201421255,10,10,
53,9.132463647145046,10.681415903150242,13,13,
56,8.527409108776919,8.13902517640799,12,15,
59,12.218899132494176,22.809079457552933,30,34,
333,1.0,1.4982466997294193,6,6,
334,1.0,5.154413154161046,6,6,
335,1.9677283558023893,2.665925151440101,6,6,
336,10.099307457293,16.98538959410293,19,22,
337,19.654624816484112,31.06998177618254,37,44,
446,1.0,3.94706511811547,2,6,
451,3.814000243192929,2.638903663773141,5,5,
466,2.9324379302383803,11.227876263781996,4,13,
470,1.427341379453778,4.356109971276971,7,7,
481,5.866421833956279,5.960078666614033,8,8,
715,1.9383873477011715,7.69410366851514,23,25,
720,1.0,4.574687382180118,2,8,
721,2.807339796627915,6.192366752419225,10,10,
723,1.674149779070215,8.965880770635938,22,25,
725,2.4456995179309886,2.823617984008861,8,8,
728,1.298601379057958,1.1179921897950016,7,7,
730,2.368112586858797,3.97720501933212,4,5,
732,4.650900839129562,23.03252699460237,50,50,
733,3.9794155098800488,4.837873794018618,4,6,
735,7.365066994724592,4.110896697057808,8,12,
737,1.772038274258969,3.2914171166652126,3,6,
740,1.775736356413378,4.093972589964589,8,10,
743,2.8366713758031925,3.8421648009722777,4,5,
744,2.2007100320112154,3.325959549388819,3,5,
746,3.719234671254609,18.59089812418759,24,25,
749,1.6407337183842978,4.6058260241541,3,5,
751,1.8306560518784551,5.391072912893387,7,10,
752,1.0505850616606132,4.518226587373976,32,32,
757,3.878135455290181,15.358250718234109,12,19,
761,9.056540652132918,5.205735952273714,10,21,
763,3.0427722872470118,5.038986124465131,10,10,
766,4.168562273602756,31.07473841610379,49,50,
769,3.9141511986613047,35.010194546872526,49,50,
770,2.0059019551237904,2.7599994173949227,6,6,
773,5.483142793176902,12.826676653478623,25,25,
776,3.825619852350158,4.457801407446887,5,5,
778,4.130923412402226,2.886982903442376,7,14,
779,1.7689970648526805,8.944774671409101,24,25,
786,8.979632272117696,9.686145310787976,13,13,
792,2.639086083718429,4.154775770567524,4,5,
793,2.40975737182832,4.301385146024047,8,10,
794,2.8811139705146824,10.695425195361375,24,25,
796,3.9844321100672015,4.779966742120909,5,7,
797,2.483259336794886,15.259850172709442,47,50,
798,3.910460684318801,10.283768099135347,13,13,
799,3.809884852500248,3.9975347196362216,5,5,
805,2.086609170786942,19.68623383076056,47,50,
806,2.8963406641237475,15.44035231213682,48,50,
807,3.9937332336353513,4.787026994484537,8,8,
810,7.142072344525372,9.48067245770488,16,16,
813,1.8879791554198055,3.610850392708274,3,5,
816,2.0172369117936992,2.2290907392846804,8,8,
818,1.0,3.3932745995428464,2,8,
824,1.8983559852615397,5.30524788642825,9,10,
825,9.500147490273664,10.861160834431905,14,19,
826,1.957970734275703,6.451098150777275,9,11,
830,2.47902423591576,6.098955303192205,9,10,
831,3.403183000711431,5.318650625455375,4,7,
832,2.7113287299082645,13.058752691709312,23,25,
833,4.729106620994999,7.807158321956485,32,32,
837,3.5568713537261827,22.592849114959787,49,50,
838,2.0603062316930627,9.276383395630708,22,25,
840,5.122973818769015,17.176298880153695,17,25,
844,4.576699924977074,7.216390602731632,8,9,
845,3.656882171015099,4.648657663900463,10,10,
849,3.8054179844065854,6.286670248530756,25,25,
853,5.6513815355201,8.091580825881776,8,13,
855,1.1139344308675363,5.068287142979077,7,10,
858,5.448184857392815,6.7577352014211165,10,10,
863,1.186607333116179,6.764007187368625,7,10,
866,4.331912424860181,16.965768270960268,49,50,
869,2.3853077005660386,5.064114147090357,9,10,
870,2.068967135038162,3.064929921022004,4,5,
873,2.4762155397367507,35.216235140530806,48,50,
877,8.019784611469644,33.32841969563105,49,50,
879,2.67263459183899,11.967135580050437,24,25,
880,2.3408393923906567,2.850354387194866,4,10,
884,3.108876058256237,3.933986714895497,5,5,
888,4.890036097122883,16.472146422384057,50,50,
896,2.0926258166913856,8.513231775718245,23,25,
897,2.8628908981097583,4.690453624240264,4,15,
903,3.404132474927262,9.010187272197236,24,25,
904,4.31681396589885,13.089888152857457,50,50,
908,1.0,5.973676622042268,7,7,
910,3.096919245458056,6.077521052147063,9,10,
911,2.427551644318772,4.286735953131857,4,5,
912,3.117214517886631,4.29106887334424,4,5,
913,3.0816509810831656,3.5705314968942,9,10,
915,2.1609941261708023,9.60356843287599,11,13,
917,3.3008056875643503,12.207591186684375,24,25,
918,3.1932279900481744,25.01025009747392,47,50,
920,3.030826777179094,23.39016308186708,49,50,
926,3.725451357883688,9.024877026195483,25,25,
930,9.332802227162338,15.276538689911378,14,22,
933,3.138271148876812,12.21846586366866,22,25,
934,2.650606827902576,2.947770454605428,5,5,
935,2.7488478811458177,6.549154296803021,9,10,
936,1.708247723744723,5.507281792800536,8,10,
937,1.794084206524978,19.56649491024198,48,50,
939,1.0765017821035108,1.697332728711405,6,8,
943,3.452842486247829,4.53110191000968,10,10,
957,2.881378035026976,7.48724149260145,7,8,
958,4.805814124292303,5.457868549538349,10,19,
961,1.3358542621072609,3.563350034422448,7,7,
962,1.906157079795641,3.7383647375360423,2,6,
966,4.235107944530837,12.40226998604678,7,16,
967,1.6972288992767688,2.8651348300471606,4,8,
975,4.977619026086262,16.402476549805037,16,25,
979,12.614032502150158,16.527085044026222,38,40,
983,3.59277036163384,4.893321722513963,8,8,
986,1.0,29.663645990454008,31,32,
987,11.689046912639125,10.178568205450976,21,22,
989,2.1243853333681963,6.304116658115538,10,11,
990,6.00605141057204,1.1448442295724872,16,19,
991,2.6247961925214534,4.3228127534875584,6,6,
993,10.521204042728302,21.044724066428543,26,51,
994,4.189296450104303,10.672439285412477,6,18,
995,17.930717831604174,24.937161510957196,22,47,
996,4.053889485004742,6.386406218744966,8,9,
999,3.5845993873188187,14.241058975915957,62,67,
1000,2.9426368553931006,4.129878831441071,23,26,
1002,13.658499159955197,19.673108265618044,30,49,
1003,3.3168312789108203,11.288986132619764,16,16,
1005,4.274698605898977,6.329300728083676,8,9,
1010,11.99465973632843,19.024042530270982,22,34,
1011,3.630755197111586,3.26809619819561,6,7,
1016,5.004722512147988,5.201078724854987,12,12,
1018,13.848302933967958,17.342258817582966,32,51,
1021,3.9252283086598174,8.683311696241045,6,10,
1023,11.26590804642142,21.01067124948832,30,35,
1024,2.7332634874042325,3.5553794238998147,6,8,
1025,3.307120455148056,3.4712974526637006,5,5,
1037,7.048855338385662,7.057355773923445,14,14,
1048,3.33210929037763,5.84045613795555,5,8,
1049,7.388302542512572,24.356496993144813,13,37,
1050,7.42970006426901,18.367333741129663,11,37,
1063,3.030894939258443,14.4947027168607,4,21,
1065,4.163845518462458,28.35283437629995,8,39,
1067,3.340404514046796,15.154577877988352,5,21,
1068,3.8251903549667774,13.713107461724494,6,21,
1071,4.160620111483388,25.132442070966302,11,37,
1073,3.0753712638951725,5.904161333289331,5,8,
1121,1.307030998508019,1.6710392942283443,6,10,
1167,2.197195529772189,6.658584344513875,7,8,
1412,4.307175201780175,14.651715662517272,16,23,
1442,3.9872615291781774,25.356404099764585,11,37,
1443,6.19215636276416,23.594367294232452,10,37,
1444,5.417532314844154,23.335048282389437,9,37,
1446,4.585019666426031,28.43401737625748,11,37,
1447,4.605762605088414,27.69299570517004,11,37,
1449,3.9872615291781774,25.356404099764585,11,37,
1451,6.006387163495677,23.194757894159977,10,37,
1453,5.632389490903287,20.74567912630384,9,37,
1467,2.767209816370214,13.079119032163314,19,20,
1480,5.008816976312975,7.248133003706336,7,10,
1489,4.083314216788468,4.649273667150076,5,5,
1494,10.362272200659469,29.186243330157065,25,41,
1495,2.0608006008524344,3.825955106964256,6,6,
1496,19.870999913126013,19.874626100075105,20,20,
1498,5.531198872288512,7.015179646467858,8,9,
1504,11.010633282068731,7.859605029460764,19,33,
1506,1.0,12.136818451891244,14,16,
1507,19.985652563518848,19.72018499628864,20,20,
1510,6.625333562770212,23.34364948959032,11,30,
1511,2.091838881987348,3.4565528057971,5,8,
1524,3.5777747094728363,2.591813039025378,4,6,
1547,5.253005929848305,11.933950323970038,20,20,
1558,3.731993363181317,7.757720555433478,14,16,
1600,17.184340183382012,32.717150366921466,37,44,
4329,1.0,12.136818451879169,14,16,
6332,9.531163914932408,24.11863241946196,33,37,
23381,1.871427417864718,8.864015262502642,10,10,
23499,4.183505603616932,7.683839089085764,8,9,
40648,2.5373396800207635,18.52966806487249,20,20,
40680,6.997515258300857,7.057329723089999,10,10,
40690,6.53604395371958,8.109203372423352,9,9,
40693,8.963055775421802,8.996719796005205,9,9,
40701,6.029937666443865,9.499119037448937,15,20,
40702,3.931757173507484,6.773750848537933,10,10,
40705,8.806513904185774,21.098503453709966,16,44,
40710,8.080983606101427,9.926695808958224,13,13,
40945,3.799325549591336,4.177049809975685,7,8,
40981,5.955378374258872,7.166378502280686,13,14,
40983,2.859218767776043,2.2254824946582024,4,5,
40999,9.91498868509509,16.60196289683326,28,46,
41005,11.120945505627809,16.370652744411963,29,46,
41007,11.26335781329333,18.099013185608595,29,46,
41146,2.195173122163399,1.840305242931547,18,20,
41156,11.403581618182049,13.69388404650211,46,48,
41430,3.1226860555886327,28.65100264792885,88,97,
41538,,4.704435877175565,6,6,no feature above the denoising threshold
41945,5.008816976312975,7.266433750155341,7,10,
41946,3.778184254838364,4.526362076535219,24,27,
42172,4.093996388057035,8.05207038988308,17,19,
42192,5.118281605775085,3.904663957385258,10,13,
42638,3.372057177954848,3.940361316280257,6,6,
43255,1.0,3.0825760367415382,5,7,
43595,1.0,2.047593729003363,6,6,
43892,3.634058268885085,1.2016519281641314,15,16,
43893,6.989617128450325,18.832305679937487,22,26,
43895,1.0,1.7990638809289463,21,25,
43946,6.689170548452664,13.32917345189598,17,23,
43947,11.846722635900171,17.520940047285197,31,45,
43949,3.585733483399856,5.989810496156871,12,12,
43958,6.060955396925915,10.724083104038012,10,20,
43973,4.126711540505897,4.627257449876381,5,5,
43976,5.43068516987897,11.852511222401144,15,20,
43980,3.2028985825197105,7.819706254765649,8,10,
44095,28.34119538909693,24.93784699974855,51,57,
44097,4.908859041073482,15.127717815104472,20,20,
44098,4.908859041073482,15.127717815104472,20,20,
44149,8.918726906708908,10.225916331519144,13,13,
44155,5.558509431482998,6.628573449752039,13,15,
44186,12.840210786744048,18.41010996515036,35,49,
44227,5.359624017527643,4.8482660871212,8,9,
44232,4.7868315670680985,8.844909794083664,12,16,
44345,6.029804521697478,1.0318926121339342,10,10,
44347,6.029804521697478,1.0318926121339342,10,10,
44349,6.055605270765419,1.4409581398446003,10,10,
44350,5.591884845588469,1.1398501272687651,10,10,
44351,5.964546730137395,4.653319667425462,10,10,
44352,6.112846406624486,3.552425626258058,10,10,
44362,3.025067303067964,3.667872707077043,7,8,
44363,3.279419793160207,4.373561736419102,7,8,
44364,3.156103337918222,1.8026847653412883,7,8,
44365,3.5471915268527567,5.107977853195167,7,8,
44366,3.415457057544934,1.72041461690751,7,8,
44367,3.0718346457067014,7.850042897052169,8,10,
44368,2.952047687760188,7.907042961713858,8,10,
44369,3.081796434116606,7.7571286322977056,8,10,
44370,3.351992895912497,7.71441406176078,8,10,
44371,3.1006532349258515,7.908311721749593,8,10,
44377,2.9821600475852104,6.998990179414319,9,10,
44378,3.3726196377567508,6.286665004279056,9,10,
44379,2.530061593500214,6.83599344934771,9,10,
44380,4.370419726865521,6.112495537047932,9,10,
44381,2.720665844789988,6.347897343294318,9,10,
44382,6.275985900498088,18.94136028123122,26,26,
44383,5.9289912364140935,19.11201654997676,26,26,
44384,5.4966642357008375,19.47869592588245,26,26,
44385,5.955889811137854,19.024995439158623,25,26,
44386,5.889775651370469,19.76375463238216,26,26,
44387,10.056274284549874,8.35464385857208,13,16,
44388,9.796822891132347,9.14090393453856,13,16,
44389,9.807436174055196,9.429035307163856,13,16,
44390,10.01216717638158,8.951025672549676,13,16,
44391,9.491401591831009,9.98315879983283,13,16,
44392,5.76162460775475,12.085730620714378,9,20,
44393,5.978462090126099,9.996588686150227,9,20,
44394,5.801761281823291,10.981921440005111,9,20,
44395,5.871816136750222,10.032505297521991,9,20,
44396,4.947259078318575,11.439429280685443,8,20,
44397,2.646706964840865,5.087376258767765,6,10,
44398,2.6610897808130063,4.80301862510974,6,10,
44399,2.890433436852199,4.760387209082715,6,10,
44400,3.080028206064785,5.177362099715168,6,10,
44401,3.0347404871948678,5.516462417426868,6,10,
44402,2.5439444096331703,2.9380988673803827,6,7,
44403,2.564755237218825,2.7621299954252025,6,7,
44404,2.5012043190207565,2.617697195985591,6,7,
44405,2.7326957612412714,2.906570027339666,6,7,
44406,2.7258268209280523,2.9268065030759454,6,7,
44407,4.034095286225288,4.572427885771157,5,5,
44408,4.004154244058115,4.6066763327512,5,5,
44409,4.003578988568624,4.642649252573753,5,5,
44410,3.918621374205342,4.561735026528978,5,5,
44411,4.098717217037755,4.574399869480207,5,5,
44412,24.964946027222908,24.46821790911965,35,50,
44413,24.904820854938816,24.093424325116395,35,50,
44414,25.994733912366662,13.849952398296304,37,50,
44415,24.944120918507664,24.524175201157533,36,50,
44416,26.4323059372798,22.10884743083044,37,50,
44417,2.978298239155051,7.649231657089707,23,24,
44418,5.766664292539418,10.36549000044752,23,24,
44419,5.715125544771615,9.850688227893045,23,24,
44420,3.721221209875783,8.53490396200624,23,24,
44421,3.6225897570484262,9.893541638077249,23,24,
44423,4.740708602623933,15.049426592807285,14,20,
44424,5.090843696682354,12.96235558982764,14,20,
44425,3.961645191207336,14.517487103544202,14,20,
44426,4.242975159733505,13.052151344207298,14,20,
44427,3.239031780576428,9.845303919432936,14,20,
44428,8.874151523399592,21.562281411280843,40,54,
44429,9.522960074266107,24.528545184682947,40,54,
44430,8.103788955049588,19.63462332950274,40,54,
44431,9.049603296411671,21.131847676537667,40,54,
44432,7.941234039976727,20.00216221174401,40,54,
44438,5.137095849583065,17.686175503883646,17,23,
44439,6.719825371477514,14.161678399075884,17,23,
44440,4.873868024363742,16.931944355130906,17,23,
44441,5.188215321512762,15.075839599476822,17,23,
44442,3.239031780576428,11.616123097373643,17,23,
44443,2.2971984616578967,12.689547937325674,52,54,
44444,2.86570141532197,14.688412112852792,52,54,
44445,2.112178870743585,14.876718321938665,51,54,
44446,2.057948627761274,15.59712169731514,52,54,
44447,2.6365601273980817,16.67634000877626,51,54,
44448,2.4698163244773887,5.844124570124371,12,12,
44449,3.515360615556341,6.020683495862612,12,12,
44450,3.254026427744261,6.062286382090015,12,12,
44451,3.681443638582886,6.292061132847003,12,12,
44452,3.007295310025986,5.88928125529031,12,12,
44453,3.2247339680126794,15.15891027968901,26,32,
44454,3.573349762418973,17.624843223398084,26,32,
44455,2.828396160576667,11.815039087472163,26,32,
44456,3.4960639294726725,16.370501344669407,25,32,
44457,4.1104397217818,14.142086295209433,26,32,
44458,5.611633961782359,11.07915400827687,16,17,
44459,6.014934918083159,12.971419295894568,16,17,
44460,5.798040351385278,11.940356559446023,16,17,
44461,6.315346803474509,12.011573723190434,16,17,
44462,5.556120338106068,9.955933867229284,16,17,
44463,10.64392421694287,22.214144380730303,33,49,
44464,10.595580423519722,21.033607343957463,34,49,
44465,13.621662963477018,26.94280476321597,35,49,
44466,11.682330807944462,17.95364740462257,34,49,
44467,9.079832405403632,22.93032090821644,32,49,
44483,5.955378374258872,7.166378502280686,13,14,
44484,5.955378374258872,7.166378502280686,13,14,
44485,5.955378374258872,7.166378502280686,13,14,
44486,5.955378374258872,7.166378502280686,13,14,
44487,5.955378374258872,7.166378502280686,13,14,
44488,2.839064654364218,2.245893057729777,4,5,
44489,2.921166075431086,2.2840091096181987,4,5,
44490,2.8334748889363337,2.243285001614764,4,5,
44491,2.7942403394754933,2.285910970541636,4,5,
44492,2.823893285564372,2.206953784255979,4,5,
44493,3.155303420092393,12.575817856115714,8,21,
44494,2.7842239489656686,15.648269804231573,10,21,
44495,2.6131728471222333,15.208515079003702,9,21,
44497,2.9103045697041128,13.516949451350794,10,21,
44498,4.908859041073482,15.127717815104472,20,20,
44499,4.908859041073482,15.127717815104472,20,20,
44500,4.908859041073482,15.127717815104472,20,20,
44501,4.908859041073482,15.127717815104472,20,20,
44502,4.908859041073482,15.127717815104472,20,20,
44538,7.144726531717646,52.65292016180792,66,70,
44539,6.909110310295427,50.44315964437722,66,70,
44540,5.820568993573451,48.8338440919644,66,70,
44541,6.259620291980955,49.55059526252823,66,70,
44542,5.240017304994626,34.366705742165344,66,70,
44568,10.3362400124603,15.53920014885836,46,48,
44569,9.85626201322849,16.130423814180407,46,48,
44570,10.015308218205472,19.168015620608443,46,48,
44571,10.766314572637697,15.835856154616607,46,48,
44572,10.481807005651952,20.411939676087968,46,48,
44598,10.362272200659469,29.186243330157065,25,41,
44599,10.362272200659469,29.186243330157065,25,41,
44600,10.362272200659469,29.186243330157065,25,41,
44601,10.362272200659469,29.186243330157065,25,41,
44602,10.362272200659469,29.186243330157065,25,41,
44608,7.388302542512572,24.356496993144813,13,37,
44609,7.388302542512572,24.356496993144813,13,37,
44610,7.388302542512572,24.356496993144813,13,37,
44611,7.388302542512572,24.356496993144813,13,37,
44612,7.388302542512572,24.356496993144813,13,37,
44628,3.2958426024523284,15.045405636971989,5,21,
44629,3.282593926881059,15.515879260671262,5,21,
44630,3.221781441557767,14.552813080379678,5,21,
44631,3.2253671272535533,14.6294795259576,5,21,
44632,3.219709351785325,14.60931165246136,5,21,
44643,9.377706637660648,8.9607634363099,36,36,
44644,9.830852277207091,9.223696407488305,36,36,
44645,9.145051256452923,8.857719492330572,36,36,
44646,8.696354722448163,9.406621854854787,36,36,
44647,9.037317403837122,9.212796619321342,36,36,
44658,5.451208218235284,10.90191476058283,15,20,
44659,5.21301171284117,11.533157841566236,15,20,
44660,5.110658254324045,10.222746138653225,15,20,
44661,5.424789008353669,10.779338074509536,15,20,
44662,5.536127964770031,11.312503457455582,15,20,
44673,7.153221124952039,14.819709886233063,23,29,
44674,7.611717624752711,13.973711200185516,23,29,
44675,7.43027339746657,14.769299464184186,23,29,
44676,7.353596496515949,13.580049474763028,23,29,
44677,7.569042734018638,13.46387046322862,23,29,
44678,1.9390585776877416,1.9104784603246772,18,20,
44679,1.9475689575325748,2.0399646230148423,18,20,
44680,1.949285919723224,1.9346205509208447,18,20,
44681,2.128656666303632,2.0669993808117137,18,20,
44682,1.9842765902205044,2.2095022316730217,18,20,
44708,2.922385292821604,7.691781094074261,7,8,
44709,1.1000358688051934,7.662434444160645,7,8,
44710,3.021676349399707,7.866322636774875,7,8,
44711,2.393764540350674,7.8631236420203345,7,8,
44712,1.762071754718257,7.860925773101631,7,8,
44723,6.376929976686737,6.579441998759663,14,14,
44724,6.673071508984034,6.94733101173164,14,14,
44725,6.887067291144612,6.952353292960868,14,14,
44726,6.238622864317177,7.0906962206114015,14,14,
44727,6.812071326331042,6.619102580706453,14,14,
44758,4.750154299435235,21.018312968765315,20,29,
44759,5.016883654432365,22.67671954181134,20,29,
44760,6.189065649473208,23.049204784579068,20,29,
44761,4.036862904388694,23.34541970982265,20,29,
44762,3.238836920966917,22.333475803864868,20,29,
44773,1.753162692122727,6.78502872632042,8,8,
44774,1.0,6.837425326194952,8,8,
44775,1.0,7.081191250314542,8,8,
44776,,6.719130989550894,8,8,no feature above the denoising threshold
44777,2.0754789984529687,6.325363560736753,8,8,
45023,10.59149458773592,10.89103492553086,16,22,
45039,4.582619852732498,3.33825867388496,8,11,
45059,4.263096031482068,10.305920051577193,19,20,
45063,5.531961423188382,6.115920983997913,13,15,
45077,10.320700374006377,24.733392268070205,24,40,
45545,2.1944802401938865,5.621860473406478,5,6,
45553,11.677485745040157,11.096213828261876,16,23,
45562,4.282783586764857,9.615821625849456,13,18,
45604,4.929931004686456,5.047751791607,6,6,
45686,9.531163914932408,24.56265794425582,34,38,
45711,1.0,8.533783701062099,9,12,
45712,1.024264964163777,8.625529158899917,9,12,
45717,1.0,8.533783701280862,9,12,
46116,2.234241287541516,5.2181446734276165,7,7,
46279,3.935104582884541,4.848991212649632,8,13,
46280,9.962680001200622,7.27847312773241,18,19,
46281,21.939694742529085,62.443350930816784,57,85,
46298,8.01049440338439,8.211215434420051,12,12,
46358,5.103853591986254,12.394108553977906,20,21,
46359,5.103853591986254,12.394108553977906,20,21,
46365,2.449428648589417,5.622813109459855,7,7,
46416,6.598193250034424,13.948099650676802,20,20,
46421,10.507397547461906,47.409505041477686,62,71,
46422,1.6399769831402584,19.028749407643797,33,41,
46431,7.379059755452912,10.93510572466218,18,20,
46482,6.598193250034424,13.948099650676802,20,20,
46483,6.406716737235202,7.249560706913684,9,10,
46502,6.508414060927106,27.81978927801277,39,46,
46517,7.379059755452912,10.93510572466218,18,20,
46532,4.908859041073482,12.431731626894546,20,20,
46535,5.590683842392326,6.927938168502161,13,15,
46562,7.73621181691045,23.947304202411384,32,33,
46590,9.132463647145046,10.681415903150242,13,13,
46602,4.7182824917945965,4.0710050617524,12,13,
46667,4.550382445313844,5.098550564098365,7,7,
46846,4.453659938300996,9.488069087035589,22,22,
46860,6.11969403219635,8.515497276258849,24,31,
46868,17.530308462717716,23.317923305686683,42,48,
46876,2.907181493053625,15.553145090925332,18,20,
46911,3.958210462251876,4.801157947498575,10,10,
46915,6.116768341790926,10.690560609146369,14,19,
46916,23.02552743013575,58.28553717107019,56,83,
46925,5.414004701270933,6.62984547354858,8,8,
46927,1.831544855756308,2.3908312321995373,6,6,
46930,14.81461378720171,20.39717228898697,24,30,
46938,5.562060201149691,8.95575621886329,13,13,
46940,10.79121970634962,16.60530869958529,19,24,
46950,12.25121098456373,11.369241850820934,19,63,
46951,3.606668732546408,9.398796907820866,5,12,
46952,8.980602433414225,26.67828217828292,22,37,
46956,4.331551728906967,9.162917727878442,9,14,
46969,15.71642285400354,34.57188520942748,67,85,
47044,3.1354858714724188,5.057931770079279,6,6,
47050,3.1354858714724188,5.057931770079279,6,6,
47052,3.1354858714724188,5.057931770079279,6,6,
47150,5.855636645930457,28.537010176827767,9,46,
47151,4.967869155947862,11.953093439636888,6,21,
47152,4.967869155947862,11.953093439636888,6,21,
47153,28.34119538909695,24.93784699974556,51,57,
