dataset,foundation_model,C_i,C_i_add
pilot0,tabpfn35,-0.004492187499999883,0.0004340277777777901
pilot0,tabicl2,0.0021050347222222876,0.007031249999999961
pilot0,tabpfn2,-0.0029079861111111216,0.002018229166666552
pilot1,tabpfn35,-0.005362505362505321,-0.008322608322608366
pilot1,tabicl2,-0.002981552981553004,-0.005941655941656049
pilot1,tabpfn2,-0.002402402402402526,-0.005362505362505571
pilot2,tabpfn35,-0.011069048598460418,0.0022530410765704834
pilot2,tabicl2,-0.0030332216802804735,0.010288867994750428
pilot2,tabpfn2,-0.0025645824763473046,0.010757507198683597
pilot3,tabpfn35,-0.0018202973497092878,-0.0018202973497092878
pilot3,tabicl2,0.009603670838964767,0.009603670838964767
pilot3,tabpfn2,0.007518608842138036,0.007518608842138036
pilot4,tabpfn35,0.004117838541666724,0.0019097222222221877
pilot4,tabicl2,0.021435546875000128,0.01922743055555559
pilot4,tabpfn2,0.003428819444444481,0.0012207031249999445
pilot5,tabpfn35,-0.008143183176497565,-0.007432078846626278
pilot5,tabicl2,-0.0030208255142938067,-0.0023097211844225196
pilot5,tabpfn2,-0.007821331960594285,-0.007110227630722998
pilot6,tabpfn35,0.0026363125610779914,-0.0027003421823290075
pilot6,tabicl2,0.003981874535212926,-0.001354780208194073
pilot6,tabpfn2,0.0016768203169346962,-0.0036598344264723026
pilot7,tabpfn35,0.00571151073407683,0.00571151073407683
pilot7,tabicl2,0.0057506608963583394,0.0057506608963583394
pilot7,tabpfn2,0.009976155508253065,0.009976155508253065
pilot8,tabpfn35,-0.0011317473592412919,-0.00199587077970087
pilot8,tabicl2,0.003953521931716247,0.003089398511256669
pilot8,tabpfn2,-0.00196163476506786,-0.0028257581855274383
pilot9,tabpfn35,-0.00945653606025948,-0.009487132356813172
pilot9,tabicl2,-0.005456258017428217,-0.005486854313981909
pilot9,tabpfn2,-0.006740877772792697,-0.006771474069346389
pilot10,tabpfn35,-0.002525499131944442,-0.008904351128472293
pilot10,tabicl2,0.007351345486111105,0.0009724934895832538
pilot10,tabpfn2,-0.0028984917534722876,-0.009277343750000139
pilot11,tabpfn35,-0.0041747545057892466,-0.004113719349539274
pilot11,tabicl2,-0.006079753044357039,-0.006018717888107067
pilot11,tabpfn2,-0.004887244337390073,-0.004826209181140101
