dataset,variant,foundation_model,delta_sel,delta_add,S,S_add
pilot0,noise_r0,tabpfn35,0.022656250000000044,0.045225694444444464,"[""catboost"",""catboost"",""catboost"",""catboost"",""catboost""]","[""ebm"",""ebm"",""ebm"",""ebm"",""ebm""]"
pilot0,noise_r0,tabicl2,0.019184027777777946,0.041753472222222365,"[""catboost"",""catboost"",""catboost"",""catboost"",""catboost""]","[""ebm"",""ebm"",""ebm"",""ebm"",""ebm""]"
pilot0,noise_r0,tabpfn2,0.027604166666666874,0.050173611111111294,"[""catboost"",""catboost"",""catboost"",""catboost"",""catboost""]","[""ebm"",""ebm"",""ebm"",""ebm"",""ebm""]"
pilot0,conc_0.65_r0,tabpfn35,0.03758680555555571,0.051996527777777635,"[""catboost"",""catboost"",""catboost"",""catboost"",""catboost""]","[""ebm"",""ebm"",""ebm"",""ebm"",""ebm""]"
pilot0,conc_0.65_r0,tabicl2,0.029166666666666785,0.043576388888888706,"[""catboost"",""catboost"",""catboost"",""catboost"",""catboost""]","[""ebm"",""ebm"",""ebm"",""ebm"",""ebm""]"
pilot0,conc_0.65_r0,tabpfn2,0.036545138888888995,0.050954861111110916,"[""catboost"",""catboost"",""catboost"",""catboost"",""catboost""]","[""ebm"",""ebm"",""ebm"",""ebm"",""ebm""]"
pilot0,disp_0.65_r0,tabpfn35,0.03203125000000007,0.039843749999999845,"[""catboost"",""catboost"",""catboost"",""catboost"",""catboost""]","[""ebm"",""ebm"",""ebm"",""ebm"",""ebm""]"
pilot0,disp_0.65_r0,tabicl2,0.023697916666666652,0.03151041666666643,"[""catboost"",""catboost"",""catboost"",""catboost"",""catboost""]","[""ebm"",""ebm"",""ebm"",""ebm"",""ebm""]"
pilot0,disp_0.65_r0,tabpfn2,0.02777777777777768,0.03559027777777746,"[""catboost"",""catboost"",""catboost"",""catboost"",""catboost""]","[""ebm"",""ebm"",""ebm"",""ebm"",""ebm""]"
pilot0,dispn_0.65_r0,tabpfn35,0.04166666666666652,0.04991319444444442,"[""catboost"",""catboost"",""catboost"",""catboost"",""catboost""]","[""ebm"",""ebm"",""ebm"",""ebm"",""ebm""]"
pilot0,dispn_0.65_r0,tabicl2,0.026562499999999933,0.034809027777777835,"[""catboost"",""catboost"",""catboost"",""catboost"",""catboost""]","[""ebm"",""ebm"",""ebm"",""ebm"",""ebm""]"
pilot0,dispn_0.65_r0,tabpfn2,0.03802083333333339,0.046267361111111294,"[""catboost"",""catboost"",""catboost"",""catboost"",""catboost""]","[""ebm"",""ebm"",""ebm"",""ebm"",""ebm""]"
pilot0,conc_0.75_r0,tabpfn35,0.04322916666666676,0.05815972222222254,"[""catboost"",""catboost"",""catboost"",""catboost"",""catboost""]","[""ebm"",""ebm"",""ebm"",""ebm"",""ebm""]"
pilot0,conc_0.75_r0,tabicl2,0.03411458333333339,0.04904513888888917,"[""catboost"",""catboost"",""catboost"",""catboost"",""catboost""]","[""ebm"",""ebm"",""ebm"",""ebm"",""ebm""]"
pilot0,conc_0.75_r0,tabpfn2,0.03914930555555529,0.05407986111111107,"[""catboost"",""catboost"",""catboost"",""catboost"",""catboost""]","[""ebm"",""ebm"",""ebm"",""ebm"",""ebm""]"
pilot0,disp_0.75_r0,tabpfn35,0.04027777777777786,0.05138888888888893,"[""catboost"",""catboost"",""catboost"",""catboost"",""catboost""]","[""ebm"",""ebm"",""ebm"",""ebm"",""ebm""]"
pilot0,disp_0.75_r0,tabicl2,0.02864583333333315,0.03975694444444422,"[""catboost"",""catboost"",""catboost"",""catboost"",""catboost""]","[""ebm"",""ebm"",""ebm"",""ebm"",""ebm""]"
pilot0,disp_0.75_r0,tabpfn2,0.032465277777777635,0.043576388888888706,"[""catboost"",""catboost"",""catboost"",""catboost"",""catboost""]","[""ebm"",""ebm"",""ebm"",""ebm"",""ebm""]"
pilot0,dispn_0.75_r0,tabpfn35,0.048958333333333215,0.05902777777777779,"[""catboost"",""catboost"",""catboost"",""catboost"",""catboost""]","[""ebm"",""ebm"",""ebm"",""ebm"",""ebm""]"
pilot0,dispn_0.75_r0,tabicl2,0.038107638888888795,0.04817708333333337,"[""catboost"",""catboost"",""catboost"",""catboost"",""catboost""]","[""ebm"",""ebm"",""ebm"",""ebm"",""ebm""]"
pilot0,dispn_0.75_r0,tabpfn2,0.042621527777777724,0.0526909722222223,"[""catboost"",""catboost"",""catboost"",""catboost"",""catboost""]","[""ebm"",""ebm"",""ebm"",""ebm"",""ebm""]"
pilot0,conc_0.85_r0,tabpfn35,0.04036458333333337,0.04991319444444431,"[""catboost"",""catboost"",""catboost"",""catboost"",""catboost""]","[""ebm"",""ebm"",""ebm"",""ebm"",""ebm""]"
pilot0,conc_0.85_r0,tabicl2,0.03125,0.04079861111111094,"[""catboost"",""catboost"",""catboost"",""catboost"",""catboost""]","[""ebm"",""ebm"",""ebm"",""ebm"",""ebm""]"
pilot0,conc_0.85_r0,tabpfn2,0.03593750000000018,0.045486111111111116,"[""catboost"",""catboost"",""catboost"",""catboost"",""catboost""]","[""ebm"",""ebm"",""ebm"",""ebm"",""ebm""]"
pilot0,disp_0.85_r0,tabpfn35,0.0366319444444444,0.04123263888888895,"[""catboost"",""ebm"",""catboost"",""catboost"",""catboost""]","[""ebm"",""ebm"",""ebm"",""ebm"",""ebm""]"
pilot0,disp_0.85_r0,tabicl2,0.029600694444444464,0.03420138888888902,"[""catboost"",""ebm"",""catboost"",""catboost"",""catboost""]","[""ebm"",""ebm"",""ebm"",""ebm"",""ebm""]"
pilot0,disp_0.85_r0,tabpfn2,0.03437499999999993,0.038975694444444486,"[""catboost"",""ebm"",""catboost"",""catboost"",""catboost""]","[""ebm"",""ebm"",""ebm"",""ebm"",""ebm""]"
pilot0,dispn_0.85_r0,tabpfn35,0.044791666666666674,0.04565972222222214,"[""catboost"",""catboost"",""catboost"",""catboost"",""ebm""]","[""ebm"",""ebm"",""ebm"",""ebm"",""ebm""]"
pilot0,dispn_0.85_r0,tabicl2,0.030295138888888906,0.031163194444444375,"[""catboost"",""catboost"",""catboost"",""catboost"",""ebm""]","[""ebm"",""ebm"",""ebm"",""ebm"",""ebm""]"
pilot0,dispn_0.85_r0,tabpfn2,0.04027777777777786,0.041145833333333326,"[""catboost"",""catboost"",""catboost"",""catboost"",""ebm""]","[""ebm"",""ebm"",""ebm"",""ebm"",""ebm""]"
pilot0,conc_0.95_r0,tabpfn35,0.020920138888888884,0.020920138888888884,"[""ebm"",""ebm"",""ebm"",""ebm"",""ebm""]","[""ebm"",""ebm"",""ebm"",""ebm"",""ebm""]"
pilot0,conc_0.95_r0,tabicl2,0.015798611111111027,0.015798611111111027,"[""ebm"",""ebm"",""ebm"",""ebm"",""ebm""]","[""ebm"",""ebm"",""ebm"",""ebm"",""ebm""]"
pilot0,conc_0.95_r0,tabpfn2,0.019270833333333348,0.019270833333333348,"[""ebm"",""ebm"",""ebm"",""ebm"",""ebm""]","[""ebm"",""ebm"",""ebm"",""ebm"",""ebm""]"
pilot0,disp_0.95_r0,tabpfn35,0.026215277777777768,0.023350694444444375,"[""ebm"",""ebm"",""catboost"",""catboost"",""ebm""]","[""ebm"",""ebm"",""ebm"",""ebm"",""ebm""]"
pilot0,disp_0.95_r0,tabicl2,0.015017361111111183,0.01215277777777779,"[""ebm"",""ebm"",""catboost"",""catboost"",""ebm""]","[""ebm"",""ebm"",""ebm"",""ebm"",""ebm""]"
pilot0,disp_0.95_r0,tabpfn2,0.024652777777777968,0.021788194444444575,"[""ebm"",""ebm"",""catboost"",""catboost"",""ebm""]","[""ebm"",""ebm"",""ebm"",""ebm"",""ebm""]"
pilot0,dispn_0.95_r0,tabpfn35,0.024652777777777857,0.024652777777777857,"[""ebm"",""ebm"",""ebm"",""ebm"",""ebm""]","[""ebm"",""ebm"",""ebm"",""ebm"",""ebm""]"
pilot0,dispn_0.95_r0,tabicl2,0.00694444444444442,0.00694444444444442,"[""ebm"",""ebm"",""ebm"",""ebm"",""ebm""]","[""ebm"",""ebm"",""ebm"",""ebm"",""ebm""]"
pilot0,dispn_0.95_r0,tabpfn2,0.021614583333333326,0.021614583333333326,"[""ebm"",""ebm"",""ebm"",""ebm"",""ebm""]","[""ebm"",""ebm"",""ebm"",""ebm"",""ebm""]"
pilot1,noise_r0,tabpfn35,0.05534105534105538,0.0767052767052766,"[""catboost"",""catboost"",""catboost"",""catboost"",""catboost""]","[""ebm"",""ebm"",""ebm"",""ebm"",""ebm""]"
pilot1,noise_r0,tabicl2,0.043028743028743155,0.06439296439296438,"[""catboost"",""catboost"",""catboost"",""catboost"",""catboost""]","[""ebm"",""ebm"",""ebm"",""ebm"",""ebm""]"
pilot1,noise_r0,tabpfn2,0.042728442728442784,0.06409266409266401,"[""catboost"",""catboost"",""catboost"",""catboost"",""catboost""]","[""ebm"",""ebm"",""ebm"",""ebm"",""ebm""]"
pilot1,conc_0.65_r0,tabpfn35,0.06555126555126556,0.08648648648648627,"[""catboost"",""catboost"",""catboost"",""catboost"",""catboost""]","[""ebm"",""ebm"",""ebm"",""ebm"",""ebm""]"
pilot1,conc_0.65_r0,tabicl2,0.052938652938653186,0.0738738738738739,"[""catboost"",""catboost"",""catboost"",""catboost"",""catboost""]","[""ebm"",""ebm"",""ebm"",""ebm"",""ebm""]"
pilot1,conc_0.65_r0,tabpfn2,0.05602745602745607,0.07696267696267678,"[""catboost"",""catboost"",""catboost"",""catboost"",""catboost""]","[""ebm"",""ebm"",""ebm"",""ebm"",""ebm""]"
pilot1,disp_0.65_r0,tabpfn35,0.05113685113685129,0.0712140712140712,"[""catboost"",""catboost"",""catboost"",""catboost"",""catboost""]","[""ebm"",""ebm"",""ebm"",""ebm"",""ebm""]"
pilot1,disp_0.65_r0,tabicl2,0.0389532389532391,0.059030459030459004,"[""catboost"",""catboost"",""catboost"",""catboost"",""catboost""]","[""ebm"",""ebm"",""ebm"",""ebm"",""ebm""]"
pilot1,disp_0.65_r0,tabpfn2,0.041870441870441866,0.06194766194766177,"[""catboost"",""catboost"",""catboost"",""catboost"",""catboost""]","[""ebm"",""ebm"",""ebm"",""ebm"",""ebm""]"
pilot1,dispn_0.65_r0,tabpfn35,0.07044187044187045,0.09601029601029609,"[""catboost"",""catboost"",""catboost"",""catboost"",""catboost""]","[""ebm"",""ebm"",""ebm"",""ebm"",""ebm""]"
pilot1,dispn_0.65_r0,tabicl2,0.05731445731445739,0.08288288288288304,"[""catboost"",""catboost"",""catboost"",""catboost"",""catboost""]","[""ebm"",""ebm"",""ebm"",""ebm"",""ebm""]"
pilot1,dispn_0.65_r0,tabpfn2,0.06074646074646062,0.08631488631488626,"[""catboost"",""catboost"",""catboost"",""catboost"",""catboost""]","[""ebm"",""ebm"",""ebm"",""ebm"",""ebm""]"
pilot1,conc_0.75_r0,tabpfn35,0.060403260403260495,0.07069927069927073,"[""catboost"",""catboost"",""catboost"",""catboost"",""catboost""]","[""ebm"",""ebm"",""ebm"",""ebm"",""ebm""]"
pilot1,conc_0.75_r0,tabicl2,0.04787644787644785,0.058172458172458086,"[""catboost"",""catboost"",""catboost"",""catboost"",""catboost""]","[""ebm"",""ebm"",""ebm"",""ebm"",""ebm""]"
pilot1,conc_0.75_r0,tabpfn2,0.05027885027885026,0.0605748605748605,"[""catboost"",""catboost"",""catboost"",""catboost"",""catboost""]","[""ebm"",""ebm"",""ebm"",""ebm"",""ebm""]"
pilot1,disp_0.75_r0,tabpfn35,0.04924924924924934,0.061604461604461425,"[""catboost"",""catboost"",""catboost"",""catboost"",""catboost""]","[""ebm"",""ebm"",""ebm"",""ebm"",""ebm""]"
pilot1,disp_0.75_r0,tabicl2,0.03371943371943387,0.04607464607464595,"[""catboost"",""catboost"",""catboost"",""catboost"",""catboost""]","[""ebm"",""ebm"",""ebm"",""ebm"",""ebm""]"
pilot1,disp_0.75_r0,tabpfn2,0.040926640926641,0.05328185328185309,"[""catboost"",""catboost"",""catboost"",""catboost"",""catboost""]","[""ebm"",""ebm"",""ebm"",""ebm"",""ebm""]"
pilot1,dispn_0.75_r0,tabpfn35,0.06203346203346216,0.08151008151008154,"[""catboost"",""catboost"",""catboost"",""catboost"",""catboost""]","[""ebm"",""ebm"",""ebm"",""ebm"",""ebm""]"
pilot1,dispn_0.75_r0,tabicl2,0.045302445302445316,0.0647790647790647,"[""catboost"",""catboost"",""catboost"",""catboost"",""catboost""]","[""ebm"",""ebm"",""ebm"",""ebm"",""ebm""]"
pilot1,dispn_0.75_r0,tabpfn2,0.05405405405405428,0.07353067353067366,"[""catboost"",""catboost"",""catboost"",""catboost"",""catboost""]","[""ebm"",""ebm"",""ebm"",""ebm"",""ebm""]"
pilot1,conc_0.85_r0,tabpfn35,0.04530244530244543,0.04504504504504514,"[""catboost"",""catboost"",""catboost"",""catboost"",""catboost""]","[""ebm"",""ebm"",""ebm"",""ebm"",""ebm""]"
pilot1,conc_0.85_r0,tabicl2,0.03414843414843405,0.03389103389103376,"[""catboost"",""catboost"",""catboost"",""catboost"",""catboost""]","[""ebm"",""ebm"",""ebm"",""ebm"",""ebm""]"
pilot1,conc_0.85_r0,tabpfn2,0.04092664092664078,0.04066924066924049,"[""catboost"",""catboost"",""catboost"",""catboost"",""catboost""]","[""ebm"",""ebm"",""ebm"",""ebm"",""ebm""]"
pilot1,disp_0.85_r0,tabpfn35,0.04075504075504066,0.04161304161304147,"[""ebm"",""catboost"",""catboost"",""catboost"",""catboost""]","[""ebm"",""ebm"",""ebm"",""ebm"",""ebm""]"
pilot1,disp_0.85_r0,tabicl2,0.02865722865722853,0.029515229515229335,"[""ebm"",""catboost"",""catboost"",""catboost"",""catboost""]","[""ebm"",""ebm"",""ebm"",""ebm"",""ebm""]"
pilot1,disp_0.85_r0,tabpfn2,0.0375804375804375,0.038438438438438305,"[""ebm"",""catboost"",""catboost"",""catboost"",""catboost""]","[""ebm"",""ebm"",""ebm"",""ebm"",""ebm""]"
pilot1,dispn_0.85_r0,tabpfn35,0.04719004719004727,0.055512655512655606,"[""catboost"",""catboost"",""catboost"",""catboost"",""catboost""]","[""ebm"",""ebm"",""ebm"",""ebm"",""ebm""]"
pilot1,dispn_0.85_r0,tabicl2,0.03294723294723301,0.041269841269841345,"[""catboost"",""catboost"",""catboost"",""catboost"",""catboost""]","[""ebm"",""ebm"",""ebm"",""ebm"",""ebm""]"
pilot1,dispn_0.85_r0,tabpfn2,0.03689403689403703,0.04521664521664537,"[""catboost"",""catboost"",""catboost"",""catboost"",""catboost""]","[""ebm"",""ebm"",""ebm"",""ebm"",""ebm""]"
pilot1,conc_0.95_r0,tabpfn35,0.016044616044616156,0.01913341913341926,"[""catboost"",""catboost"",""catboost"",""rf"",""lr""]","[""lr"",""lr"",""lr"",""lr"",""lr""]"
pilot1,conc_0.95_r0,tabicl2,0.01226941226941225,0.015358215358215355,"[""catboost"",""catboost"",""catboost"",""rf"",""lr""]","[""lr"",""lr"",""lr"",""lr"",""lr""]"
pilot1,conc_0.95_r0,tabpfn2,0.015100815100815068,0.018189618189618173,"[""catboost"",""catboost"",""catboost"",""rf"",""lr""]","[""lr"",""lr"",""lr"",""lr"",""lr""]"
pilot1,disp_0.95_r0,tabpfn35,0.018790218790218693,0.018790218790218693,"[""ebm"",""lr"",""lr"",""lr"",""ebm""]","[""ebm"",""lr"",""lr"",""lr"",""ebm""]"
pilot1,disp_0.95_r0,tabicl2,0.012955812955812829,0.012955812955812829,"[""ebm"",""lr"",""lr"",""lr"",""ebm""]","[""ebm"",""lr"",""lr"",""lr"",""ebm""]"
pilot1,disp_0.95_r0,tabpfn2,0.015015015015014788,0.015015015015014788,"[""ebm"",""lr"",""lr"",""lr"",""ebm""]","[""ebm"",""lr"",""lr"",""lr"",""ebm""]"
pilot1,dispn_0.95_r0,tabpfn35,0.029086229086229043,0.021621621621621623,"[""lgbm"",""lr"",""ebm"",""lr"",""lr""]","[""lr"",""lr"",""ebm"",""lr"",""lr""]"
pilot1,dispn_0.95_r0,tabicl2,0.023595023595023634,0.016130416130416214,"[""lgbm"",""lr"",""ebm"",""lr"",""lr""]","[""lr"",""lr"",""ebm"",""lr"",""lr""]"
pilot1,dispn_0.95_r0,tabpfn2,0.020248820248820354,0.012784212784212934,"[""lgbm"",""lr"",""ebm"",""lr"",""lr""]","[""lr"",""lr"",""ebm"",""lr"",""lr""]"
pilot2,noise_r0,tabpfn35,0.13280366692131407,0.1745512526688997,"[""catboost"",""catboost"",""catboost"",""catboost"",""catboost""]","[""ebm"",""ebm"",""ebm"",""ebm"",""ebm""]"
pilot2,noise_r0,tabicl2,0.0989742414448298,0.14072182719241544,"[""catboost"",""catboost"",""catboost"",""catboost"",""catboost""]","[""ebm"",""ebm"",""ebm"",""ebm"",""ebm""]"
pilot2,noise_r0,tabpfn2,0.09856625727213975,0.14031384301972538,"[""catboost"",""catboost"",""catboost"",""catboost"",""catboost""]","[""ebm"",""ebm"",""ebm"",""ebm"",""ebm""]"
pilot2,conc_0.65_r0,tabpfn35,0.10949893244010889,0.15591436014965432,"[""catboost"",""catboost"",""catboost"",""catboost"",""catboost""]","[""ebm"",""ebm"",""ebm"",""ebm"",""ebm""]"
pilot2,conc_0.65_r0,tabicl2,0.0756216724452019,0.12203710015474734,"[""catboost"",""catboost"",""catboost"",""catboost"",""catboost""]","[""ebm"",""ebm"",""ebm"",""ebm"",""ebm""]"
pilot2,conc_0.65_r0,tabpfn2,0.07384278466631411,0.12025821237585954,"[""catboost"",""catboost"",""catboost"",""catboost"",""catboost""]","[""ebm"",""ebm"",""ebm"",""ebm"",""ebm""]"
pilot2,disp_0.65_r0,tabpfn35,0.12974981880864223,0.15331828955358362,"[""catboost"",""catboost"",""catboost"",""catboost"",""catboost""]","[""ebm"",""ebm"",""ebm"",""ebm"",""ebm""]"
pilot2,disp_0.65_r0,tabicl2,0.08794468276821221,0.1115131535131536,"[""catboost"",""catboost"",""catboost"",""catboost"",""catboost""]","[""ebm"",""ebm"",""ebm"",""ebm"",""ebm""]"
pilot2,disp_0.65_r0,tabpfn2,0.09331703590527118,0.11688550665021258,"[""catboost"",""catboost"",""catboost"",""catboost"",""catboost""]","[""ebm"",""ebm"",""ebm"",""ebm"",""ebm""]"
pilot2,dispn_0.65_r0,tabpfn35,0.13258850952968604,0.1608029617441381,"[""catboost"",""catboost"",""catboost"",""catboost"",""catboost""]","[""ebm"",""ebm"",""ebm"",""ebm"",""ebm""]"
pilot2,dispn_0.65_r0,tabicl2,0.09537666255313315,0.12359111476758522,"[""catboost"",""catboost"",""catboost"",""catboost"",""catboost""]","[""ebm"",""ebm"",""ebm"",""ebm"",""ebm""]"
pilot2,dispn_0.65_r0,tabpfn2,0.08594699418228835,0.11416144639674042,"[""catboost"",""catboost"",""catboost"",""catboost"",""catboost""]","[""ebm"",""ebm"",""ebm"",""ebm"",""ebm""]"
pilot2,conc_0.75_r0,tabpfn35,0.1000206851971559,0.12965751895163657,"[""catboost"",""catboost"",""catboost"",""catboost"",""catboost""]","[""ebm"",""ebm"",""ebm"",""ebm"",""ebm""]"
pilot2,conc_0.75_r0,tabicl2,0.07138610409198654,0.10102293784646721,"[""catboost"",""catboost"",""catboost"",""catboost"",""catboost""]","[""ebm"",""ebm"",""ebm"",""ebm"",""ebm""]"
pilot2,conc_0.75_r0,tabpfn2,0.06571722395251811,0.09535405770699878,"[""catboost"",""catboost"",""catboost"",""catboost"",""catboost""]","[""ebm"",""ebm"",""ebm"",""ebm"",""ebm""]"
pilot2,disp_0.75_r0,tabpfn35,0.1162919825272768,0.12276590076590066,"[""catboost"",""catboost"",""ebm"",""catboost"",""catboost""]","[""ebm"",""ebm"",""ebm"",""ebm"",""ebm""]"
pilot2,disp_0.75_r0,tabicl2,0.060851971557854156,0.06732588979647802,"[""catboost"",""catboost"",""ebm"",""catboost"",""catboost""]","[""ebm"",""ebm"",""ebm"",""ebm"",""ebm""]"
pilot2,disp_0.75_r0,tabpfn2,0.08199337916984994,0.08846729740847381,"[""catboost"",""catboost"",""ebm"",""catboost"",""catboost""]","[""ebm"",""ebm"",""ebm"",""ebm"",""ebm""]"
pilot2,dispn_0.75_r0,tabpfn35,0.1293556639438992,0.12320181779005301,"[""catboost"",""ebm"",""ebm"",""ebm"",""ebm""]","[""ebm"",""ebm"",""ebm"",""ebm"",""ebm""]"
pilot2,dispn_0.75_r0,tabicl2,0.08095833578186518,0.074804489628019,"[""catboost"",""ebm"",""ebm"",""ebm"",""ebm""]","[""ebm"",""ebm"",""ebm"",""ebm"",""ebm""]"
pilot2,dispn_0.75_r0,tabpfn2,0.08950766880178651,0.08335382264794033,"[""catboost"",""ebm"",""ebm"",""ebm"",""ebm""]","[""ebm"",""ebm"",""ebm"",""ebm"",""ebm""]"
pilot2,conc_0.85_r0,tabpfn35,0.0823666137783784,0.08166331707508179,"[""catboost"",""ebm"",""ebm"",""ebm"",""ebm""]","[""ebm"",""ebm"",""ebm"",""ebm"",""ebm""]"
pilot2,conc_0.85_r0,tabicl2,0.05797610232904338,0.05727280562574677,"[""catboost"",""ebm"",""ebm"",""ebm"",""ebm""]","[""ebm"",""ebm"",""ebm"",""ebm"",""ebm""]"
pilot2,conc_0.85_r0,tabpfn2,0.054283794636735605,0.053580497933439,"[""catboost"",""ebm"",""ebm"",""ebm"",""ebm""]","[""ebm"",""ebm"",""ebm"",""ebm"",""ebm""]"
pilot2,disp_0.85_r0,tabpfn35,0.08430263853793263,0.08430263853793263,"[""ebm"",""ebm"",""ebm"",""ebm"",""ebm""]","[""ebm"",""ebm"",""ebm"",""ebm"",""ebm""]"
pilot2,disp_0.85_r0,tabicl2,0.044476503888268515,0.044476503888268515,"[""ebm"",""ebm"",""ebm"",""ebm"",""ebm""]","[""ebm"",""ebm"",""ebm"",""ebm"",""ebm""]"
pilot2,disp_0.85_r0,tabpfn2,0.05161195667078,0.05161195667078,"[""ebm"",""ebm"",""ebm"",""ebm"",""ebm""]","[""ebm"",""ebm"",""ebm"",""ebm"",""ebm""]"
pilot2,dispn_0.85_r0,tabpfn35,0.08263352333940577,0.08263352333940577,"[""ebm"",""ebm"",""ebm"",""ebm"",""ebm""]","[""ebm"",""ebm"",""ebm"",""ebm"",""ebm""]"
pilot2,dispn_0.85_r0,tabicl2,0.04789900295782645,0.04789900295782645,"[""ebm"",""ebm"",""ebm"",""ebm"",""ebm""]","[""ebm"",""ebm"",""ebm"",""ebm"",""ebm""]"
pilot2,dispn_0.85_r0,tabpfn2,0.040597441773912335,0.040597441773912335,"[""ebm"",""ebm"",""ebm"",""ebm"",""ebm""]","[""ebm"",""ebm"",""ebm"",""ebm"",""ebm""]"
pilot2,conc_0.95_r0,tabpfn35,0.0312330806448452,0.0312330806448452,"[""ebm"",""ebm"",""ebm"",""ebm"",""ebm""]","[""ebm"",""ebm"",""ebm"",""ebm"",""ebm""]"
pilot2,conc_0.95_r0,tabicl2,0.0187483496895261,0.0187483496895261,"[""ebm"",""ebm"",""ebm"",""ebm"",""ebm""]","[""ebm"",""ebm"",""ebm"",""ebm"",""ebm""]"
pilot2,conc_0.95_r0,tabpfn2,0.02024528412763682,0.02024528412763682,"[""ebm"",""ebm"",""ebm"",""ebm"",""ebm""]","[""ebm"",""ebm"",""ebm"",""ebm"",""ebm""]"
pilot2,disp_0.95_r0,tabpfn35,0.027943429119899665,0.027943429119899665,"[""ebm"",""ebm"",""ebm"",""ebm"",""ebm""]","[""ebm"",""ebm"",""ebm"",""ebm"",""ebm""]"
pilot2,disp_0.95_r0,tabicl2,0.012093749387866892,0.012093749387866892,"[""ebm"",""ebm"",""ebm"",""ebm"",""ebm""]","[""ebm"",""ebm"",""ebm"",""ebm"",""ebm""]"
pilot2,disp_0.95_r0,tabpfn2,0.01298015709780398,0.01298015709780398,"[""ebm"",""ebm"",""ebm"",""ebm"",""ebm""]","[""ebm"",""ebm"",""ebm"",""ebm"",""ebm""]"
pilot2,dispn_0.95_r0,tabpfn35,0.02281780964133906,0.02281780964133906,"[""ebm"",""ebm"",""ebm"",""ebm"",""ebm""]","[""ebm"",""ebm"",""ebm"",""ebm"",""ebm""]"
pilot2,dispn_0.95_r0,tabicl2,0.01163111398405503,0.01163111398405503,"[""ebm"",""ebm"",""ebm"",""ebm"",""ebm""]","[""ebm"",""ebm"",""ebm"",""ebm"",""ebm""]"
pilot2,dispn_0.95_r0,tabpfn2,0.008295312530606669,0.008295312530606669,"[""ebm"",""ebm"",""ebm"",""ebm"",""ebm""]","[""ebm"",""ebm"",""ebm"",""ebm"",""ebm""]"
pilot3,noise_r0,tabpfn35,0.11036618283677113,0.11036618283677113,"[""ebm"",""ebm"",""ebm"",""ebm"",""ebm""]","[""ebm"",""ebm"",""ebm"",""ebm"",""ebm""]"
pilot3,noise_r0,tabicl2,0.09480256997904069,0.09480256997904069,"[""ebm"",""ebm"",""ebm"",""ebm"",""ebm""]","[""ebm"",""ebm"",""ebm"",""ebm"",""ebm""]"
pilot3,noise_r0,tabpfn2,0.02772874184638896,0.02772874184638896,"[""ebm"",""ebm"",""ebm"",""ebm"",""ebm""]","[""ebm"",""ebm"",""ebm"",""ebm"",""ebm""]"
pilot3,conc_0.65_r0,tabpfn35,0.10473373685138387,0.10473373685138387,"[""ebm"",""ebm"",""ebm"",""ebm"",""ebm""]","[""ebm"",""ebm"",""ebm"",""ebm"",""ebm""]"
pilot3,conc_0.65_r0,tabicl2,0.0964372098489743,0.0964372098489743,"[""ebm"",""ebm"",""ebm"",""ebm"",""ebm""]","[""ebm"",""ebm"",""ebm"",""ebm"",""ebm""]"
pilot3,conc_0.65_r0,tabpfn2,0.019987620222914115,0.019987620222914115,"[""ebm"",""ebm"",""ebm"",""ebm"",""ebm""]","[""ebm"",""ebm"",""ebm"",""ebm"",""ebm""]"
pilot3,disp_0.65_r0,tabpfn35,0.10201574895692522,0.10201574895692522,"[""ebm"",""ebm"",""ebm"",""ebm"",""ebm""]","[""ebm"",""ebm"",""ebm"",""ebm"",""ebm""]"
pilot3,disp_0.65_r0,tabicl2,0.08416399286987508,0.08416399286987508,"[""ebm"",""ebm"",""ebm"",""ebm"",""ebm""]","[""ebm"",""ebm"",""ebm"",""ebm"",""ebm""]"
pilot3,disp_0.65_r0,tabpfn2,0.018655579714403125,0.018655579714403125,"[""ebm"",""ebm"",""ebm"",""ebm"",""ebm""]","[""ebm"",""ebm"",""ebm"",""ebm"",""ebm""]"
pilot3,dispn_0.65_r0,tabpfn35,0.1065956788309731,0.1065956788309731,"[""ebm"",""ebm"",""ebm"",""ebm"",""ebm""]","[""ebm"",""ebm"",""ebm"",""ebm"",""ebm""]"
pilot3,dispn_0.65_r0,tabicl2,0.08237538931656585,0.08237538931656585,"[""ebm"",""ebm"",""ebm"",""ebm"",""ebm""]","[""ebm"",""ebm"",""ebm"",""ebm"",""ebm""]"
pilot3,dispn_0.65_r0,tabpfn2,0.0017327378503848578,0.0017327378503848578,"[""ebm"",""ebm"",""ebm"",""ebm"",""ebm""]","[""ebm"",""ebm"",""ebm"",""ebm"",""ebm""]"
pilot3,conc_0.75_r0,tabpfn35,0.0877550292844409,0.0877550292844409,"[""ebm"",""ebm"",""ebm"",""ebm"",""ebm""]","[""ebm"",""ebm"",""ebm"",""ebm"",""ebm""]"
pilot3,conc_0.75_r0,tabicl2,0.08068684256919545,0.08068684256919545,"[""ebm"",""ebm"",""ebm"",""ebm"",""ebm""]","[""ebm"",""ebm"",""ebm"",""ebm"",""ebm""]"
pilot3,conc_0.75_r0,tabpfn2,0.009083348024524374,0.009083348024524374,"[""ebm"",""ebm"",""ebm"",""ebm"",""ebm""]","[""ebm"",""ebm"",""ebm"",""ebm"",""ebm""]"
pilot3,disp_0.75_r0,tabpfn35,0.08377665471783124,0.08377665471783124,"[""ebm"",""ebm"",""ebm"",""ebm"",""ebm""]","[""ebm"",""ebm"",""ebm"",""ebm"",""ebm""]"
pilot3,disp_0.75_r0,tabicl2,0.07125306066482529,0.07125306066482529,"[""ebm"",""ebm"",""ebm"",""ebm"",""ebm""]","[""ebm"",""ebm"",""ebm"",""ebm"",""ebm""]"
pilot3,disp_0.75_r0,tabpfn2,0.013147479971009512,0.013147479971009512,"[""ebm"",""ebm"",""ebm"",""ebm"",""ebm""]","[""ebm"",""ebm"",""ebm"",""ebm"",""ebm""]"
pilot3,dispn_0.75_r0,tabpfn35,0.0886900158664865,0.0886900158664865,"[""ebm"",""ebm"",""ebm"",""ebm"",""ebm""]","[""ebm"",""ebm"",""ebm"",""ebm"",""ebm""]"
pilot3,dispn_0.75_r0,tabicl2,0.06864531546884489,0.06864531546884489,"[""ebm"",""ebm"",""ebm"",""ebm"",""ebm""]","[""ebm"",""ebm"",""ebm"",""ebm"",""ebm""]"
pilot3,dispn_0.75_r0,tabpfn2,-0.0013769759652111357,-0.0013769759652111357,"[""ebm"",""ebm"",""ebm"",""ebm"",""ebm""]","[""ebm"",""ebm"",""ebm"",""ebm"",""ebm""]"
pilot3,conc_0.85_r0,tabpfn35,0.06553317270964332,0.06553317270964332,"[""ebm"",""ebm"",""ebm"",""ebm"",""ebm""]","[""ebm"",""ebm"",""ebm"",""ebm"",""ebm""]"
pilot3,conc_0.85_r0,tabicl2,0.05890576090576083,0.05890576090576083,"[""ebm"",""ebm"",""ebm"",""ebm"",""ebm""]","[""ebm"",""ebm"",""ebm"",""ebm"",""ebm""]"
pilot3,conc_0.85_r0,tabpfn2,0.005274725274725278,0.005274725274725278,"[""ebm"",""ebm"",""ebm"",""ebm"",""ebm""]","[""ebm"",""ebm"",""ebm"",""ebm"",""ebm""]"
pilot3,disp_0.85_r0,tabpfn35,0.06422420716538357,0.06422420716538357,"[""ebm"",""ebm"",""ebm"",""ebm"",""ebm""]","[""ebm"",""ebm"",""ebm"",""ebm"",""ebm""]"
pilot3,disp_0.85_r0,tabicl2,0.053893557422969196,0.053893557422969196,"[""ebm"",""ebm"",""ebm"",""ebm"",""ebm""]","[""ebm"",""ebm"",""ebm"",""ebm"",""ebm""]"
pilot3,disp_0.85_r0,tabpfn2,0.009076805547393652,0.009076805547393652,"[""ebm"",""ebm"",""ebm"",""ebm"",""ebm""]","[""ebm"",""ebm"",""ebm"",""ebm"",""ebm""]"
pilot3,dispn_0.85_r0,tabpfn35,0.06854768760651142,0.06854768760651142,"[""ebm"",""ebm"",""ebm"",""ebm"",""ebm""]","[""ebm"",""ebm"",""ebm"",""ebm"",""ebm""]"
pilot3,dispn_0.85_r0,tabicl2,0.049904722728252304,0.049904722728252304,"[""ebm"",""ebm"",""ebm"",""ebm"",""ebm""]","[""ebm"",""ebm"",""ebm"",""ebm"",""ebm""]"
pilot3,dispn_0.85_r0,tabpfn2,0.0019146343852227687,0.0019146343852227687,"[""ebm"",""ebm"",""ebm"",""ebm"",""ebm""]","[""ebm"",""ebm"",""ebm"",""ebm"",""ebm""]"
pilot3,conc_0.95_r0,tabpfn35,0.030286223580341387,0.030286223580341387,"[""ebm"",""ebm"",""ebm"",""ebm"",""ebm""]","[""ebm"",""ebm"",""ebm"",""ebm"",""ebm""]"
pilot3,conc_0.95_r0,tabicl2,0.02649871696930517,0.02649871696930517,"[""ebm"",""ebm"",""ebm"",""ebm"",""ebm""]","[""ebm"",""ebm"",""ebm"",""ebm"",""ebm""]"
pilot3,conc_0.95_r0,tabpfn2,0.004481087539910944,0.004481087539910944,"[""ebm"",""ebm"",""ebm"",""ebm"",""ebm""]","[""ebm"",""ebm"",""ebm"",""ebm"",""ebm""]"
pilot3,disp_0.95_r0,tabpfn35,0.024357250592544788,0.024357250592544788,"[""ebm"",""ebm"",""ebm"",""ebm"",""ebm""]","[""ebm"",""ebm"",""ebm"",""ebm"",""ebm""]"
pilot3,disp_0.95_r0,tabicl2,0.018685941509470894,0.018685941509470894,"[""ebm"",""ebm"",""ebm"",""ebm"",""ebm""]","[""ebm"",""ebm"",""ebm"",""ebm"",""ebm""]"
pilot3,disp_0.95_r0,tabpfn2,0.0013835184423419689,0.0013835184423419689,"[""ebm"",""ebm"",""ebm"",""ebm"",""ebm""]","[""ebm"",""ebm"",""ebm"",""ebm"",""ebm""]"
pilot3,dispn_0.95_r0,tabpfn35,0.03175596952067561,0.03175596952067561,"[""ebm"",""lr"",""ebm"",""ebm"",""ebm""]","[""ebm"",""lr"",""ebm"",""ebm"",""ebm""]"
pilot3,dispn_0.95_r0,tabicl2,0.023188419423713635,0.023188419423713635,"[""ebm"",""lr"",""ebm"",""ebm"",""ebm""]","[""ebm"",""lr"",""ebm"",""ebm"",""ebm""]"
pilot3,dispn_0.95_r0,tabpfn2,0.006481949423126077,0.006481949423126077,"[""ebm"",""lr"",""ebm"",""ebm"",""ebm""]","[""ebm"",""lr"",""ebm"",""ebm"",""ebm""]"
pilot4,noise_r0,tabpfn35,0.10273437500000004,0.13151041666666685,"[""catboost"",""catboost"",""catboost"",""catboost"",""catboost""]","[""ebm"",""ebm"",""ebm"",""ebm"",""ebm""]"
pilot4,noise_r0,tabicl2,0.0917751736111111,0.1205512152777779,"[""catboost"",""catboost"",""catboost"",""catboost"",""catboost""]","[""ebm"",""ebm"",""ebm"",""ebm"",""ebm""]"
pilot4,noise_r0,tabpfn2,0.09003906250000004,0.11881510416666685,"[""catboost"",""catboost"",""catboost"",""catboost"",""catboost""]","[""ebm"",""ebm"",""ebm"",""ebm"",""ebm""]"
pilot4,conc_0.65_r0,tabpfn35,0.11004774305555554,0.1352647569444445,"[""catboost"",""catboost"",""catboost"",""catboost"",""catboost""]","[""ebm"",""ebm"",""ebm"",""ebm"",""ebm""]"
pilot4,conc_0.65_r0,tabicl2,0.09511718749999998,0.12033420138888895,"[""catboost"",""catboost"",""catboost"",""catboost"",""catboost""]","[""ebm"",""ebm"",""ebm"",""ebm"",""ebm""]"
pilot4,conc_0.65_r0,tabpfn2,0.0914279513888887,0.11664496527777768,"[""catboost"",""catboost"",""catboost"",""catboost"",""catboost""]","[""ebm"",""ebm"",""ebm"",""ebm"",""ebm""]"
pilot4,disp_0.65_r0,tabpfn35,0.09791666666666676,0.1201388888888889,"[""catboost"",""catboost"",""catboost"",""catboost"",""catboost""]","[""ebm"",""ebm"",""ebm"",""ebm"",""ebm""]"
pilot4,disp_0.65_r0,tabicl2,0.07467447916666659,0.09689670138888873,"[""catboost"",""catboost"",""catboost"",""catboost"",""catboost""]","[""ebm"",""ebm"",""ebm"",""ebm"",""ebm""]"
pilot4,disp_0.65_r0,tabpfn2,0.08196614583333339,0.10418836805555554,"[""catboost"",""catboost"",""catboost"",""catboost"",""catboost""]","[""ebm"",""ebm"",""ebm"",""ebm"",""ebm""]"
pilot4,dispn_0.65_r0,tabpfn35,0.1011718749999998,0.13372395833333328,"[""catboost"",""catboost"",""catboost"",""catboost"",""catboost""]","[""ebm"",""ebm"",""ebm"",""ebm"",""ebm""]"
pilot4,dispn_0.65_r0,tabicl2,0.07473958333333319,0.10729166666666667,"[""catboost"",""catboost"",""catboost"",""catboost"",""catboost""]","[""ebm"",""ebm"",""ebm"",""ebm"",""ebm""]"
pilot4,dispn_0.65_r0,tabpfn2,0.08444010416666659,0.11699218750000007,"[""catboost"",""catboost"",""catboost"",""catboost"",""catboost""]","[""ebm"",""ebm"",""ebm"",""ebm"",""ebm""]"
pilot4,conc_0.75_r0,tabpfn35,0.09793836805555556,0.11890190972222203,"[""catboost"",""catboost"",""catboost"",""catboost"",""catboost""]","[""ebm"",""ebm"",""ebm"",""ebm"",""ebm""]"
pilot4,conc_0.75_r0,tabicl2,0.08289930555555569,0.10386284722222217,"[""catboost"",""catboost"",""catboost"",""catboost"",""catboost""]","[""ebm"",""ebm"",""ebm"",""ebm"",""ebm""]"
pilot4,conc_0.75_r0,tabpfn2,0.07879774305555576,0.09976128472222223,"[""catboost"",""catboost"",""catboost"",""catboost"",""catboost""]","[""ebm"",""ebm"",""ebm"",""ebm"",""ebm""]"
pilot4,disp_0.75_r0,tabpfn35,0.09051649305555576,0.10321180555555576,"[""catboost"",""catboost"",""catboost"",""catboost"",""catboost""]","[""ebm"",""ebm"",""ebm"",""ebm"",""ebm""]"
pilot4,disp_0.75_r0,tabicl2,0.05481770833333344,0.06751302083333344,"[""catboost"",""catboost"",""catboost"",""catboost"",""catboost""]","[""ebm"",""ebm"",""ebm"",""ebm"",""ebm""]"
pilot4,disp_0.75_r0,tabpfn2,0.07176649305555571,0.08446180555555571,"[""catboost"",""catboost"",""catboost"",""catboost"",""catboost""]","[""ebm"",""ebm"",""ebm"",""ebm"",""ebm""]"
pilot4,dispn_0.75_r0,tabpfn35,0.08908420138888873,0.11729600694444442,"[""catboost"",""catboost"",""catboost"",""catboost"",""catboost""]","[""ebm"",""ebm"",""ebm"",""ebm"",""ebm""]"
pilot4,dispn_0.75_r0,tabicl2,0.048893229166666385,0.07710503472222208,"[""catboost"",""catboost"",""catboost"",""catboost"",""catboost""]","[""ebm"",""ebm"",""ebm"",""ebm"",""ebm""]"
pilot4,dispn_0.75_r0,tabpfn2,0.07102864583333324,0.09924045138888893,"[""catboost"",""catboost"",""catboost"",""catboost"",""catboost""]","[""ebm"",""ebm"",""ebm"",""ebm"",""ebm""]"
pilot4,conc_0.85_r0,tabpfn35,0.07402343749999996,0.08830295138888877,"[""catboost"",""catboost"",""catboost"",""catboost"",""catboost""]","[""ebm"",""ebm"",""ebm"",""ebm"",""ebm""]"
pilot4,conc_0.85_r0,tabicl2,0.0605034722222223,0.07478298611111112,"[""catboost"",""catboost"",""catboost"",""catboost"",""catboost""]","[""ebm"",""ebm"",""ebm"",""ebm"",""ebm""]"
pilot4,conc_0.85_r0,tabpfn2,0.05930989583333335,0.07358940972222217,"[""catboost"",""catboost"",""catboost"",""catboost"",""catboost""]","[""ebm"",""ebm"",""ebm"",""ebm"",""ebm""]"
pilot4,disp_0.85_r0,tabpfn35,0.07144097222222223,0.07829861111111125,"[""catboost"",""catboost"",""catboost"",""catboost"",""catboost""]","[""ebm"",""ebm"",""ebm"",""ebm"",""ebm""]"
pilot4,disp_0.85_r0,tabicl2,0.03747829861111107,0.04433593750000009,"[""catboost"",""catboost"",""catboost"",""catboost"",""catboost""]","[""ebm"",""ebm"",""ebm"",""ebm"",""ebm""]"
pilot4,disp_0.85_r0,tabpfn2,0.05729166666666652,0.06414930555555554,"[""catboost"",""catboost"",""catboost"",""catboost"",""catboost""]","[""ebm"",""ebm"",""ebm"",""ebm"",""ebm""]"
pilot4,dispn_0.85_r0,tabpfn35,0.07567274305555571,0.08708767361111125,"[""catboost"",""catboost"",""catboost"",""catboost"",""catboost""]","[""ebm"",""ebm"",""ebm"",""ebm"",""ebm""]"
pilot4,dispn_0.85_r0,tabicl2,0.03934461805555556,0.050759548611111094,"[""catboost"",""catboost"",""catboost"",""catboost"",""catboost""]","[""ebm"",""ebm"",""ebm"",""ebm"",""ebm""]"
pilot4,dispn_0.85_r0,tabpfn2,0.06130642361111105,0.07272135416666659,"[""catboost"",""catboost"",""catboost"",""catboost"",""catboost""]","[""ebm"",""ebm"",""ebm"",""ebm"",""ebm""]"
pilot4,conc_0.95_r0,tabpfn35,0.035568576388888995,0.039800347222222365,"[""catboost"",""catboost"",""catboost"",""catboost"",""ebm""]","[""ebm"",""ebm"",""ebm"",""ebm"",""ebm""]"
pilot4,conc_0.95_r0,tabicl2,0.027365451388888906,0.031597222222222276,"[""catboost"",""catboost"",""catboost"",""catboost"",""ebm""]","[""ebm"",""ebm"",""ebm"",""ebm"",""ebm""]"
pilot4,conc_0.95_r0,tabpfn2,0.029926215277777724,0.034157986111111094,"[""catboost"",""catboost"",""catboost"",""catboost"",""ebm""]","[""ebm"",""ebm"",""ebm"",""ebm"",""ebm""]"
pilot4,disp_0.95_r0,tabpfn35,0.0341362847222223,0.03428819444444442,"[""ebm"",""catboost"",""ebm"",""ebm"",""ebm""]","[""ebm"",""ebm"",""ebm"",""ebm"",""ebm""]"
pilot4,disp_0.95_r0,tabicl2,0.016840277777777857,0.016992187499999978,"[""ebm"",""catboost"",""ebm"",""ebm"",""ebm""]","[""ebm"",""ebm"",""ebm"",""ebm"",""ebm""]"
pilot4,disp_0.95_r0,tabpfn2,0.027170138888888973,0.027322048611111094,"[""ebm"",""catboost"",""ebm"",""ebm"",""ebm""]","[""ebm"",""ebm"",""ebm"",""ebm"",""ebm""]"
pilot4,dispn_0.95_r0,tabpfn35,0.035177951388888906,0.03652343749999998,"[""ebm"",""catboost"",""ebm"",""ebm"",""ebm""]","[""ebm"",""ebm"",""ebm"",""ebm"",""ebm""]"
pilot4,dispn_0.95_r0,tabicl2,0.017165798611111227,0.0185112847222223,"[""ebm"",""catboost"",""ebm"",""ebm"",""ebm""]","[""ebm"",""ebm"",""ebm"",""ebm"",""ebm""]"
pilot4,dispn_0.95_r0,tabpfn2,0.02897135416666674,0.030316840277777812,"[""ebm"",""catboost"",""ebm"",""ebm"",""ebm""]","[""ebm"",""ebm"",""ebm"",""ebm"",""ebm""]"
pilot5,noise_r0,tabpfn35,0.04994477625605076,0.07573551572678994,"[""catboost"",""catboost"",""catboost"",""catboost"",""catboost""]","[""ebm"",""ebm"",""ebm"",""ebm"",""ebm""]"
pilot5,noise_r0,tabicl2,0.04473477959975625,0.07052551907049542,"[""catboost"",""catboost"",""catboost"",""catboost"",""catboost""]","[""ebm"",""ebm"",""ebm"",""ebm"",""ebm""]"
pilot5,noise_r0,tabpfn2,0.040246736190723276,0.06603747566146245,"[""catboost"",""catboost"",""catboost"",""catboost"",""catboost""]","[""ebm"",""ebm"",""ebm"",""ebm"",""ebm""]"
pilot5,conc_0.65_r0,tabpfn35,0.049016435905484435,0.06542565003229961,"[""catboost"",""catboost"",""catboost"",""catboost"",""catboost""]","[""ebm"",""ebm"",""ebm"",""ebm"",""ebm""]"
pilot5,conc_0.65_r0,tabicl2,0.04269764257378905,0.05910685670060423,"[""catboost"",""catboost"",""catboost"",""catboost"",""catboost""]","[""ebm"",""ebm"",""ebm"",""ebm"",""ebm""]"
pilot5,conc_0.65_r0,tabpfn2,0.036080432043163246,0.05248964616997842,"[""catboost"",""catboost"",""catboost"",""catboost"",""catboost""]","[""ebm"",""ebm"",""ebm"",""ebm"",""ebm""]"
pilot5,disp_0.65_r0,tabpfn35,0.05302529302916992,0.07381093732940269,"[""catboost"",""catboost"",""catboost"",""catboost"",""catboost""]","[""ebm"",""ebm"",""ebm"",""ebm"",""ebm""]"
pilot5,disp_0.65_r0,tabicl2,0.04755677049213891,0.06834241479237169,"[""catboost"",""catboost"",""catboost"",""catboost"",""catboost""]","[""ebm"",""ebm"",""ebm"",""ebm"",""ebm""]"
pilot5,disp_0.65_r0,tabpfn2,0.043054453781799396,0.06384009808203217,"[""catboost"",""catboost"",""catboost"",""catboost"",""catboost""]","[""ebm"",""ebm"",""ebm"",""ebm"",""ebm""]"
pilot5,dispn_0.65_r0,tabpfn35,0.05500930323543329,0.07005727233231429,"[""catboost"",""catboost"",""catboost"",""catboost"",""catboost""]","[""ebm"",""ebm"",""ebm"",""ebm"",""ebm""]"
pilot5,dispn_0.65_r0,tabicl2,0.046835627581704786,0.061883596678585784,"[""catboost"",""catboost"",""catboost"",""catboost"",""catboost""]","[""ebm"",""ebm"",""ebm"",""ebm"",""ebm""]"
pilot5,dispn_0.65_r0,tabpfn2,0.043099747345507256,0.05814771644238825,"[""catboost"",""catboost"",""catboost"",""catboost"",""catboost""]","[""ebm"",""ebm"",""ebm"",""ebm"",""ebm""]"
pilot5,conc_0.75_r0,tabpfn35,0.0485791667803982,0.0608435080362667,"[""catboost"",""catboost"",""catboost"",""catboost"",""catboost""]","[""ebm"",""ebm"",""ebm"",""ebm"",""ebm""]"
pilot5,conc_0.75_r0,tabicl2,0.03990838502429295,0.05217272628016145,"[""catboost"",""catboost"",""catboost"",""catboost"",""catboost""]","[""ebm"",""ebm"",""ebm"",""ebm"",""ebm""]"
pilot5,conc_0.75_r0,tabpfn2,0.03403010216499247,0.046294443420860976,"[""catboost"",""catboost"",""catboost"",""catboost"",""catboost""]","[""ebm"",""ebm"",""ebm"",""ebm"",""ebm""]"
pilot5,disp_0.75_r0,tabpfn35,0.05577884600074601,0.07185524626278339,"[""catboost"",""catboost"",""catboost"",""catboost"",""catboost""]","[""ebm"",""ebm"",""ebm"",""ebm"",""ebm""]"
pilot5,disp_0.75_r0,tabicl2,0.04579342069048664,0.061869820952524024,"[""catboost"",""catboost"",""catboost"",""catboost"",""catboost""]","[""ebm"",""ebm"",""ebm"",""ebm"",""ebm""]"
pilot5,disp_0.75_r0,tabpfn2,0.04173039894730146,0.057806799209338844,"[""catboost"",""catboost"",""catboost"",""catboost"",""catboost""]","[""ebm"",""ebm"",""ebm"",""ebm"",""ebm""]"
pilot5,dispn_0.75_r0,tabpfn35,0.05814713356852985,0.06726828489509373,"[""catboost"",""catboost"",""catboost"",""catboost"",""catboost""]","[""ebm"",""ebm"",""ebm"",""ebm"",""ebm""]"
pilot5,dispn_0.75_r0,tabicl2,0.04362661555573755,0.05274776688230143,"[""catboost"",""catboost"",""catboost"",""catboost"",""catboost""]","[""ebm"",""ebm"",""ebm"",""ebm"",""ebm""]"
pilot5,dispn_0.75_r0,tabpfn2,0.04444915008461603,0.05357030141117991,"[""catboost"",""catboost"",""catboost"",""catboost"",""catboost""]","[""ebm"",""ebm"",""ebm"",""ebm"",""ebm""]"
pilot5,conc_0.85_r0,tabpfn35,0.041738459666266436,0.04434222116451936,"[""catboost"",""catboost"",""catboost"",""catboost"",""catboost""]","[""ebm"",""ebm"",""ebm"",""ebm"",""ebm""]"
pilot5,conc_0.85_r0,tabicl2,0.03450361609255015,0.03710737759080307,"[""catboost"",""catboost"",""catboost"",""catboost"",""catboost""]","[""ebm"",""ebm"",""ebm"",""ebm"",""ebm""]"
pilot5,conc_0.85_r0,tabpfn2,0.031394915235924636,0.03399867673417756,"[""catboost"",""catboost"",""catboost"",""catboost"",""catboost""]","[""ebm"",""ebm"",""ebm"",""ebm"",""ebm""]"
pilot5,disp_0.85_r0,tabpfn35,0.04900833253721293,0.05413989711849909,"[""catboost"",""catboost"",""catboost"",""catboost"",""ebm""]","[""ebm"",""ebm"",""ebm"",""ebm"",""ebm""]"
pilot5,disp_0.85_r0,tabicl2,0.036818776840630285,0.04195034142191645,"[""catboost"",""catboost"",""catboost"",""catboost"",""ebm""]","[""ebm"",""ebm"",""ebm"",""ebm"",""ebm""]"
pilot5,disp_0.85_r0,tabpfn2,0.03676528750181962,0.041896852083105784,"[""catboost"",""catboost"",""catboost"",""catboost"",""ebm""]","[""ebm"",""ebm"",""ebm"",""ebm"",""ebm""]"
pilot5,dispn_0.85_r0,tabpfn35,0.051723614864250034,0.05476455308075856,"[""catboost"",""catboost"",""catboost"",""catboost"",""catboost""]","[""ebm"",""ebm"",""ebm"",""ebm"",""ebm""]"
pilot5,dispn_0.85_r0,tabicl2,0.036502574880809435,0.03954351309731796,"[""catboost"",""catboost"",""catboost"",""catboost"",""catboost""]","[""ebm"",""ebm"",""ebm"",""ebm"",""ebm""]"
pilot5,dispn_0.85_r0,tabpfn2,0.03974260716917777,0.042783545385686295,"[""catboost"",""catboost"",""catboost"",""catboost"",""catboost""]","[""ebm"",""ebm"",""ebm"",""ebm"",""ebm""]"
pilot5,conc_0.95_r0,tabpfn35,0.01911504252420204,0.017892201602703994,"[""catboost"",""ebm"",""ebm"",""ebm"",""ebm""]","[""ebm"",""ebm"",""ebm"",""ebm"",""ebm""]"
pilot5,conc_0.95_r0,tabicl2,0.01553886261691595,0.014316021695417902,"[""catboost"",""ebm"",""ebm"",""ebm"",""ebm""]","[""ebm"",""ebm"",""ebm"",""ebm"",""ebm""]"
pilot5,conc_0.95_r0,tabpfn2,0.015106725625068318,0.01388388470357027,"[""catboost"",""ebm"",""ebm"",""ebm"",""ebm""]","[""ebm"",""ebm"",""ebm"",""ebm"",""ebm""]"
pilot5,disp_0.95_r0,tabpfn35,0.02306433278287301,0.02306433278287301,"[""ebm"",""ebm"",""ebm"",""ebm"",""ebm""]","[""ebm"",""ebm"",""ebm"",""ebm"",""ebm""]"
pilot5,disp_0.95_r0,tabicl2,0.016172254578829537,0.016172254578829537,"[""ebm"",""ebm"",""ebm"",""ebm"",""ebm""]","[""ebm"",""ebm"",""ebm"",""ebm"",""ebm""]"
pilot5,disp_0.95_r0,tabpfn2,0.018052214693198065,0.018052214693198065,"[""ebm"",""ebm"",""ebm"",""ebm"",""ebm""]","[""ebm"",""ebm"",""ebm"",""ebm"",""ebm""]"
pilot5,dispn_0.95_r0,tabpfn35,0.02614178591412819,0.02614178591412819,"[""ebm"",""ebm"",""ebm"",""ebm"",""ebm""]","[""ebm"",""ebm"",""ebm"",""ebm"",""ebm""]"
pilot5,dispn_0.95_r0,tabicl2,0.017766990346471556,0.017766990346471556,"[""ebm"",""ebm"",""ebm"",""ebm"",""ebm""]","[""ebm"",""ebm"",""ebm"",""ebm"",""ebm""]"
pilot5,dispn_0.95_r0,tabpfn2,0.02060599831222476,0.02060599831222476,"[""ebm"",""ebm"",""ebm"",""ebm"",""ebm""]","[""ebm"",""ebm"",""ebm"",""ebm"",""ebm""]"
pilot6,noise_r0,tabpfn35,0.07759186525231188,0.10479178347800933,"[""lgbm"",""catboost"",""catboost"",""catboost"",""catboost""]","[""ebm"",""ebm"",""ebm"",""ebm"",""ebm""]"
pilot6,noise_r0,tabicl2,0.07327230847347355,0.100472226699171,"[""lgbm"",""catboost"",""catboost"",""catboost"",""catboost""]","[""ebm"",""ebm"",""ebm"",""ebm"",""ebm""]"
pilot6,noise_r0,tabpfn2,0.0743336599770642,0.10153357820276165,"[""lgbm"",""catboost"",""catboost"",""catboost"",""catboost""]","[""ebm"",""ebm"",""ebm"",""ebm"",""ebm""]"
pilot6,conc_0.65_r0,tabpfn35,0.07377437455638314,0.09917444371656448,"[""catboost"",""catboost"",""catboost"",""catboost"",""catboost""]","[""ebm"",""ebm"",""ebm"",""ebm"",""ebm""]"
pilot6,conc_0.65_r0,tabicl2,0.06160960951706296,0.0870096786772443,"[""catboost"",""catboost"",""catboost"",""catboost"",""catboost""]","[""ebm"",""ebm"",""ebm"",""ebm"",""ebm""]"
pilot6,conc_0.65_r0,tabpfn2,0.06569358393325608,0.09109365309343742,"[""catboost"",""catboost"",""catboost"",""catboost"",""catboost""]","[""ebm"",""ebm"",""ebm"",""ebm"",""ebm""]"
pilot6,disp_0.65_r0,tabpfn35,0.07318198053825287,0.09428970628949074,"[""catboost"",""catboost"",""catboost"",""catboost"",""lgbm""]","[""ebm"",""ebm"",""ebm"",""ebm"",""ebm""]"
pilot6,disp_0.65_r0,tabicl2,0.0641882718195953,0.08529599757083317,"[""catboost"",""catboost"",""catboost"",""catboost"",""lgbm""]","[""ebm"",""ebm"",""ebm"",""ebm"",""ebm""]"
pilot6,disp_0.65_r0,tabpfn2,0.06826550189186353,0.0893732276431014,"[""catboost"",""catboost"",""catboost"",""catboost"",""lgbm""]","[""ebm"",""ebm"",""ebm"",""ebm"",""ebm""]"
pilot6,dispn_0.65_r0,tabpfn35,0.07376223473731824,0.10410672240571939,"[""catboost"",""catboost"",""catboost"",""catboost"",""lgbm""]","[""ebm"",""ebm"",""ebm"",""ebm"",""ebm""]"
pilot6,dispn_0.65_r0,tabicl2,0.06433731834983025,0.0946818060182314,"[""catboost"",""catboost"",""catboost"",""catboost"",""lgbm""]","[""ebm"",""ebm"",""ebm"",""ebm"",""ebm""]"
pilot6,dispn_0.65_r0,tabpfn2,0.0693389839598445,0.09968347162824565,"[""catboost"",""catboost"",""catboost"",""catboost"",""lgbm""]","[""ebm"",""ebm"",""ebm"",""ebm"",""ebm""]"
pilot6,conc_0.75_r0,tabpfn35,0.06906884001587899,0.0843090513352619,"[""catboost"",""catboost"",""catboost"",""catboost"",""catboost""]","[""ebm"",""ebm"",""ebm"",""ebm"",""ebm""]"
pilot6,conc_0.75_r0,tabicl2,0.056304700620308235,0.07154491193969115,"[""catboost"",""catboost"",""catboost"",""catboost"",""catboost""]","[""ebm"",""ebm"",""ebm"",""ebm"",""ebm""]"
pilot6,conc_0.75_r0,tabpfn2,0.0589453923776001,0.07418560369698302,"[""catboost"",""catboost"",""catboost"",""catboost"",""catboost""]","[""ebm"",""ebm"",""ebm"",""ebm"",""ebm""]"
pilot6,disp_0.75_r0,tabpfn35,0.0633475517522547,0.08107818205434425,"[""catboost"",""catboost"",""catboost"",""catboost"",""catboost""]","[""ebm"",""ebm"",""ebm"",""ebm"",""ebm""]"
pilot6,disp_0.75_r0,tabicl2,0.05026227515710857,0.06799290545919812,"[""catboost"",""catboost"",""catboost"",""catboost"",""catboost""]","[""ebm"",""ebm"",""ebm"",""ebm"",""ebm""]"
pilot6,disp_0.75_r0,tabpfn2,0.0552666385046926,0.07299726880678215,"[""catboost"",""catboost"",""catboost"",""catboost"",""catboost""]","[""ebm"",""ebm"",""ebm"",""ebm"",""ebm""]"
pilot6,dispn_0.75_r0,tabpfn35,0.0673508670542432,0.08695574243519444,"[""catboost"",""catboost"",""catboost"",""catboost"",""catboost""]","[""ebm"",""ebm"",""ebm"",""ebm"",""ebm""]"
pilot6,dispn_0.75_r0,tabicl2,0.050900502949904336,0.07050537833085557,"[""catboost"",""catboost"",""catboost"",""catboost"",""catboost""]","[""ebm"",""ebm"",""ebm"",""ebm"",""ebm""]"
pilot6,dispn_0.75_r0,tabpfn2,0.059140150058066054,0.07874502543901729,"[""catboost"",""catboost"",""catboost"",""catboost"",""catboost""]","[""ebm"",""ebm"",""ebm"",""ebm"",""ebm""]"
pilot6,conc_0.85_r0,tabpfn35,0.05602989694781313,0.058338170057510075,"[""ebm"",""catboost"",""catboost"",""catboost"",""catboost""]","[""ebm"",""ebm"",""ebm"",""ebm"",""ebm""]"
pilot6,conc_0.85_r0,tabicl2,0.045100413447948684,0.04740868655764563,"[""ebm"",""catboost"",""catboost"",""catboost"",""catboost""]","[""ebm"",""ebm"",""ebm"",""ebm"",""ebm""]"
pilot6,conc_0.85_r0,tabpfn2,0.04741248791513053,0.049720761024827476,"[""ebm"",""catboost"",""catboost"",""catboost"",""catboost""]","[""ebm"",""ebm"",""ebm"",""ebm"",""ebm""]"
pilot6,disp_0.85_r0,tabpfn35,0.05125817297643398,0.056888633552423795,"[""ebm"",""ebm"",""catboost"",""catboost"",""catboost""]","[""ebm"",""ebm"",""ebm"",""ebm"",""ebm""]"
pilot6,disp_0.85_r0,tabicl2,0.038348297910372975,0.04397875848636279,"[""ebm"",""ebm"",""catboost"",""catboost"",""catboost""]","[""ebm"",""ebm"",""ebm"",""ebm"",""ebm""]"
pilot6,disp_0.85_r0,tabpfn2,0.04192984762502594,0.047560308201015755,"[""ebm"",""ebm"",""catboost"",""catboost"",""catboost""]","[""ebm"",""ebm"",""ebm"",""ebm"",""ebm""]"
pilot6,dispn_0.85_r0,tabpfn35,0.05165395143822504,0.061577368545333244,"[""ebm"",""catboost"",""catboost"",""catboost"",""catboost""]","[""ebm"",""ebm"",""ebm"",""ebm"",""ebm""]"
pilot6,dispn_0.85_r0,tabicl2,0.03740767594720773,0.04733109305431593,"[""ebm"",""catboost"",""catboost"",""catboost"",""catboost""]","[""ebm"",""ebm"",""ebm"",""ebm"",""ebm""]"
pilot6,dispn_0.85_r0,tabpfn2,0.043923473375528266,0.05384689048263647,"[""ebm"",""catboost"",""catboost"",""catboost"",""catboost""]","[""ebm"",""ebm"",""ebm"",""ebm"",""ebm""]"
pilot6,conc_0.95_r0,tabpfn35,0.030073117480085343,0.025931169470162052,"[""ebm"",""catboost"",""ebm"",""lgbm"",""ebm""]","[""ebm"",""ebm"",""ebm"",""ebm"",""ebm""]"
pilot6,conc_0.95_r0,tabicl2,0.023583797675049922,0.01944184966512663,"[""ebm"",""catboost"",""ebm"",""lgbm"",""ebm""]","[""ebm"",""ebm"",""ebm"",""ebm"",""ebm""]"
pilot6,conc_0.95_r0,tabpfn2,0.025437573727941643,0.02129562571801835,"[""ebm"",""catboost"",""ebm"",""lgbm"",""ebm""]","[""ebm"",""ebm"",""ebm"",""ebm"",""ebm""]"
pilot6,disp_0.95_r0,tabpfn35,0.023207252740205186,0.023271970677860132,"[""ebm"",""ebm"",""ebm"",""ebm"",""catboost""]","[""ebm"",""ebm"",""ebm"",""ebm"",""ebm""]"
pilot6,disp_0.95_r0,tabicl2,0.016116351339089174,0.01618106927674412,"[""ebm"",""ebm"",""ebm"",""ebm"",""catboost""]","[""ebm"",""ebm"",""ebm"",""ebm"",""ebm""]"
pilot6,disp_0.95_r0,tabpfn2,0.01579913812143363,0.015863856059088577,"[""ebm"",""ebm"",""ebm"",""ebm"",""catboost""]","[""ebm"",""ebm"",""ebm"",""ebm"",""ebm""]"
pilot6,dispn_0.95_r0,tabpfn35,0.02563392552606214,0.02591436992256746,"[""ebm"",""ebm"",""ebm"",""ebm"",""catboost""]","[""ebm"",""ebm"",""ebm"",""ebm"",""ebm""]"
pilot6,dispn_0.95_r0,tabicl2,0.018025525872575776,0.018305970269081095,"[""ebm"",""ebm"",""ebm"",""ebm"",""catboost""]","[""ebm"",""ebm"",""ebm"",""ebm"",""ebm""]"
pilot6,dispn_0.95_r0,tabpfn2,0.01837914929275075,0.01865959368925607,"[""ebm"",""ebm"",""ebm"",""ebm"",""catboost""]","[""ebm"",""ebm"",""ebm"",""ebm"",""ebm""]"
pilot7,noise_r0,tabpfn35,0.06705905427542869,0.06705905427542869,"[""ebm"",""ebm"",""ebm"",""ebm"",""ebm""]","[""ebm"",""ebm"",""ebm"",""ebm"",""ebm""]"
pilot7,noise_r0,tabicl2,0.062119119675002055,0.062119119675002055,"[""ebm"",""ebm"",""ebm"",""ebm"",""ebm""]","[""ebm"",""ebm"",""ebm"",""ebm"",""ebm""]"
pilot7,noise_r0,tabpfn2,0.03127892738257876,0.03127892738257876,"[""ebm"",""ebm"",""ebm"",""ebm"",""ebm""]","[""ebm"",""ebm"",""ebm"",""ebm"",""ebm""]"
pilot7,conc_0.65_r0,tabpfn35,0.06408454782460837,0.06408454782460837,"[""ebm"",""ebm"",""ebm"",""ebm"",""ebm""]","[""ebm"",""ebm"",""ebm"",""ebm"",""ebm""]"
pilot7,conc_0.65_r0,tabicl2,0.05829877402953032,0.05829877402953032,"[""ebm"",""ebm"",""ebm"",""ebm"",""ebm""]","[""ebm"",""ebm"",""ebm"",""ebm"",""ebm""]"
pilot7,conc_0.65_r0,tabpfn2,0.03144211031037636,0.03144211031037636,"[""ebm"",""ebm"",""ebm"",""ebm"",""ebm""]","[""ebm"",""ebm"",""ebm"",""ebm"",""ebm""]"
pilot7,disp_0.65_r0,tabpfn35,0.06289431875382034,0.06289431875382034,"[""ebm"",""ebm"",""ebm"",""ebm"",""ebm""]","[""ebm"",""ebm"",""ebm"",""ebm"",""ebm""]"
pilot7,disp_0.65_r0,tabicl2,0.05752396117972425,0.05752396117972425,"[""ebm"",""ebm"",""ebm"",""ebm"",""ebm""]","[""ebm"",""ebm"",""ebm"",""ebm"",""ebm""]"
pilot7,disp_0.65_r0,tabpfn2,0.025349427238761324,0.025349427238761324,"[""ebm"",""ebm"",""ebm"",""ebm"",""ebm""]","[""ebm"",""ebm"",""ebm"",""ebm"",""ebm""]"
pilot7,dispn_0.65_r0,tabpfn35,0.0635679630104028,0.0635679630104028,"[""ebm"",""ebm"",""ebm"",""ebm"",""ebm""]","[""ebm"",""ebm"",""ebm"",""ebm"",""ebm""]"
pilot7,dispn_0.65_r0,tabicl2,0.05534931628569972,0.05534931628569972,"[""ebm"",""ebm"",""ebm"",""ebm"",""ebm""]","[""ebm"",""ebm"",""ebm"",""ebm"",""ebm""]"
pilot7,dispn_0.65_r0,tabpfn2,0.02839663369347656,0.02839663369347656,"[""ebm"",""ebm"",""ebm"",""ebm"",""ebm""]","[""ebm"",""ebm"",""ebm"",""ebm"",""ebm""]"
pilot7,conc_0.75_r0,tabpfn35,0.05939653285259283,0.05939653285259283,"[""ebm"",""ebm"",""ebm"",""ebm"",""ebm""]","[""ebm"",""ebm"",""ebm"",""ebm"",""ebm""]"
pilot7,conc_0.75_r0,tabicl2,0.053505084459155694,0.053505084459155694,"[""ebm"",""ebm"",""ebm"",""ebm"",""ebm""]","[""ebm"",""ebm"",""ebm"",""ebm"",""ebm""]"
pilot7,conc_0.75_r0,tabpfn2,0.026215937878270368,0.026215937878270368,"[""ebm"",""ebm"",""ebm"",""ebm"",""ebm""]","[""ebm"",""ebm"",""ebm"",""ebm"",""ebm""]"
pilot7,disp_0.75_r0,tabpfn35,0.05134421506654541,0.05134421506654541,"[""ebm"",""ebm"",""ebm"",""ebm"",""ebm""]","[""ebm"",""ebm"",""ebm"",""ebm"",""ebm""]"
pilot7,disp_0.75_r0,tabicl2,0.04627677573586686,0.04627677573586686,"[""ebm"",""ebm"",""ebm"",""ebm"",""ebm""]","[""ebm"",""ebm"",""ebm"",""ebm"",""ebm""]"
pilot7,disp_0.75_r0,tabpfn2,0.014433684806415492,0.014433684806415492,"[""ebm"",""ebm"",""ebm"",""ebm"",""ebm""]","[""ebm"",""ebm"",""ebm"",""ebm"",""ebm""]"
pilot7,dispn_0.75_r0,tabpfn35,0.05316880539226254,0.05316880539226254,"[""ebm"",""ebm"",""ebm"",""ebm"",""ebm""]","[""ebm"",""ebm"",""ebm"",""ebm"",""ebm""]"
pilot7,dispn_0.75_r0,tabicl2,0.046898005204400905,0.046898005204400905,"[""ebm"",""ebm"",""ebm"",""ebm"",""ebm""]","[""ebm"",""ebm"",""ebm"",""ebm"",""ebm""]"
pilot7,dispn_0.75_r0,tabpfn2,0.01685806069778517,0.01685806069778517,"[""ebm"",""ebm"",""ebm"",""ebm"",""ebm""]","[""ebm"",""ebm"",""ebm"",""ebm"",""ebm""]"
pilot7,conc_0.85_r0,tabpfn35,0.04632256845195304,0.04632256845195304,"[""ebm"",""ebm"",""ebm"",""ebm"",""ebm""]","[""ebm"",""ebm"",""ebm"",""ebm"",""ebm""]"
pilot7,conc_0.85_r0,tabicl2,0.04119156987065409,0.04119156987065409,"[""ebm"",""ebm"",""ebm"",""ebm"",""ebm""]","[""ebm"",""ebm"",""ebm"",""ebm"",""ebm""]"
pilot7,conc_0.85_r0,tabpfn2,0.018222029622688485,0.018222029622688485,"[""ebm"",""ebm"",""ebm"",""ebm"",""ebm""]","[""ebm"",""ebm"",""ebm"",""ebm"",""ebm""]"
pilot7,disp_0.85_r0,tabpfn35,0.03464328637537595,0.03464328637537595,"[""ebm"",""ebm"",""ebm"",""ebm"",""ebm""]","[""ebm"",""ebm"",""ebm"",""ebm"",""ebm""]"
pilot7,disp_0.85_r0,tabicl2,0.030595297350459516,0.030595297350459516,"[""ebm"",""ebm"",""ebm"",""ebm"",""ebm""]","[""ebm"",""ebm"",""ebm"",""ebm"",""ebm""]"
pilot7,disp_0.85_r0,tabpfn2,-0.0006377085730294718,-0.0006377085730294718,"[""ebm"",""ebm"",""ebm"",""ebm"",""ebm""]","[""ebm"",""ebm"",""ebm"",""ebm"",""ebm""]"
pilot7,dispn_0.85_r0,tabpfn35,0.036897655959742925,0.036897655959742925,"[""ebm"",""ebm"",""ebm"",""ebm"",""ebm""]","[""ebm"",""ebm"",""ebm"",""ebm"",""ebm""]"
pilot7,dispn_0.85_r0,tabicl2,0.03277722441693931,0.03277722441693931,"[""ebm"",""ebm"",""ebm"",""ebm"",""ebm""]","[""ebm"",""ebm"",""ebm"",""ebm"",""ebm""]"
pilot7,dispn_0.85_r0,tabpfn2,0.0016090651741093032,0.0016090651741093032,"[""ebm"",""ebm"",""ebm"",""ebm"",""ebm""]","[""ebm"",""ebm"",""ebm"",""ebm"",""ebm""]"
pilot7,conc_0.95_r0,tabpfn35,0.022934835815685894,0.022934835815685894,"[""ebm"",""ebm"",""ebm"",""ebm"",""ebm""]","[""ebm"",""ebm"",""ebm"",""ebm"",""ebm""]"
pilot7,conc_0.95_r0,tabicl2,0.019816787937894764,0.019816787937894764,"[""ebm"",""ebm"",""ebm"",""ebm"",""ebm""]","[""ebm"",""ebm"",""ebm"",""ebm"",""ebm""]"
pilot7,conc_0.95_r0,tabpfn2,0.008625565907429467,0.008625565907429467,"[""ebm"",""ebm"",""ebm"",""ebm"",""ebm""]","[""ebm"",""ebm"",""ebm"",""ebm"",""ebm""]"
pilot7,disp_0.95_r0,tabpfn35,0.01642969761217772,0.01642969761217772,"[""ebm"",""ebm"",""ebm"",""ebm"",""ebm""]","[""ebm"",""ebm"",""ebm"",""ebm"",""ebm""]"
pilot7,disp_0.95_r0,tabicl2,0.014915621367106446,0.014915621367106446,"[""ebm"",""ebm"",""ebm"",""ebm"",""ebm""]","[""ebm"",""ebm"",""ebm"",""ebm"",""ebm""]"
pilot7,disp_0.95_r0,tabpfn2,-0.002132143317273738,-0.002132143317273738,"[""ebm"",""ebm"",""ebm"",""ebm"",""ebm""]","[""ebm"",""ebm"",""ebm"",""ebm"",""ebm""]"
pilot7,dispn_0.95_r0,tabpfn35,0.016258017646124556,0.016258017646124556,"[""ebm"",""ebm"",""ebm"",""ebm"",""ebm""]","[""ebm"",""ebm"",""ebm"",""ebm"",""ebm""]"
pilot7,dispn_0.95_r0,tabicl2,0.01478502680476157,0.01478502680476157,"[""ebm"",""ebm"",""ebm"",""ebm"",""ebm""]","[""ebm"",""ebm"",""ebm"",""ebm"",""ebm""]"
pilot7,dispn_0.95_r0,tabpfn2,-0.002262737879618615,-0.002262737879618615,"[""ebm"",""ebm"",""ebm"",""ebm"",""ebm""]","[""ebm"",""ebm"",""ebm"",""ebm"",""ebm""]"
pilot8,noise_r0,tabpfn35,0.03345199944781163,0.04124230019993724,"[""catboost"",""catboost"",""catboost"",""catboost"",""catboost""]","[""ebm"",""ebm"",""ebm"",""ebm"",""ebm""]"
pilot8,noise_r0,tabicl2,0.028417427339327284,0.036207728091452895,"[""catboost"",""catboost"",""catboost"",""catboost"",""catboost""]","[""ebm"",""ebm"",""ebm"",""ebm"",""ebm""]"
pilot8,noise_r0,tabpfn2,0.026631678087604027,0.03442197883972964,"[""catboost"",""catboost"",""catboost"",""catboost"",""catboost""]","[""ebm"",""ebm"",""ebm"",""ebm"",""ebm""]"
pilot8,conc_0.65_r0,tabpfn35,0.026828308587654726,0.03730838940609005,"[""catboost"",""catboost"",""catboost"",""catboost"",""catboost""]","[""ebm"",""ebm"",""ebm"",""ebm"",""ebm""]"
pilot8,conc_0.65_r0,tabicl2,0.018151674606701862,0.028631755425137184,"[""catboost"",""catboost"",""catboost"",""catboost"",""catboost""]","[""ebm"",""ebm"",""ebm"",""ebm"",""ebm""]"
pilot8,conc_0.65_r0,tabpfn2,0.01955433435415499,0.030034415172590312,"[""catboost"",""catboost"",""catboost"",""catboost"",""catboost""]","[""ebm"",""ebm"",""ebm"",""ebm"",""ebm""]"
pilot8,disp_0.65_r0,tabpfn35,0.029125091169505013,0.03620292301591921,"[""catboost"",""catboost"",""catboost"",""catboost"",""catboost""]","[""ebm"",""ebm"",""ebm"",""ebm"",""ebm""]"
pilot8,disp_0.65_r0,tabicl2,0.014993666533741234,0.02207149838015543,"[""catboost"",""catboost"",""catboost"",""catboost"",""catboost""]","[""ebm"",""ebm"",""ebm"",""ebm"",""ebm""]"
pilot8,disp_0.65_r0,tabpfn2,0.02312745569209529,0.030205287538509484,"[""catboost"",""catboost"",""catboost"",""catboost"",""catboost""]","[""ebm"",""ebm"",""ebm"",""ebm"",""ebm""]"
pilot8,dispn_0.65_r0,tabpfn35,0.02981607508340789,0.04004322604239008,"[""catboost"",""catboost"",""catboost"",""catboost"",""catboost""]","[""ebm"",""ebm"",""ebm"",""ebm"",""ebm""]"
pilot8,dispn_0.65_r0,tabicl2,0.013914949060866544,0.024142100019848733,"[""catboost"",""catboost"",""catboost"",""catboost"",""catboost""]","[""ebm"",""ebm"",""ebm"",""ebm"",""ebm""]"
pilot8,dispn_0.65_r0,tabpfn2,0.023960427746077095,0.034187578705059285,"[""catboost"",""catboost"",""catboost"",""catboost"",""catboost""]","[""ebm"",""ebm"",""ebm"",""ebm"",""ebm""]"
pilot8,conc_0.75_r0,tabpfn35,0.023997087020253716,0.03221085815223623,"[""catboost"",""catboost"",""catboost"",""catboost"",""catboost""]","[""ebm"",""ebm"",""ebm"",""ebm"",""ebm""]"
pilot8,conc_0.75_r0,tabicl2,0.015489822148004984,0.0237035932799875,"[""catboost"",""catboost"",""catboost"",""catboost"",""catboost""]","[""ebm"",""ebm"",""ebm"",""ebm"",""ebm""]"
pilot8,conc_0.75_r0,tabpfn2,0.018210546140209005,0.026424317272191522,"[""catboost"",""catboost"",""catboost"",""catboost"",""catboost""]","[""ebm"",""ebm"",""ebm"",""ebm"",""ebm""]"
pilot8,disp_0.75_r0,tabpfn35,0.0256241682156233,0.029701546045679095,"[""catboost"",""catboost"",""catboost"",""catboost"",""catboost""]","[""ebm"",""ebm"",""ebm"",""ebm"",""ebm""]"
pilot8,disp_0.75_r0,tabicl2,0.011795989032865273,0.015873366862921068,"[""catboost"",""catboost"",""catboost"",""catboost"",""catboost""]","[""ebm"",""ebm"",""ebm"",""ebm"",""ebm""]"
pilot8,disp_0.75_r0,tabpfn2,0.020634486754371406,0.0247118645844272,"[""catboost"",""catboost"",""catboost"",""catboost"",""catboost""]","[""ebm"",""ebm"",""ebm"",""ebm"",""ebm""]"
pilot8,dispn_0.75_r0,tabpfn35,0.02429418516134274,0.03446148360750434,"[""catboost"",""catboost"",""catboost"",""catboost"",""catboost""]","[""ebm"",""ebm"",""ebm"",""ebm"",""ebm""]"
pilot8,dispn_0.75_r0,tabicl2,0.009010498792954347,0.019177797239115946,"[""catboost"",""catboost"",""catboost"",""catboost"",""catboost""]","[""ebm"",""ebm"",""ebm"",""ebm"",""ebm""]"
pilot8,dispn_0.75_r0,tabpfn2,0.019566096896234786,0.029733395342396385,"[""catboost"",""catboost"",""catboost"",""catboost"",""catboost""]","[""ebm"",""ebm"",""ebm"",""ebm"",""ebm""]"
pilot8,conc_0.85_r0,tabpfn35,0.015758138558063406,0.021366673879033127,"[""catboost"",""catboost"",""catboost"",""catboost"",""catboost""]","[""ebm"",""ebm"",""ebm"",""ebm"",""ebm""]"
pilot8,conc_0.85_r0,tabicl2,0.009305658073884948,0.014914193394854669,"[""catboost"",""catboost"",""catboost"",""catboost"",""catboost""]","[""ebm"",""ebm"",""ebm"",""ebm"",""ebm""]"
pilot8,conc_0.85_r0,tabpfn2,0.011416263512243452,0.017024798833213173,"[""catboost"",""catboost"",""catboost"",""catboost"",""catboost""]","[""ebm"",""ebm"",""ebm"",""ebm"",""ebm""]"
pilot8,disp_0.85_r0,tabpfn35,0.018438906359698692,0.022203269941541093,"[""catboost"",""catboost"",""catboost"",""catboost"",""catboost""]","[""ebm"",""ebm"",""ebm"",""ebm"",""ebm""]"
pilot8,disp_0.85_r0,tabicl2,0.008276589978296833,0.012040953560139234,"[""catboost"",""catboost"",""catboost"",""catboost"",""catboost""]","[""ebm"",""ebm"",""ebm"",""ebm"",""ebm""]"
pilot8,disp_0.85_r0,tabpfn2,0.015248254655242266,0.019012618237084666,"[""catboost"",""catboost"",""catboost"",""catboost"",""catboost""]","[""ebm"",""ebm"",""ebm"",""ebm"",""ebm""]"
pilot8,dispn_0.85_r0,tabpfn35,0.01699630750414516,0.02333205895148538,"[""catboost"",""catboost"",""catboost"",""catboost"",""catboost""]","[""ebm"",""ebm"",""ebm"",""ebm"",""ebm""]"
pilot8,dispn_0.85_r0,tabicl2,0.006290724140361137,0.012626475587701358,"[""catboost"",""catboost"",""catboost"",""catboost"",""catboost""]","[""ebm"",""ebm"",""ebm"",""ebm"",""ebm""]"
pilot8,dispn_0.85_r0,tabpfn2,0.013555373722830333,0.019891125170170554,"[""catboost"",""catboost"",""catboost"",""catboost"",""catboost""]","[""ebm"",""ebm"",""ebm"",""ebm"",""ebm""]"
pilot8,conc_0.95_r0,tabpfn35,0.007302099552115915,0.009935973155795197,"[""catboost"",""catboost"",""catboost"",""catboost"",""catboost""]","[""ebm"",""lr"",""ebm"",""ebm"",""ebm""]"
pilot8,conc_0.95_r0,tabicl2,0.004521834170830519,0.007155707774509801,"[""catboost"",""catboost"",""catboost"",""catboost"",""catboost""]","[""ebm"",""lr"",""ebm"",""ebm"",""ebm""]"
pilot8,conc_0.95_r0,tabpfn2,0.0056624089698659175,0.0082962825735452,"[""catboost"",""catboost"",""catboost"",""catboost"",""catboost""]","[""ebm"",""lr"",""ebm"",""ebm"",""ebm""]"
pilot8,disp_0.95_r0,tabpfn35,0.007600147032815752,0.011111314714328135,"[""catboost"",""catboost"",""catboost"",""catboost"",""catboost""]","[""lr"",""lr"",""ebm"",""ebm"",""ebm""]"
pilot8,disp_0.95_r0,tabicl2,0.0024876221251286523,0.005998789806641036,"[""catboost"",""catboost"",""catboost"",""catboost"",""catboost""]","[""lr"",""lr"",""ebm"",""ebm"",""ebm""]"
pilot8,disp_0.95_r0,tabpfn2,0.006604204517145829,0.010115372198658212,"[""catboost"",""catboost"",""catboost"",""catboost"",""catboost""]","[""lr"",""lr"",""ebm"",""ebm"",""ebm""]"
pilot8,dispn_0.95_r0,tabpfn35,0.0073060554061571414,0.010968609110578287,"[""catboost"",""catboost"",""catboost"",""catboost"",""catboost""]","[""ebm"",""lr"",""ebm"",""ebm"",""ebm""]"
pilot8,dispn_0.95_r0,tabicl2,0.0024387292783752956,0.006101282982796441,"[""catboost"",""catboost"",""catboost"",""catboost"",""catboost""]","[""ebm"",""lr"",""ebm"",""ebm"",""ebm""]"
pilot8,dispn_0.95_r0,tabpfn2,0.00560819367160259,0.009270747376023736,"[""catboost"",""catboost"",""catboost"",""catboost"",""catboost""]","[""ebm"",""lr"",""ebm"",""ebm"",""ebm""]"
pilot9,noise_r0,tabpfn35,0.06645341413426531,0.0877860797435267,"[""catboost"",""catboost"",""catboost"",""catboost"",""catboost""]","[""ebm"",""ebm"",""ebm"",""ebm"",""ebm""]"
pilot9,noise_r0,tabicl2,0.060179694658418215,0.0815123602676796,"[""catboost"",""catboost"",""catboost"",""catboost"",""catboost""]","[""ebm"",""ebm"",""ebm"",""ebm"",""ebm""]"
pilot9,noise_r0,tabpfn2,0.05082545755950041,0.0721581231687618,"[""catboost"",""catboost"",""catboost"",""catboost"",""catboost""]","[""ebm"",""ebm"",""ebm"",""ebm"",""ebm""]"
pilot9,conc_0.65_r0,tabpfn35,0.0601358807954554,0.07878571007294422,"[""catboost"",""catboost"",""catboost"",""catboost"",""catboost""]","[""ebm"",""ebm"",""ebm"",""ebm"",""ebm""]"
pilot9,conc_0.65_r0,tabicl2,0.05234159668202232,0.07099142595951113,"[""catboost"",""catboost"",""catboost"",""catboost"",""catboost""]","[""ebm"",""ebm"",""ebm"",""ebm"",""ebm""]"
pilot9,conc_0.65_r0,tabpfn2,0.04668177892645986,0.06533160820394868,"[""catboost"",""catboost"",""catboost"",""catboost"",""catboost""]","[""ebm"",""ebm"",""ebm"",""ebm"",""ebm""]"
pilot9,disp_0.65_r0,tabpfn35,0.06753949998630837,0.08705976867678977,"[""catboost"",""catboost"",""catboost"",""catboost"",""catboost""]","[""ebm"",""ebm"",""ebm"",""ebm"",""ebm""]"
pilot9,disp_0.65_r0,tabicl2,0.05746525886419496,0.07698552755467636,"[""catboost"",""catboost"",""catboost"",""catboost"",""catboost""]","[""ebm"",""ebm"",""ebm"",""ebm"",""ebm""]"
pilot9,disp_0.65_r0,tabpfn2,0.05169387589600338,0.07121414458648478,"[""catboost"",""catboost"",""catboost"",""catboost"",""catboost""]","[""ebm"",""ebm"",""ebm"",""ebm"",""ebm""]"
pilot9,dispn_0.65_r0,tabpfn35,0.06873672714098245,0.0902016031696884,"[""catboost"",""catboost"",""catboost"",""catboost"",""catboost""]","[""ebm"",""ebm"",""ebm"",""ebm"",""ebm""]"
pilot9,dispn_0.65_r0,tabicl2,0.05834996166379136,0.07981483769249731,"[""catboost"",""catboost"",""catboost"",""catboost"",""catboost""]","[""ebm"",""ebm"",""ebm"",""ebm"",""ebm""]"
pilot9,dispn_0.65_r0,tabpfn2,0.05354722094083808,0.07501209696954403,"[""catboost"",""catboost"",""catboost"",""catboost"",""catboost""]","[""ebm"",""ebm"",""ebm"",""ebm"",""ebm""]"
pilot9,conc_0.75_r0,tabpfn35,0.05290359391423227,0.0662672096927418,"[""catboost"",""catboost"",""catboost"",""catboost"",""catboost""]","[""ebm"",""ebm"",""ebm"",""ebm"",""ebm""]"
pilot9,conc_0.75_r0,tabicl2,0.044825143181526306,0.058188758960035836,"[""catboost"",""catboost"",""catboost"",""catboost"",""catboost""]","[""ebm"",""ebm"",""ebm"",""ebm"",""ebm""]"
pilot9,conc_0.75_r0,tabpfn2,0.04097324048387874,0.05433685626238827,"[""catboost"",""catboost"",""catboost"",""catboost"",""catboost""]","[""ebm"",""ebm"",""ebm"",""ebm"",""ebm""]"
pilot9,disp_0.75_r0,tabpfn35,0.06233207160866738,0.07610793643772384,"[""catboost"",""catboost"",""catboost"",""catboost"",""catboost""]","[""ebm"",""ebm"",""ebm"",""ebm"",""ebm""]"
pilot9,disp_0.75_r0,tabicl2,0.05163816885625394,0.0654140336853104,"[""catboost"",""catboost"",""catboost"",""catboost"",""catboost""]","[""ebm"",""ebm"",""ebm"",""ebm"",""ebm""]"
pilot9,disp_0.75_r0,tabpfn2,0.049132077717183975,0.06290794254624044,"[""catboost"",""catboost"",""catboost"",""catboost"",""catboost""]","[""ebm"",""ebm"",""ebm"",""ebm"",""ebm""]"
pilot9,dispn_0.75_r0,tabpfn35,0.06571439313992511,0.07855374125586911,"[""catboost"",""catboost"",""catboost"",""catboost"",""catboost""]","[""ebm"",""ebm"",""ebm"",""ebm"",""ebm""]"
pilot9,dispn_0.75_r0,tabicl2,0.05417326333815686,0.06701261145410087,"[""catboost"",""catboost"",""catboost"",""catboost"",""catboost""]","[""ebm"",""ebm"",""ebm"",""ebm"",""ebm""]"
pilot9,dispn_0.75_r0,tabpfn2,0.052330484447505654,0.06516983256344966,"[""catboost"",""catboost"",""catboost"",""catboost"",""catboost""]","[""ebm"",""ebm"",""ebm"",""ebm"",""ebm""]"
pilot9,conc_0.85_r0,tabpfn35,0.0419825443867996,0.047184120173481836,"[""catboost"",""catboost"",""catboost"",""catboost"",""catboost""]","[""ebm"",""ebm"",""ebm"",""ebm"",""ebm""]"
pilot9,conc_0.85_r0,tabicl2,0.03503612292442071,0.04023769871110294,"[""catboost"",""catboost"",""catboost"",""catboost"",""catboost""]","[""ebm"",""ebm"",""ebm"",""ebm"",""ebm""]"
pilot9,conc_0.85_r0,tabpfn2,0.03350896688130722,0.038710542667989456,"[""catboost"",""catboost"",""catboost"",""catboost"",""catboost""]","[""ebm"",""ebm"",""ebm"",""ebm"",""ebm""]"
pilot9,disp_0.85_r0,tabpfn35,0.049224515373451405,0.05406359913806724,"[""catboost"",""catboost"",""catboost"",""catboost"",""catboost""]","[""ebm"",""ebm"",""ebm"",""ebm"",""ebm""]"
pilot9,disp_0.85_r0,tabicl2,0.036621540525795804,0.04146062429041164,"[""catboost"",""catboost"",""catboost"",""catboost"",""catboost""]","[""ebm"",""ebm"",""ebm"",""ebm"",""ebm""]"
pilot9,disp_0.85_r0,tabpfn2,0.0391503737780331,0.043989457542648935,"[""catboost"",""catboost"",""catboost"",""catboost"",""catboost""]","[""ebm"",""ebm"",""ebm"",""ebm"",""ebm""]"
pilot9,dispn_0.85_r0,tabpfn35,0.05186187590442903,0.05600496580283798,"[""catboost"",""catboost"",""catboost"",""catboost"",""catboost""]","[""ebm"",""ebm"",""ebm"",""ebm"",""ebm""]"
pilot9,dispn_0.85_r0,tabicl2,0.03937781176079047,0.04352090165919942,"[""catboost"",""catboost"",""catboost"",""catboost"",""catboost""]","[""ebm"",""ebm"",""ebm"",""ebm"",""ebm""]"
pilot9,dispn_0.85_r0,tabpfn2,0.03962338255955267,0.043766472457961614,"[""catboost"",""catboost"",""catboost"",""catboost"",""catboost""]","[""ebm"",""ebm"",""ebm"",""ebm"",""ebm""]"
pilot9,conc_0.95_r0,tabpfn35,0.01993715073502289,0.019739545484226184,"[""catboost"",""catboost"",""catboost"",""catboost"",""ebm""]","[""ebm"",""ebm"",""ebm"",""ebm"",""ebm""]"
pilot9,conc_0.95_r0,tabicl2,0.016751394953522514,0.016553789702725807,"[""catboost"",""catboost"",""catboost"",""catboost"",""ebm""]","[""ebm"",""ebm"",""ebm"",""ebm"",""ebm""]"
pilot9,conc_0.95_r0,tabpfn2,0.016549155655538605,0.0163515504047419,"[""catboost"",""catboost"",""catboost"",""catboost"",""ebm""]","[""ebm"",""ebm"",""ebm"",""ebm"",""ebm""]"
pilot9,disp_0.95_r0,tabpfn35,0.02424235434873734,0.024666416006841496,"[""catboost"",""ebm"",""catboost"",""catboost"",""catboost""]","[""ebm"",""ebm"",""ebm"",""ebm"",""ebm""]"
pilot9,disp_0.95_r0,tabicl2,0.016398728164685794,0.016822789822789952,"[""catboost"",""ebm"",""catboost"",""catboost"",""catboost""]","[""ebm"",""ebm"",""ebm"",""ebm"",""ebm""]"
pilot9,disp_0.95_r0,tabpfn2,0.018598642013535782,0.01902270367163994,"[""catboost"",""ebm"",""catboost"",""catboost"",""catboost""]","[""ebm"",""ebm"",""ebm"",""ebm"",""ebm""]"
pilot9,dispn_0.95_r0,tabpfn35,0.026472317887211494,0.025164804622251236,"[""catboost"",""ebm"",""ebm"",""ebm"",""catboost""]","[""ebm"",""ebm"",""ebm"",""ebm"",""ebm""]"
pilot9,dispn_0.95_r0,tabicl2,0.01887825304846602,0.017570739783505762,"[""catboost"",""ebm"",""ebm"",""ebm"",""catboost""]","[""ebm"",""ebm"",""ebm"",""ebm"",""ebm""]"
pilot9,dispn_0.95_r0,tabpfn2,0.019175565090458813,0.017868051825498554,"[""catboost"",""ebm"",""ebm"",""ebm"",""catboost""]","[""ebm"",""ebm"",""ebm"",""ebm"",""ebm""]"
pilot10,noise_r0,tabpfn35,0.06088867187499991,0.09740125868055549,"[""catboost"",""catboost"",""catboost"",""catboost"",""catboost""]","[""ebm"",""ebm"",""ebm"",""ebm"",""ebm""]"
pilot10,noise_r0,tabicl2,0.03952636718749991,0.07603895399305549,"[""catboost"",""catboost"",""catboost"",""catboost"",""catboost""]","[""ebm"",""ebm"",""ebm"",""ebm"",""ebm""]"
pilot10,noise_r0,tabpfn2,0.039002821180555536,0.07551540798611112,"[""catboost"",""catboost"",""catboost"",""catboost"",""catboost""]","[""ebm"",""ebm"",""ebm"",""ebm"",""ebm""]"
pilot10,conc_0.65_r0,tabpfn35,0.06047092013888877,0.0901312934027777,"[""catboost"",""catboost"",""catboost"",""catboost"",""catboost""]","[""ebm"",""ebm"",""ebm"",""ebm"",""ebm""]"
pilot10,conc_0.65_r0,tabicl2,0.03728569878472221,0.06694607204861114,"[""catboost"",""catboost"",""catboost"",""catboost"",""catboost""]","[""ebm"",""ebm"",""ebm"",""ebm"",""ebm""]"
pilot10,conc_0.65_r0,tabpfn2,0.03906792534722214,0.06872829861111107,"[""catboost"",""catboost"",""catboost"",""catboost"",""catboost""]","[""ebm"",""ebm"",""ebm"",""ebm"",""ebm""]"
pilot10,disp_0.65_r0,tabpfn35,0.05642361111111105,0.0908311631944444,"[""catboost"",""catboost"",""catboost"",""catboost"",""catboost""]","[""ebm"",""ebm"",""ebm"",""ebm"",""ebm""]"
pilot10,disp_0.65_r0,tabicl2,0.02958170572916663,0.06398925781249998,"[""catboost"",""catboost"",""catboost"",""catboost"",""catboost""]","[""ebm"",""ebm"",""ebm"",""ebm"",""ebm""]"
pilot10,disp_0.65_r0,tabpfn2,0.03595920138888897,0.07036675347222232,"[""catboost"",""catboost"",""catboost"",""catboost"",""catboost""]","[""ebm"",""ebm"",""ebm"",""ebm"",""ebm""]"
pilot10,dispn_0.65_r0,tabpfn35,0.06407335069444442,0.09779188368055569,"[""catboost"",""catboost"",""catboost"",""catboost"",""catboost""]","[""ebm"",""ebm"",""ebm"",""ebm"",""ebm""]"
pilot10,dispn_0.65_r0,tabicl2,0.033034939236111005,0.06675347222222228,"[""catboost"",""catboost"",""catboost"",""catboost"",""catboost""]","[""ebm"",""ebm"",""ebm"",""ebm"",""ebm""]"
pilot10,dispn_0.65_r0,tabpfn2,0.0437120225694444,0.07743055555555567,"[""catboost"",""catboost"",""catboost"",""catboost"",""catboost""]","[""ebm"",""ebm"",""ebm"",""ebm"",""ebm""]"
pilot10,conc_0.75_r0,tabpfn35,0.05657552083333339,0.07202690972222214,"[""catboost"",""catboost"",""catboost"",""catboost"",""catboost""]","[""ebm"",""ebm"",""ebm"",""ebm"",""ebm""]"
pilot10,conc_0.75_r0,tabicl2,0.034879557291666696,0.05033094618055545,"[""catboost"",""catboost"",""catboost"",""catboost"",""catboost""]","[""ebm"",""ebm"",""ebm"",""ebm"",""ebm""]"
pilot10,conc_0.75_r0,tabpfn2,0.036518012152777835,0.051969401041666585,"[""catboost"",""catboost"",""catboost"",""catboost"",""catboost""]","[""ebm"",""ebm"",""ebm"",""ebm"",""ebm""]"
pilot10,disp_0.75_r0,tabpfn35,0.05635850694444444,0.08117404513888893,"[""catboost"",""catboost"",""catboost"",""catboost"",""catboost""]","[""ebm"",""ebm"",""ebm"",""ebm"",""ebm""]"
pilot10,disp_0.75_r0,tabicl2,0.02617730034722221,0.050992838541666696,"[""catboost"",""catboost"",""catboost"",""catboost"",""catboost""]","[""ebm"",""ebm"",""ebm"",""ebm"",""ebm""]"
pilot10,disp_0.75_r0,tabpfn2,0.03809678819444451,0.062912326388889,"[""catboost"",""catboost"",""catboost"",""catboost"",""catboost""]","[""ebm"",""ebm"",""ebm"",""ebm"",""ebm""]"
pilot10,dispn_0.75_r0,tabpfn35,0.05990668402777788,0.0875922309027779,"[""catboost"",""catboost"",""catboost"",""catboost"",""catboost""]","[""ebm"",""ebm"",""ebm"",""ebm"",""ebm""]"
pilot10,dispn_0.75_r0,tabicl2,0.023809136284722254,0.051494683159722276,"[""catboost"",""catboost"",""catboost"",""catboost"",""catboost""]","[""ebm"",""ebm"",""ebm"",""ebm"",""ebm""]"
pilot10,dispn_0.75_r0,tabpfn2,0.04211697048611107,0.0698025173611111,"[""catboost"",""catboost"",""catboost"",""catboost"",""catboost""]","[""ebm"",""ebm"",""ebm"",""ebm"",""ebm""]"
pilot10,conc_0.85_r0,tabpfn35,0.04611545138888895,0.048198784722222276,"[""catboost"",""catboost"",""catboost"",""catboost"",""catboost""]","[""ebm"",""ebm"",""ebm"",""ebm"",""ebm""]"
pilot10,conc_0.85_r0,tabicl2,0.030365668402777657,0.03244900173611098,"[""catboost"",""catboost"",""catboost"",""catboost"",""catboost""]","[""ebm"",""ebm"",""ebm"",""ebm"",""ebm""]"
pilot10,conc_0.85_r0,tabpfn2,0.032123480902777724,0.03420681423611105,"[""catboost"",""catboost"",""catboost"",""catboost"",""catboost""]","[""ebm"",""ebm"",""ebm"",""ebm"",""ebm""]"
pilot10,disp_0.85_r0,tabpfn35,0.04822048611111107,0.06005859375,"[""catboost"",""catboost"",""catboost"",""catboost"",""catboost""]","[""ebm"",""ebm"",""ebm"",""ebm"",""ebm""]"
pilot10,disp_0.85_r0,tabicl2,0.022612847222222343,0.03445095486111127,"[""catboost"",""catboost"",""catboost"",""catboost"",""catboost""]","[""ebm"",""ebm"",""ebm"",""ebm"",""ebm""]"
pilot10,disp_0.85_r0,tabpfn2,0.03339301215277768,0.04523111979166661,"[""catboost"",""catboost"",""catboost"",""catboost"",""catboost""]","[""ebm"",""ebm"",""ebm"",""ebm"",""ebm""]"
pilot10,dispn_0.85_r0,tabpfn35,0.04874674479166685,0.06059570312500007,"[""catboost"",""catboost"",""catboost"",""catboost"",""catboost""]","[""ebm"",""ebm"",""ebm"",""ebm"",""ebm""]"
pilot10,dispn_0.85_r0,tabicl2,0.02072482638888895,0.032573784722222165,"[""catboost"",""catboost"",""catboost"",""catboost"",""catboost""]","[""ebm"",""ebm"",""ebm"",""ebm"",""ebm""]"
pilot10,dispn_0.85_r0,tabpfn2,0.03534071180555576,0.04718967013888897,"[""catboost"",""catboost"",""catboost"",""catboost"",""catboost""]","[""ebm"",""ebm"",""ebm"",""ebm"",""ebm""]"
pilot10,conc_0.95_r0,tabpfn35,0.022992621527777923,0.022938368055555602,"[""ebm"",""ebm"",""catboost"",""catboost"",""catboost""]","[""ebm"",""ebm"",""ebm"",""ebm"",""ebm""]"
pilot10,conc_0.95_r0,tabicl2,0.016569010416666807,0.016514756944444486,"[""ebm"",""ebm"",""catboost"",""catboost"",""catboost""]","[""ebm"",""ebm"",""ebm"",""ebm"",""ebm""]"
pilot10,conc_0.95_r0,tabpfn2,0.017800564236111094,0.017746310763888773,"[""ebm"",""ebm"",""catboost"",""catboost"",""catboost""]","[""ebm"",""ebm"",""ebm"",""ebm"",""ebm""]"
pilot10,disp_0.95_r0,tabpfn35,0.023388671874999933,0.023866102430555536,"[""ebm"",""ebm"",""catboost"",""catboost"",""ebm""]","[""ebm"",""ebm"",""ebm"",""ebm"",""ebm""]"
pilot10,disp_0.95_r0,tabicl2,0.011998155381944486,0.012475585937500089,"[""ebm"",""ebm"",""catboost"",""catboost"",""ebm""]","[""ebm"",""ebm"",""ebm"",""ebm"",""ebm""]"
pilot10,disp_0.95_r0,tabpfn2,0.017263454861111027,0.01774088541666663,"[""ebm"",""ebm"",""catboost"",""catboost"",""ebm""]","[""ebm"",""ebm"",""ebm"",""ebm"",""ebm""]"
pilot10,dispn_0.95_r0,tabpfn35,0.023529730902777657,0.022932942708333237,"[""ebm"",""ebm"",""catboost"",""ebm"",""ebm""]","[""ebm"",""ebm"",""ebm"",""ebm"",""ebm""]"
pilot10,dispn_0.95_r0,tabicl2,0.01212565104166674,0.011528862847222321,"[""ebm"",""ebm"",""catboost"",""ebm"",""ebm""]","[""ebm"",""ebm"",""ebm"",""ebm"",""ebm""]"
pilot10,dispn_0.95_r0,tabpfn2,0.01593424479166672,0.015337456597222299,"[""ebm"",""ebm"",""catboost"",""ebm"",""ebm""]","[""ebm"",""ebm"",""ebm"",""ebm"",""ebm""]"
pilot11,noise_r0,tabpfn35,0.050450477254479265,0.05417769079614587,"[""ebm"",""catboost"",""ebm"",""catboost"",""catboost""]","[""ebm"",""ebm"",""ebm"",""ebm"",""ebm""]"
pilot11,noise_r0,tabicl2,0.046244854173709604,0.04997206771537621,"[""ebm"",""catboost"",""ebm"",""catboost"",""catboost""]","[""ebm"",""ebm"",""ebm"",""ebm"",""ebm""]"
pilot11,noise_r0,tabpfn2,0.024931741428611542,0.02865895497027815,"[""ebm"",""catboost"",""ebm"",""catboost"",""catboost""]","[""ebm"",""ebm"",""ebm"",""ebm"",""ebm""]"
pilot11,conc_0.65_r0,tabpfn35,0.04842999871464393,0.04912444315908837,"[""ebm"",""ebm"",""ebm"",""catboost"",""ebm""]","[""ebm"",""ebm"",""ebm"",""ebm"",""ebm""]"
pilot11,conc_0.65_r0,tabicl2,0.04411199061161819,0.04480643505606263,"[""ebm"",""ebm"",""ebm"",""catboost"",""ebm""]","[""ebm"",""ebm"",""ebm"",""ebm"",""ebm""]"
pilot11,conc_0.65_r0,tabpfn2,0.02615985692049816,0.0268543013649426,"[""ebm"",""ebm"",""ebm"",""catboost"",""ebm""]","[""ebm"",""ebm"",""ebm"",""ebm"",""ebm""]"
pilot11,disp_0.65_r0,tabpfn35,0.05064559254916068,0.05259871754916068,"[""ebm"",""ebm"",""ebm"",""catboost"",""ebm""]","[""ebm"",""ebm"",""ebm"",""ebm"",""ebm""]"
pilot11,disp_0.65_r0,tabicl2,0.04670107921491162,0.04865420421491162,"[""ebm"",""ebm"",""ebm"",""catboost"",""ebm""]","[""ebm"",""ebm"",""ebm"",""ebm"",""ebm""]"
pilot11,disp_0.65_r0,tabpfn2,0.024337021689063598,0.026290146689063598,"[""ebm"",""ebm"",""ebm"",""catboost"",""ebm""]","[""ebm"",""ebm"",""ebm"",""ebm"",""ebm""]"
pilot11,dispn_0.65_r0,tabpfn35,0.053781997003183424,0.05423230082262798,"[""ebm"",""ebm"",""ebm"",""catboost"",""ebm""]","[""ebm"",""ebm"",""ebm"",""ebm"",""ebm""]"
pilot11,dispn_0.65_r0,tabicl2,0.05039895824529517,0.05084926206473972,"[""ebm"",""ebm"",""ebm"",""catboost"",""ebm""]","[""ebm"",""ebm"",""ebm"",""ebm"",""ebm""]"
pilot11,dispn_0.65_r0,tabpfn2,0.029390023259663,0.029840327079107554,"[""ebm"",""ebm"",""ebm"",""catboost"",""ebm""]","[""ebm"",""ebm"",""ebm"",""ebm"",""ebm""]"
pilot11,conc_0.75_r0,tabpfn35,0.04604669144058493,0.04604669144058493,"[""ebm"",""ebm"",""ebm"",""ebm"",""ebm""]","[""ebm"",""ebm"",""ebm"",""ebm"",""ebm""]"
pilot11,conc_0.75_r0,tabicl2,0.037698839305837284,0.037698839305837284,"[""ebm"",""ebm"",""ebm"",""ebm"",""ebm""]","[""ebm"",""ebm"",""ebm"",""ebm"",""ebm""]"
pilot11,conc_0.75_r0,tabpfn2,0.019736555263269118,0.019736555263269118,"[""ebm"",""ebm"",""ebm"",""ebm"",""ebm""]","[""ebm"",""ebm"",""ebm"",""ebm"",""ebm""]"
pilot11,disp_0.75_r0,tabpfn35,0.04921567879127231,0.04854836108293892,"[""ebm"",""ebm"",""ebm"",""catboost"",""ebm""]","[""ebm"",""ebm"",""ebm"",""ebm"",""ebm""]"
pilot11,disp_0.75_r0,tabicl2,0.043836828885649104,0.04316951117731571,"[""ebm"",""ebm"",""ebm"",""catboost"",""ebm""]","[""ebm"",""ebm"",""ebm"",""ebm"",""ebm""]"
pilot11,disp_0.75_r0,tabpfn2,0.020747624292173916,0.020080306583840524,"[""ebm"",""ebm"",""ebm"",""catboost"",""ebm""]","[""ebm"",""ebm"",""ebm"",""ebm"",""ebm""]"
pilot11,dispn_0.75_r0,tabpfn35,0.050544432823416585,0.050544432823416585,"[""ebm"",""ebm"",""ebm"",""ebm"",""ebm""]","[""ebm"",""ebm"",""ebm"",""ebm"",""ebm""]"
pilot11,dispn_0.75_r0,tabicl2,0.04585043979427261,0.04585043979427261,"[""ebm"",""ebm"",""ebm"",""ebm"",""ebm""]","[""ebm"",""ebm"",""ebm"",""ebm"",""ebm""]"
pilot11,dispn_0.75_r0,tabpfn2,0.026915022555358492,0.026915022555358492,"[""ebm"",""ebm"",""ebm"",""ebm"",""ebm""]","[""ebm"",""ebm"",""ebm"",""ebm"",""ebm""]"
pilot11,conc_0.85_r0,tabpfn35,0.0374099277911597,0.0374099277911597,"[""ebm"",""ebm"",""ebm"",""ebm"",""ebm""]","[""ebm"",""ebm"",""ebm"",""ebm"",""ebm""]"
pilot11,conc_0.85_r0,tabicl2,0.028799932562824093,0.028799932562824093,"[""ebm"",""ebm"",""ebm"",""ebm"",""ebm""]","[""ebm"",""ebm"",""ebm"",""ebm"",""ebm""]"
pilot11,conc_0.85_r0,tabpfn2,0.01354743756338761,0.01354743756338761,"[""ebm"",""ebm"",""ebm"",""ebm"",""ebm""]","[""ebm"",""ebm"",""ebm"",""ebm"",""ebm""]"
pilot11,disp_0.85_r0,tabpfn35,0.04283918390452457,0.04283918390452457,"[""ebm"",""ebm"",""ebm"",""ebm"",""ebm""]","[""ebm"",""ebm"",""ebm"",""ebm"",""ebm""]"
pilot11,disp_0.85_r0,tabicl2,0.03523427133515045,0.03523427133515045,"[""ebm"",""ebm"",""ebm"",""ebm"",""ebm""]","[""ebm"",""ebm"",""ebm"",""ebm"",""ebm""]"
pilot11,disp_0.85_r0,tabpfn2,0.016757516692021523,0.016757516692021523,"[""ebm"",""ebm"",""ebm"",""ebm"",""ebm""]","[""ebm"",""ebm"",""ebm"",""ebm"",""ebm""]"
pilot11,dispn_0.85_r0,tabpfn35,0.04198841418751398,0.04198841418751398,"[""ebm"",""ebm"",""ebm"",""ebm"",""ebm""]","[""ebm"",""ebm"",""ebm"",""ebm"",""ebm""]"
pilot11,dispn_0.85_r0,tabicl2,0.03590374795751616,0.03590374795751616,"[""ebm"",""ebm"",""ebm"",""ebm"",""ebm""]","[""ebm"",""ebm"",""ebm"",""ebm"",""ebm""]"
pilot11,dispn_0.85_r0,tabpfn2,0.018075745770649965,0.018075745770649965,"[""ebm"",""ebm"",""ebm"",""ebm"",""ebm""]","[""ebm"",""ebm"",""ebm"",""ebm"",""ebm""]"
pilot11,conc_0.95_r0,tabpfn35,0.01758146912680303,0.01758146912680303,"[""ebm"",""ebm"",""ebm"",""ebm"",""ebm""]","[""ebm"",""ebm"",""ebm"",""ebm"",""ebm""]"
pilot11,conc_0.95_r0,tabicl2,0.013086283049498548,0.013086283049498548,"[""ebm"",""ebm"",""ebm"",""ebm"",""ebm""]","[""ebm"",""ebm"",""ebm"",""ebm"",""ebm""]"
pilot11,conc_0.95_r0,tabpfn2,0.0023559199452050095,0.0023559199452050095,"[""ebm"",""ebm"",""ebm"",""ebm"",""ebm""]","[""ebm"",""ebm"",""ebm"",""ebm"",""ebm""]"
pilot11,disp_0.95_r0,tabpfn35,0.020320225342292053,0.020320225342292053,"[""ebm"",""ebm"",""ebm"",""ebm"",""ebm""]","[""ebm"",""ebm"",""ebm"",""ebm"",""ebm""]"
pilot11,disp_0.95_r0,tabicl2,0.015539491905778191,0.015539491905778191,"[""ebm"",""ebm"",""ebm"",""ebm"",""ebm""]","[""ebm"",""ebm"",""ebm"",""ebm"",""ebm""]"
pilot11,disp_0.95_r0,tabpfn2,0.006573305795019135,0.006573305795019135,"[""ebm"",""ebm"",""ebm"",""ebm"",""ebm""]","[""ebm"",""ebm"",""ebm"",""ebm"",""ebm""]"
pilot11,dispn_0.95_r0,tabpfn35,0.01985226108223459,0.01985226108223459,"[""ebm"",""ebm"",""ebm"",""ebm"",""ebm""]","[""ebm"",""ebm"",""ebm"",""ebm"",""ebm""]"
pilot11,dispn_0.95_r0,tabicl2,0.01586291171012233,0.01586291171012233,"[""ebm"",""ebm"",""ebm"",""ebm"",""ebm""]","[""ebm"",""ebm"",""ebm"",""ebm"",""ebm""]"
pilot11,dispn_0.95_r0,tabpfn2,0.006967955456248731,0.006967955456248731,"[""ebm"",""ebm"",""ebm"",""ebm"",""ebm""]","[""ebm"",""ebm"",""ebm"",""ebm"",""ebm""]"
