openml_id,lr_abs_error,marginal_max_abs_error
3,1.59539048638635e-13,
13,2.909894547542536e-13,
15,1.9761969838327783e-14,
24,0.0,
25,1.56097357262297e-13,
27,1.3378187446733136e-13,
29,1.2578826869003026e-13,
31,3.33288951992472e-13,
37,1.3422596367718145e-13,
38,2.633449014410872e-13,
40,4.554134847012392e-13,
44,3.86246590267092e-13,
49,9.492406860545088e-14,
50,2.3425705819590803e-14,
51,5.540012892879532e-14,
53,4.4453329905991273e-13,
56,1.2001510896197942e-13,0.0
59,2.857714065385153e-13,
333,4.5130565951012613e-13,
334,4.3520742565306136e-14,
335,3.8358205500799164e-13,
336,8.576329349918588e-05,
337,1.1191048088221579e-13,
446,0.0,
451,4.4664272280670053e-13,
466,3.4527936065842375e-14,
470,1.0202949596305189e-13,
481,4.128919428580957e-13,
715,3.953504190690183e-13,
720,2.349231920106831e-13,
721,3.964606420936434e-13,
723,3.936850845320805e-13,
725,2.504663143554353e-13,
728,3.2185365483883293e-13,
730,1.48991929904696e-13,
732,6.228351168147128e-14,
733,1.579847364041598e-13,
735,3.368416656712725e-13,
737,3.7714276146516573e-13,
740,4.676259379721159e-13,
743,3.775868506750157e-13,
744,2.581268532253489e-13,
746,1.8651746813702633e-14,
749,1.5210055437364645e-14,
751,1.2989609388114334e-13,
752,2.6090241078691182e-14,
757,4.2232883856740965e-13,
761,3.858025010572419e-13,
763,1.1102230246251563e-16,
766,2.936539900133539e-13,
769,3.4006131244268545e-13,
770,1.146860384437787e-13,
773,1.2145839889399213e-13,
776,1.1102230246251563e-16,
778,4.838351941316432e-13,
779,1.8118839761882557e-13,
786,2.6711965972481266e-13,
792,3.881339694089548e-13,
793,4.21773727055097e-13,
794,4.906075545818567e-13,
796,2.462474668618597e-13,
797,3.5071945347908695e-13,
798,1.8451906669270107e-13,
799,4.412026299860372e-13,
805,8.781864124784988e-14,
806,7.194245199571014e-14,
807,4.554134847012392e-13,
810,1.1646239528317892e-13,
813,1.27675647831893e-14,
816,2.937650123158164e-13,
818,3.5726976932437537e-13,
824,2.2015722578316854e-13,
825,4.974909373345326e-13,
826,2.1538326677728042e-13,
830,1.3011813848606837e-13,
831,1.7774670624248759e-13,
832,1.7619239400801234e-13,
833,4.5852210917018965e-14,
837,4.770628336814299e-13,
838,4.737321646075543e-13,
840,3.482769628249116e-13,
844,2.0095036745715333e-13,
845,3.633759959598138e-13,
849,4.11226608321158e-13,
853,5.0848214527832176e-14,
855,4.929390229335695e-13,
858,5.5511151231257833e-14,
863,2.6767477123712524e-13,
866,2.458033776520097e-13,
869,1.475486399726833e-13,
870,1.0247358517290197e-13,
873,3.32844862782622e-13,
877,2.9842794901924213e-13,
879,1.192379528447418e-13,
880,5.1403326040144754e-14,
884,1.404432126150823e-13,
888,3.26405569239796e-14,
896,9.092726571680033e-14,
897,4.591882429849647e-13,
903,2.983169267167796e-13,
904,2.357003481279208e-13,
908,3.077538224260934e-13,
910,3.9490632985916823e-13,
911,5.1958437552457326e-14,
912,1.6142642778049779e-13,
913,1.4299672557172016e-13,
915,2.44582132324922e-13,
917,3.994582442601313e-13,
918,8.37108160567368e-14,
920,3.47499806707674e-14,
926,2.44582132324922e-13,
930,2.0083934515469082e-13,
933,3.632649736573512e-13,
934,4.444222767574502e-13,
935,3.377298440909726e-13,
936,2.486899575160351e-13,
937,1.3722356584366937e-13,
939,1.2212453270876722e-14,
943,2.039479696236413e-13,
957,2.262634524186069e-13,
958,2.4213964167074664e-13,
961,3.2607250233240853e-13,
962,2.2215562722749385e-13,
966,2.057243264630415e-13,
967,6.961098364399733e-14,
975,3.1874503036988244e-13,
979,3.208544541166703e-13,
983,1.2589929099249278e-13,
986,3.194111641846576e-13,
987,2.3814283878209613e-13,
989,3.058664432842307e-13,
990,3.037570195374429e-13,
991,4.50195436485501e-13,
993,6.011264501948332e-06,
994,2.0627943797535409e-13,
995,2.2215562722749385e-13,
996,4.263256414560601e-14,
999,4.920508445138694e-13,
1000,3.0309088572266774e-14,
1002,5.099194133828533e-06,
1003,3.7070346792233977e-13,
1005,3.980149543281186e-13,0.0
1010,1.7985612998927536e-14,
1011,9.259260025373807e-14,0.0
1016,1.1102230246251565e-13,
1018,8.509243232257546e-07,
1021,1.8173385396558217e-07,
1023,2.953193245502917e-13,
1024,4.4719783431901305e-13,
1025,4.050093593832571e-13,
1037,8.493206138382449e-14,
1048,9.869882688917643e-14,
1049,3.1452618287630685e-13,
1050,2.5091040356528543e-13,
1063,0.0001238599255457,
1065,2.6201263381153694e-13,
1067,9.492406860545088e-14,
1068,7.560618797697316e-14,
1071,1.5554224574998446e-13,
1073,3.411715354673106e-13,
1121,0.0,
1167,4.3742787170231174e-14,
1412,4.74953409934642e-13,
1442,8.348877145181177e-14,
1443,2.787770014833768e-13,
1444,3.519406988061746e-14,
1446,2.154942890797429e-13,
1447,1.0025313912365165e-13,
1449,8.348877145181177e-14,
1451,4.052314039881821e-14,
1453,5.2402526762307395e-14,
1467,6.838973831690964e-14,
1480,9.625633623500108e-14,
1489,6.195044477408373e-14,
1494,3.540501225529624e-13,
1495,4.578559753554147e-13,
1496,4.078959392472825e-13,
1498,1.4566126083082056e-13,
1504,1.2301271112846734e-13,
1506,4.285460875053104e-13,
1507,4.602984660095899e-13,
1510,3.0142555118573e-13,
1511,4.1622261193197124e-13,
1524,1.4277468096679513e-13,
1547,4.07562872339895e-13,
1558,3.763656053479281e-13,
1600,3.739231146937527e-13,
4329,4.28657109807773e-13,
6332,4.425348976155874e-13,
23381,4.4664272280670053e-13,
23499,3.8247183198336643e-13,
40648,0.0,
40680,0.0,
40690,4.7628567756419216e-14,
40693,3.26405569239796e-14,
40701,3.973488205133436e-13,
40702,2.6767477123712524e-13,
40705,2.668976151198877e-13,
40710,4.796163466380676e-14,
40945,1.3722356584366937e-13,
40981,2.033928581113287e-13,
40983,4.440892098500626e-13,
40999,4.705125178361413e-13,
41005,1.3944401189291966e-13,
41007,2.043920588334913e-13,
41146,4.940492459581948e-13,
41156,7.149836278586008e-14,
41430,4.829470157119431e-13,
41538,4.6518344731794065e-14,
41945,4.035660694512444e-13,
41946,7.194245199571014e-14,
42172,1.724176357242868e-13,
42192,3.2540636851763343e-13,
42638,2.330358128688204e-13,
43255,3.9279690611238043e-13,
43595,4.3154368967179845e-13,
43892,7.482903185973555e-14,
43893,3.006483950684924e-13,
43895,2.036149027162537e-13,
43946,2.625677453238495e-13,
43947,1.2321776969304032e-05,
43949,3.319566843629218e-14,
43958,1.7696955012524998e-13,
43973,2.176037128265307e-13,
43976,1.3821305766548164e-07,
43980,4.672928710647284e-13,
44095,3.86246590267092e-13,
44097,3.33288951992472e-13,
44098,3.33288951992472e-13,
44149,2.028377465990161e-13,
44155,1.2578826869003026e-13,
44186,4.563362189236031e-07,
44227,1.1102230246251563e-16,
44232,3.883560140138798e-13,
44345,1.1102230246251563e-16,
44347,1.1102230246251563e-16,
44349,0.0,0.0
44350,0.0,
44351,1.1102230246251563e-16,
44352,1.1102230246251563e-16,
44362,0.0,
44363,2.220446049250313e-16,
44364,0.0,
44365,0.0,
44366,1.1102230246251563e-16,
44367,0.0,
44368,0.0,
44369,0.0,
44370,1.1102230246251563e-16,
44371,1.1102230246251563e-16,
44377,0.0,
44378,0.0,
44379,0.0,
44380,1.1102230246251563e-16,
44381,0.0,
44382,1.1102230246251563e-16,
44383,1.1102230246251563e-16,
44384,2.220446049250313e-16,
44385,1.1102230246251563e-16,
44386,1.1102230246251563e-16,
44387,1.1102230246251563e-16,
44388,0.0,
44389,0.0,
44390,0.0,
44391,0.0,
44392,0.0,
44393,0.0,
44394,0.0,
44395,0.0,
44396,0.0,
44397,1.1102230246251563e-16,
44398,0.0,
44399,0.0,
44400,1.1102230246251563e-16,
44401,0.0,
44402,1.1102230246251563e-16,
44403,1.1102230246251563e-16,
44404,0.0,
44405,0.0,
44406,0.0,0.0
44407,0.0,
44408,0.0,
44409,0.0,
44410,0.0,
44411,1.1102230246251563e-16,
44412,0.0,
44413,2.0000000000575118e-06,
44414,1.1102230246251563e-16,
44415,1.1102230246251563e-16,
44416,0.0,
44417,0.0,
44418,0.0,
44419,0.0,
44420,0.0,
44421,0.0,
44423,0.0,
44424,0.0,
44425,0.0,
44426,0.0,
44427,1.1102230246251563e-16,
44428,1.1102230246251563e-16,
44429,0.0,
44430,1.1102230246251563e-16,
44431,1.1102230246251563e-16,
44432,1.1102230246251563e-16,
44438,1.1102230246251563e-16,
44439,0.0,
44440,0.0,
44441,0.0,
44442,1.1102230246251563e-16,
44443,1.1102230246251563e-16,
44444,0.0,
44445,0.0,
44446,1.1102230246251563e-16,
44447,8.000000000008e-06,
44448,1.1102230246251563e-16,
44449,0.0,
44450,0.0,
44451,0.0,
44452,0.0,
44453,0.0,
44454,0.0,
44455,0.0,
44456,1.1102230246251563e-16,
44457,0.0,
44458,1.1102230246251563e-16,
44459,1.1102230246251563e-16,
44460,1.1102230246251563e-16,
44461,1.1102230246251563e-16,
44462,0.0,
44463,6.000000000061512e-06,
44464,1.3000000000040757e-05,
44465,0.0,
44466,1.3000000000040757e-05,
44467,1.4999999999987246e-05,
44483,2.033928581113287e-13,
44484,2.033928581113287e-13,
44485,2.033928581113287e-13,
44486,2.033928581113287e-13,
44487,2.033928581113287e-13,
44488,2.6867397195928793e-13,
44489,2.440270208126094e-13,
44490,2.44804176929847e-13,
44491,3.831379657981415e-13,
44492,1.8429702208777602e-14,
44493,1.4099832412739488e-13,
44494,2.928768338961163e-13,
44495,3.018696403955801e-13,
44497,9.547918011776346e-14,
44498,3.33288951992472e-13,
44499,3.33288951992472e-13,
44500,3.33288951992472e-13,
44501,3.33288951992472e-13,
44502,3.33288951992472e-13,
44538,1.1102230246251563e-16,
44539,1.1102230246251563e-16,
44540,0.0,
44541,1.1102230246251563e-16,
44542,0.0,
44568,4.1189274213593314e-14,
44569,3.526068326209497e-13,
44570,1.8329782136561334e-13,
44571,3.40394379350073e-13,
44572,8.881784197001252e-15,
